file	diff between sums across all n-grams	% suicide 1-grams	% suicide 2-grams	% suicide 3-grams	% suicide 4-grams	% suicide 5-grams	% suicide 6-grams	% non-suicide 1-grams	% non-suicide 2-grams	% non-suicide 3-grams	% non-suicide 4-grams	% non-suicide 5-grams	% non-suicide 6-grams	diff for 1-gram %s	diff for 2-gram %s	diff for 3-gram %s	diff for 4-gram %s	diff for 5-gram %s	diff for 6-gram %s	average for all suicide n-gram %s	average for all non-suicide n-gram %s	diff between n-gram % averages	
bob_dylan.txt.tkzd.txt.POStagged.txt.lem.73.txt	-0.0680069378745	0.0357142857143	0.00714285714286	0.0	0.0	0.0	0.0	0.0833333333333	0.0142857142857	0.0132450331126	0.0	0.0	0.0	-0.047619047619	-0.00714285714286	-0.0132450331126	0.0	0.0	0.0	0.00714285714286	0.0184773467886	-0.0113344896457	
trent_reznor.txt.tkzd.txt.POStagged.txt.lem.7.txt	-0.0131934387375	0.041095890411	0.0423728813559	0.015037593985	0.0	0.0	0.0	0.027397260274	0.0338983050847	0.0300751879699	0.0137931034483	0.00653594771242	0.0	0.013698630137	0.00847457627119	-0.015037593985	-0.0137931034483	-0.00653594771242	0.0	0.0164177276253	0.0186166340816	-0.00219890645625	
fiona_apple.txt.tkzd.txt.POStagged.txt.lem.10.txt	-0.0238107645351	0.0190476190476	0.0247524752475	0.00438596491228	0.00413223140496	0.0	0.0	0.0285714285714	0.0346534653465	0.00877192982456	0.00413223140496	0.0	0.0	-0.00952380952381	-0.00990099009901	-0.00438596491228	0.0	0.0	0.0	0.00871971510206	0.0126881758579	-0.00396846075585	
trent_reznor.txt.tkzd.txt.POStagged.txt.lem.21.txt	0.00885682191307	0.0617283950617	0.0352112676056	0.0	0.0	0.0	0.0	0.0617283950617	0.0140845070423	0.0122699386503	0.0	0.0	0.0	0.0	0.0211267605634	-0.0122699386503	0.0	0.0	0.0	0.0161566104446	0.014680473459	0.00147613698551	
bob_dylan.txt.tkzd.txt.POStagged.txt.lem.49.txt	-0.0963821501456	0.0116279069767	0.0132450331126	0.00602409638554	0.0	0.0	0.0	0.0581395348837	0.0397350993377	0.0180722891566	0.00571428571429	0.00561797752809	0.0	-0.046511627907	-0.0264900662252	-0.0120481927711	-0.00571428571429	-0.00561797752809	0.0	0.00514950607914	0.0212131977701	-0.0160636916909	
fiona_apple.txt.tkzd.txt.POStagged.txt.lem.3.txt	0.00719750095627	0.0241935483871	0.0130434782609	0.0	0.0	0.0	0.0	0.0	0.0260869565217	0.00395256916996	0.0	0.0	0.0	0.0241935483871	-0.0130434782609	-0.00395256916996	0.0	0.0	0.0	0.00620617110799	0.00500658761528	0.00119958349271	
bob_dylan.txt.tkzd.txt.POStagged.txt.lem.103.txt	0.0383165300217	0.0316455696203	0.0336391437309	0.00542005420054	0.0	0.0	0.0	0.00632911392405	0.0152905198777	0.00813008130081	0.00263852242744	0.0	0.0	0.0253164556962	0.0183486238532	-0.00271002710027	-0.00263852242744	0.0	0.0	0.0117841279253	0.00539803958833	0.00638608833695	
fiona_apple.txt.tkzd.txt.POStagged.txt.lem.4.txt	-0.0614096534671	0.0423728813559	0.0138888888889	0.00420168067227	0.0	0.0	0.0	0.0423728813559	0.0462962962963	0.0210084033613	0.00816326530612	0.00403225806452	0.0	0.0	-0.0324074074074	-0.0168067226891	-0.00816326530612	-0.00403225806452	0.0	0.0100772418195	0.020312184064	-0.0102349422445	
bob_dylan.txt.tkzd.txt.POStagged.txt.lem.75.txt	-0.0667604124816	0.0298507462687	0.0175438596491	0.00763358778626	0.0	0.0	0.0	0.0298507462687	0.0614035087719	0.030534351145	0.0	0.0	0.0	0.0	-0.0438596491228	-0.0229007633588	0.0	0.0	0.0	0.00917136561734	0.0202981010309	-0.0111267354136	
bob_dylan.txt.tkzd.txt.POStagged.txt.lem.100.txt	0.0060745928166	0.037037037037	0.0245901639344	0.00728155339806	0.0	0.0	0.0	0.037037037037	0.0136612021858	0.0121359223301	0.0	0.0	0.0	0.0	0.0109289617486	-0.00485436893204	0.0	0.0	0.0	0.0114847923949	0.0104723602588	0.0010124321361	
trent_reznor.txt.tkzd.txt.POStagged.txt.lem.31.txt	0.0666666666667	0.0666666666667	0.0	0.0	0.0	0.0	0.0	0.0	0.0	0.0	0.0	0.0	0.0	0.0666666666667	0.0	0.0	0.0	0.0	0.0	0.0111111111111	0.0	0.0111111111111	
trent_reznor.txt.tkzd.txt.POStagged.txt.lem.39.txt	0.0337155337155	0.0555555555556	0.00757575757576	0.0135135135135	0.0	0.0	0.0	0.0277777777778	0.0151515151515	0.0	0.0	0.0	0.0	0.0277777777778	-0.00757575757576	0.0135135135135	0.0	0.0	0.0	0.0127741377741	0.00715488215488	0.00561925561926	
fiona_apple.txt.tkzd.txt.POStagged.txt.lem.14.txt	0.0044733044733	0.047619047619	0.00909090909091	0.00854700854701	0.0	0.0	0.0	0.015873015873	0.0363636363636	0.00854700854701	0.0	0.0	0.0	0.031746031746	-0.0272727272727	0.0	0.0	0.0	0.0	0.0108761608762	0.0101306101306	0.000745550745551	
bob_dylan.txt.tkzd.txt.POStagged.txt.lem.58.txt	0.00195418419822	0.054347826087	0.00666666666667	0.0	0.0	0.0	0.0	0.0326086956522	0.02	0.00645161290323	0.0	0.0	0.0	0.0217391304348	-0.0133333333333	-0.00645161290323	0.0	0.0	0.0	0.0101690821256	0.00984338475923	0.000325697366371	
bob_dylan.txt.tkzd.txt.POStagged.txt.lem.7.txt	-0.0788621956737	0.0248962655602	0.0126353790614	0.00151745068285	0.0	0.0	0.0	0.0622406639004	0.028880866426	0.0166919575114	0.00725689404935	0.00284090909091	0.0	-0.0373443983402	-0.0162454873646	-0.0151745068285	-0.00725689404935	-0.00284090909091	0.0	0.00650818255073	0.0196518818297	-0.0131436992789	
fiona_apple.txt.tkzd.txt.POStagged.txt.lem.1.txt	-0.00355871886121	0.0272108843537	0.0106761565836	0.00949367088608	0.0	0.0	0.0	0.0272108843537	0.0142348754448	0.00949367088608	0.0	0.0	0.0	0.0	-0.00355871886121	0.0	0.0	0.0	0.0	0.00789678530391	0.00848990511411	-0.000593119810202	
mike_ness.txt.tkzd.txt.POStagged.txt.lem.30.txt	-0.0491905248807	0.0333333333333	0.0208333333333	0.0	0.0	0.0	0.0	0.0555555555556	0.0416666666667	0.00613496932515	0.0	0.0	0.0	-0.0222222222222	-0.0208333333333	-0.00613496932515	0.0	0.0	0.0	0.00902777777778	0.0172261985912	-0.00819842081345	
bob_dylan.txt.tkzd.txt.POStagged.txt.lem.1.txt	-0.0416954652633	0.0547945205479	0.0	0.0	0.0	0.0	0.0	0.041095890411	0.0340136054422	0.0163043478261	0.00507614213198	0.0	0.0	0.013698630137	-0.0340136054422	-0.0163043478261	-0.00507614213198	0.0	0.0	0.00913242009132	0.0160816643019	-0.00694924421054	
bob_dylan.txt.tkzd.txt.POStagged.txt.lem.94.txt	-0.00850515179291	0.027027027027	0.00869565217391	0.0161290322581	0.0	0.0	0.0	0.027027027027	0.0173913043478	0.00806451612903	0.00787401574803	0.0	0.0	0.0	-0.00869565217391	0.00806451612903	-0.00787401574803	0.0	0.0	0.00864195190983	0.0100594772087	-0.00141752529882	
fiona_apple.txt.tkzd.txt.POStagged.txt.lem.15.txt	-0.0550957921554	0.0480769230769	0.00492610837438	0.0	0.0	0.0	0.0	0.0480769230769	0.0295566502463	0.0220264317181	0.0084388185654	0.0	0.0	0.0	-0.0246305418719	-0.0220264317181	-0.0084388185654	0.0	0.0	0.00883383857522	0.0180164706011	-0.0091826320259	
bob_dylan.txt.tkzd.txt.POStagged.txt.lem.2.txt	-0.0335831381733	0.0111111111111	0.025641025641	0.00571428571429	0.00546448087432	0.0	0.0	0.0444444444444	0.025641025641	0.0114285714286	0.0	0.0	0.0	-0.0333333333333	0.0	-0.00571428571429	0.00546448087432	0.0	0.0	0.00798848389012	0.0135856735857	-0.00559718969555	
mike_ness.txt.tkzd.txt.POStagged.txt.lem.35.txt	-0.0117647058824	0.0235294117647	0.030534351145	0.00684931506849	0.0	0.0	0.0	0.0352941176471	0.030534351145	0.00684931506849	0.0	0.0	0.0	-0.0117647058824	0.0	0.0	0.0	0.0	0.0	0.010152179663	0.0121129639768	-0.00196078431373	
bob_dylan.txt.tkzd.txt.POStagged.txt.lem.79.txt	-0.0396509614047	0.0618556701031	0.00621118012422	0.00549450549451	0.0	0.0	0.0	0.0515463917526	0.0186335403727	0.021978021978	0.015873015873	0.00518134715026	0.0	0.0103092783505	-0.0124223602484	-0.0164835164835	-0.015873015873	-0.00518134715026	0.0	0.0122602259536	0.0188687195211	-0.00660849356745	
trent_reznor.txt.tkzd.txt.POStagged.txt.lem.23.txt	-0.00519702804684	0.0272727272727	0.00975609756098	0.00877192982456	0.0	0.0	0.0	0.0363636363636	0.0146341463415	0.0	0.0	0.0	0.0	-0.00909090909091	-0.00487804878049	0.00877192982456	0.0	0.0	0.0	0.00763345910971	0.00849963045085	-0.000866171341139	
bob_marley.txt.tkzd.txt.POStagged.txt.lem.32.txt	0.00869914064428	0.0208333333333	0.0382775119617	0.0078431372549	0.00354609929078	0.0	0.0	0.0208333333333	0.0191387559809	0.0117647058824	0.00354609929078	0.00333333333333	0.0031847133758	0.0	0.0191387559809	-0.00392156862745	0.0	-0.00333333333333	-0.0031847133758	0.0117500136401	0.0103001568661	0.00144985677405	
fiona_apple.txt.tkzd.txt.POStagged.txt.lem.2.txt	-0.104155788197	0.0192307692308	0.00966183574879	0.0	0.0	0.0	0.0	0.0576923076923	0.0386473429952	0.0248962655602	0.00793650793651	0.00387596899225	0.0	-0.0384615384615	-0.0289855072464	-0.0248962655602	-0.00793650793651	-0.00387596899225	0.0	0.00481543416326	0.0221747321961	-0.0173592980328	
bob_dylan.txt.tkzd.txt.POStagged.txt.lem.12.txt	-0.0280853026755	0.012987012987	0.0	0.0	0.00546448087432	0.0	0.0	0.038961038961	0.00757575757576	0.0	0.0	0.0	0.0	-0.025974025974	-0.00757575757576	0.0	0.00546448087432	0.0	0.0	0.00307524897689	0.00775613275613	-0.00468088377924	
trent_reznor.txt.tkzd.txt.POStagged.txt.lem.1.txt	-0.00777393889972	0.0549450549451	0.00636942675159	0.0	0.0	0.0	0.0	0.043956043956	0.0191082802548	0.00602409638554	0.0	0.0	0.0	0.010989010989	-0.0127388535032	-0.00602409638554	0.0	0.0	0.0	0.0102190802828	0.0115147367661	-0.00129565648329	
bob_dylan.txt.tkzd.txt.POStagged.txt.lem.114.txt	-0.000205747339574	0.046511627907	0.0167364016736	0.00754716981132	0.003663003663	0.0	0.0	0.0387596899225	0.0209205020921	0.011320754717	0.003663003663	0.0	0.0	0.0077519379845	-0.00418410041841	-0.00377358490566	0.0	0.0	0.0	0.0124097005092	0.0124439917324	-3.42912232624e-05	
bob_marley.txt.tkzd.txt.POStagged.txt.lem.19.txt	-0.0693911212353	0.0135135135135	0.0	0.0	0.0	0.0	0.0	0.0405405405405	0.0232558139535	0.0191082802548	0.0	0.0	0.0	-0.027027027027	-0.0232558139535	-0.0191082802548	0.0	0.0	0.0	0.00225225225225	0.0138174391248	-0.0115651868725	
bob_dylan.txt.tkzd.txt.POStagged.txt.lem.59.txt	-0.0148515101625	0.0212765957447	0.00645161290323	0.0	0.0	0.0	0.0	0.0106382978723	0.0258064516129	0.00613496932515	0.0	0.0	0.0	0.0106382978723	-0.0193548387097	-0.00613496932515	0.0	0.0	0.0	0.00462136810798	0.00709661980173	-0.00247525169375	
trent_reznor.txt.tkzd.txt.POStagged.txt.lem.32.txt	-0.015503875969	0.0294117647059	0.00862068965517	0.0	0.0	0.0	0.0	0.0294117647059	0.00862068965517	0.015503875969	0.0	0.0	0.0	0.0	0.0	-0.015503875969	0.0	0.0	0.0	0.00633874239351	0.00892272172167	-0.00258397932817	
trent_reznor.txt.tkzd.txt.POStagged.txt.lem.6.txt	0.00632911392405	0.043956043956	0.0189873417722	0.00574712643678	0.0	0.0	0.0	0.043956043956	0.0126582278481	0.00574712643678	0.0	0.0	0.0	0.0	0.00632911392405	0.0	0.0	0.0	0.0	0.0114484186942	0.0103935663735	0.00105485232068	
mike_ness.txt.tkzd.txt.POStagged.txt.lem.2.txt	-0.0398928754861	0.0254237288136	0.00952380952381	0.004329004329	0.0	0.0	0.0	0.0423728813559	0.0238095238095	0.012987012987	0.0	0.0	0.0	-0.0169491525424	-0.0142857142857	-0.00865800865801	0.0	0.0	0.0	0.0065460904444	0.0131949030254	-0.00664881258102	
bob_marley.txt.tkzd.txt.POStagged.txt.lem.27.txt	-0.0502008157706	0.0272727272727	0.00909090909091	0.0	0.0	0.0	0.0	0.0363636363636	0.0318181818182	0.0149812734082	0.00340136054422	0.0	0.0	-0.00909090909091	-0.0227272727273	-0.0149812734082	-0.00340136054422	0.0	0.0	0.00606060606061	0.014427408689	-0.00836680262844	
bob_dylan.txt.tkzd.txt.POStagged.txt.lem.112.txt	-0.0322580645161	0.0161290322581	0.00952380952381	0.0	0.0	0.0	0.0	0.0483870967742	0.00952380952381	0.0	0.0	0.0	0.0	-0.0322580645161	0.0	0.0	0.0	0.0	0.0	0.00427547363031	0.00965181771633	-0.00537634408602	
bob_marley.txt.tkzd.txt.POStagged.txt.lem.14.txt	-0.0532790068885	0.0208333333333	0.020202020202	0.00719424460432	0.0	0.0	0.0	0.0208333333333	0.040404040404	0.0287769784173	0.0114942528736	0.0	0.0	0.0	-0.020202020202	-0.0215827338129	-0.0114942528736	0.0	0.0	0.00803826635661	0.016918100838	-0.00887983448142	
bob_dylan.txt.tkzd.txt.POStagged.txt.lem.32.txt	-0.0289566596769	0.0469208211144	0.0124843945069	0.00208986415883	0.0	0.0	0.0	0.0557184750733	0.0274656679151	0.00626959247649	0.000998003992016	0.0	0.0	-0.00879765395894	-0.0149812734082	-0.00417972831766	-0.000998003992016	0.0	0.0	0.0102491799633	0.0150752899095	-0.00482610994614	
bob_marley.txt.tkzd.txt.POStagged.txt.lem.26.txt	-0.00769230769231	0.0	0.0265486725664	0.0	0.0	0.0	0.0	0.0	0.0265486725664	0.00769230769231	0.0	0.0	0.0	0.0	0.0	-0.00769230769231	0.0	0.0	0.0	0.00442477876106	0.00570683004311	-0.00128205128205	
bob_marley.txt.tkzd.txt.POStagged.txt.lem.40.txt	-0.0561858312212	0.025974025974	0.0110497237569	0.00444444444444	0.0	0.0	0.0	0.0519480519481	0.0220994475138	0.0133333333333	0.0	0.00358422939068	0.0066889632107	-0.025974025974	-0.0110497237569	-0.00888888888889	0.0	-0.00358422939068	-0.0066889632107	0.0069113656959	0.0162756708994	-0.00936430520353	
mike_ness.txt.tkzd.txt.POStagged.txt.lem.16.txt	-0.0506265631193	0.0394736842105	0.015873015873	0.0	0.0	0.0	0.0	0.0131578947368	0.031746031746	0.0281690140845	0.0264900662252	0.00641025641026	0.0	0.0263157894737	-0.015873015873	-0.0281690140845	-0.0264900662252	-0.00641025641026	0.0	0.00922445001392	0.0176622105338	-0.00843776051988	
bob_marley.txt.tkzd.txt.POStagged.txt.lem.13.txt	-0.0578643897746	0.0212765957447	0.0325581395349	0.00958466453674	0.0	0.0	0.0	0.063829787234	0.0325581395349	0.0223642172524	0.00253164556962	0.0	0.0	-0.0425531914894	0.0	-0.0127795527157	-0.00253164556962	0.0	0.0	0.0105698999694	0.0202139649318	-0.00964406496244	
fiona_apple.txt.tkzd.txt.POStagged.txt.lem.32.txt	-0.0197511307237	0.020202020202	0.0251256281407	0.00904977375566	0.00442477876106	0.0	0.0	0.030303030303	0.0301507537688	0.0180995475113	0.0	0.0	0.0	-0.010101010101	-0.00502512562814	-0.00904977375566	0.00442477876106	0.0	0.0	0.00980036680991	0.0130922219305	-0.00329185512062	
mike_ness.txt.tkzd.txt.POStagged.txt.lem.13.txt	-0.0466819505281	0.012987012987	0.0208333333333	0.0118343195266	0.0	0.0	0.0	0.025974025974	0.0486111111111	0.0177514792899	0.0	0.0	0.0	-0.012987012987	-0.0277777777778	-0.00591715976331	0.0	0.0	0.0	0.0076091109745	0.0153894360625	-0.00778032508802	
bob_dylan.txt.tkzd.txt.POStagged.txt.lem.60.txt	-0.0262521791641	0.0442477876106	0.00941619585687	0.0032310177706	0.0	0.0	0.0	0.0530973451327	0.0188323917137	0.00969305331179	0.0015243902439	0.0	0.0	-0.00884955752212	-0.00941619585687	-0.0064620355412	-0.0015243902439	0.0	0.0	0.00948250020635	0.0138578634004	-0.00437536319402	
bob_dylan.txt.tkzd.txt.POStagged.txt.lem.84.txt	-0.0709526810318	0.0281690140845	0.0277777777778	0.0	0.0	0.0	0.0	0.056338028169	0.0277777777778	0.0263157894737	0.00840336134454	0.00806451612903	0.0	-0.0281690140845	0.0	-0.0263157894737	-0.00840336134454	-0.00806451612903	0.0	0.00932446531038	0.021149912149	-0.0118254468386	
bob_dylan.txt.tkzd.txt.POStagged.txt.lem.13.txt	-0.0811042656809	0.04	0.00724637681159	0.00657894736842	0.0	0.0	0.0	0.0266666666667	0.036231884058	0.0592105263158	0.0128205128205	0.0	0.0	0.0133333333333	-0.0289855072464	-0.0526315789474	-0.0128205128205	0.0	0.0	0.00897088736334	0.0224882649768	-0.0135173776135	
bob_dylan.txt.tkzd.txt.POStagged.txt.lem.3.txt	0.00237807188345	0.0761904761905	0.0167597765363	0.0	0.0	0.0	0.0	0.0380952380952	0.0223463687151	0.0252525252525	0.00487804878049	0.0	0.0	0.0380952380952	-0.00558659217877	-0.0252525252525	-0.00487804878049	0.0	0.0	0.0154917087878	0.0150953634739	0.000396345313909	
bob_dylan.txt.tkzd.txt.POStagged.txt.lem.121.txt	0.00315457413249	0.0592592592593	0.0118577075099	0.0	0.00315457413249	0.0	0.0	0.0592592592593	0.0118577075099	0.0	0.0	0.0	0.0	0.0	0.0	0.0	0.00315457413249	0.0	0.0	0.0123785901503	0.0118528277949	0.000525762355415	
bob_dylan.txt.tkzd.txt.POStagged.txt.lem.68.txt	-0.0643471024849	0.0116279069767	0.0	0.0	0.0	0.0	0.0	0.0116279069767	0.0268456375839	0.0188679245283	0.0186335403727	0.0	0.0	0.0	-0.0268456375839	-0.0188679245283	-0.0186335403727	0.0	0.0	0.00193798449612	0.0126625015769	-0.0107245170808	
bob_dylan.txt.tkzd.txt.POStagged.txt.lem.39.txt	-0.0163162373908	0.0333333333333	0.0155440414508	0.0	0.0	0.0	0.0	0.05	0.0103626943005	0.0048309178744	0.0	0.0	0.0	-0.0166666666667	0.00518134715026	-0.0048309178744	0.0	0.0	0.0	0.00814622913069	0.0108656020292	-0.00271937289847	
bob_dylan.txt.tkzd.txt.POStagged.txt.lem.67.txt	-0.102862464565	0.0185185185185	0.0	0.0	0.0	0.0	0.0	0.0555555555556	0.0238095238095	0.031914893617	0.010101010101	0.0	0.0	-0.037037037037	-0.0238095238095	-0.031914893617	-0.010101010101	0.0	0.0	0.00308641975309	0.0202301638472	-0.0171437440941	
fiona_apple.txt.tkzd.txt.POStagged.txt.lem.5.txt	-0.0121057513915	0.0227272727273	0.0204081632653	0.0	0.00606060606061	0.0	0.0	0.0340909090909	0.0272108843537	0.0	0.0	0.0	0.0	-0.0113636363636	-0.00680272108844	0.0	0.00606060606061	0.0	0.0	0.0081993403422	0.0102169655741	-0.00201762523191	
bob_dylan.txt.tkzd.txt.POStagged.txt.lem.111.txt	-0.0461537719397	0.00819672131148	0.00725952813067	0.00153609831029	0.0	0.0	0.0	0.0327868852459	0.0181488203267	0.010752688172	0.00145772594752	0.0	0.0	-0.0245901639344	-0.010889292196	-0.00921658986175	-0.00145772594752	0.0	0.0	0.00283205795874	0.010524353282	-0.00769229532328	
mike_ness.txt.tkzd.txt.POStagged.txt.lem.5.txt	-0.0517766051538	0.0117647058824	0.0186335403727	0.0	0.0	0.0	0.0	0.0588235294118	0.0124223602484	0.0109289617486	0.0	0.0	0.0	-0.0470588235294	0.00621118012422	-0.0109289617486	0.0	0.0	0.0	0.00506637437584	0.0136958085681	-0.0086294341923	
fiona_apple.txt.tkzd.txt.POStagged.txt.lem.27.txt	-0.0821684164692	0.0434782608696	0.00854700854701	0.0	0.0	0.0	0.0	0.0521739130435	0.0299145299145	0.0216606498195	0.0204778156997	0.00996677740864	0.0	-0.00869565217391	-0.0213675213675	-0.0216606498195	-0.0204778156997	-0.00996677740864	0.0	0.0086708782361	0.0223656143143	-0.0136947360782	
bob_marley.txt.tkzd.txt.POStagged.txt.lem.5.txt	-0.116735953677	0.0	0.0232558139535	0.0	0.0	0.0	0.0	0.0238095238095	0.0232558139535	0.0505050505051	0.018018018018	0.00840336134454	0.016	-0.0238095238095	0.0	-0.0505050505051	-0.018018018018	-0.00840336134454	-0.016	0.00387596899225	0.0233319612718	-0.0194559922795	
trent_reznor.txt.tkzd.txt.POStagged.txt.lem.11.txt	-0.0114369501466	0.0348837209302	0.0181818181818	0.0111731843575	0.0	0.0	0.0	0.0348837209302	0.0242424242424	0.0111731843575	0.00537634408602	0.0	0.0	0.0	-0.00606060606061	0.0	-0.00537634408602	0.0	0.0	0.0107064539116	0.0126126122694	-0.00190615835777	
fiona_apple.txt.tkzd.txt.POStagged.txt.lem.30.txt	-0.0311669846971	0.0243902439024	0.0132450331126	0.0	0.0	0.0	0.0	0.0243902439024	0.0331125827815	0.0112994350282	0.0	0.0	0.0	0.0	-0.0198675496689	-0.0112994350282	0.0	0.0	0.0	0.00627254616917	0.0114670436187	-0.00519449744952	
trent_reznor.txt.tkzd.txt.POStagged.txt.lem.4.txt	0.0196818349982	0.0352941176471	0.0440251572327	0.0174418604651	0.0	0.0	0.0	0.0470588235294	0.0125786163522	0.0174418604651	0.0	0.0	0.0	-0.0117647058824	0.0314465408805	0.0	0.0	0.0	0.0	0.0161268558908	0.0128465500578	0.00328030583303	
trent_reznor.txt.tkzd.txt.POStagged.txt.lem.17.txt	0.0170878870674	0.041095890411	0.0245901639344	0.00694444444444	0.0	0.0	0.0	0.041095890411	0.00819672131148	0.0	0.00625	0.0	0.0	0.0	0.016393442623	0.00694444444444	-0.00625	0.0	0.0	0.0121050831316	0.00925710195374	0.0028479811779	
bob_marley.txt.tkzd.txt.POStagged.txt.lem.9.txt	-0.130801027115	0.010101010101	0.00995024875622	0.00401606425703	0.0	0.0	0.0	0.0606060606061	0.0547263681592	0.0321285140562	0.00740740740741	0.0	0.0	-0.0505050505051	-0.044776119403	-0.0281124497992	-0.00740740740741	0.0	0.0	0.00401122051904	0.0258113917048	-0.0218001711858	
bob_dylan.txt.tkzd.txt.POStagged.txt.lem.28.txt	-0.0289327671443	0.0366972477064	0.0181818181818	0.00401606425703	0.0	0.0	0.0	0.0275229357798	0.0363636363636	0.0200803212851	0.003861003861	0.0	0.0	0.00917431192661	-0.0181818181818	-0.0160642570281	-0.003861003861	0.0	0.0	0.00981585502421	0.0146379828816	-0.00482212785739	
trent_reznor.txt.tkzd.txt.POStagged.txt.lem.9.txt	-0.0463590975813	0.0442477876106	0.017316017316	0.0	0.0	0.0	0.0	0.070796460177	0.025974025974	0.0111524163569	0.0	0.0	0.0	-0.0265486725664	-0.00865800865801	-0.0111524163569	0.0	0.0	0.0	0.0102606341544	0.017987150418	-0.00772651626354	
bob_dylan.txt.tkzd.txt.POStagged.txt.lem.43.txt	0.0313507966824	0.0747126436782	0.01261829653	0.0028901734104	0.0	0.0	0.0	0.0287356321839	0.0157728706625	0.0115606936416	0.00280112044818	0.0	0.0	0.0459770114943	-0.00315457413249	-0.00867052023121	-0.00280112044818	0.0	0.0	0.0150368522698	0.00981171948936	0.00522513278039	
bob_dylan.txt.tkzd.txt.POStagged.txt.lem.91.txt	0.00786573375406	0.036036036036	0.0108695652174	0.0	0.0	0.0	0.0	0.018018018018	0.0108695652174	0.010152284264	0.0	0.0	0.0	0.018018018018	0.0	-0.010152284264	0.0	0.0	0.0	0.0078176002089	0.00650664458323	0.00131095562568	
bob_marley.txt.tkzd.txt.POStagged.txt.lem.7.txt	-0.00520833333333	0.0117647058824	0.0122699386503	0.00520833333333	0.0	0.0	0.0	0.0117647058824	0.0122699386503	0.0104166666667	0.0	0.0	0.0	0.0	0.0	-0.00520833333333	0.0	0.0	0.0	0.00487382964433	0.00574188519989	-0.000868055555556	
bob_marley.txt.tkzd.txt.POStagged.txt.lem.15.txt	-0.0619221568014	0.0112359550562	0.00995024875622	0.00760456273764	0.00322580645161	0.0	0.0	0.0561797752809	0.0199004975124	0.0114068441065	0.00645161290323	0.0	0.0	-0.0449438202247	-0.00995024875622	-0.00380228136882	-0.00322580645161	0.0	0.0	0.00533609550028	0.0156564549672	-0.0103203594669	
trent_reznor.txt.tkzd.txt.POStagged.txt.lem.18.txt	0.0318073175216	0.0	0.0408163265306	0.00900900900901	0.0	0.0	0.0	0.0	0.0	0.018018018018	0.0	0.0	0.0	0.0	0.0408163265306	-0.00900900900901	0.0	0.0	0.0	0.00830422258994	0.003003003003	0.00530121958693	
trent_reznor.txt.tkzd.txt.POStagged.txt.lem.35.txt	0.00950935878428	0.0131578947368	0.0234375	0.00704225352113	0.0	0.0	0.0	0.0263157894737	0.0078125	0.0	0.0	0.0	0.0	-0.0131578947368	0.015625	0.00704225352113	0.0	0.0	0.0	0.00727294137633	0.00568804824561	0.00158489313071	
bob_marley.txt.tkzd.txt.POStagged.txt.lem.38.txt	-0.0245747565635	0.0131578947368	0.0215827338129	0.0119047619048	0.0	0.0	0.0	0.0263157894737	0.0215827338129	0.0178571428571	0.00546448087432	0.0	0.0	-0.0131578947368	0.0	-0.00595238095238	-0.00546448087432	0.0	0.0	0.00777423174243	0.011870024503	-0.00409579276059	
bob_dylan.txt.tkzd.txt.POStagged.txt.lem.15.txt	-0.0290185700598	0.00990099009901	0.0138248847926	0.003861003861	0.0	0.0	0.0	0.029702970297	0.0230414746544	0.003861003861	0.0	0.0	0.0	-0.019801980198	-0.00921658986175	0.0	0.0	0.0	0.0	0.00459781312544	0.00943424146874	-0.0048364283433	
mike_ness.txt.tkzd.txt.POStagged.txt.lem.3.txt	-0.0350957582818	0.0322580645161	0.00561797752809	0.00467289719626	0.00420168067227	0.0	0.0	0.010752688172	0.0393258426966	0.0233644859813	0.00840336134454	0.0	0.0	0.0215053763441	-0.0337078651685	-0.018691588785	-0.00420168067227	0.0	0.0	0.00779176998546	0.0136410630324	-0.00584929304696	
bob_dylan.txt.tkzd.txt.POStagged.txt.lem.37.txt	-0.00350974245498	0.0235294117647	0.0227272727273	0.0	0.0	0.0	0.0	0.0352941176471	0.00757575757576	0.00689655172414	0.0	0.0	0.0	-0.0117647058824	0.0151515151515	-0.00689655172414	0.0	0.0	0.0	0.00770944741533	0.00829440449116	-0.000584957075829	
mike_ness.txt.tkzd.txt.POStagged.txt.lem.15.txt	-0.0839516685759	0.0113636363636	0.0432098765432	0.00564971751412	0.0	0.0	0.0	0.0340909090909	0.0493827160494	0.0338983050847	0.0216216216216	0.00518134715026	0.0	-0.0227272727273	-0.00617283950617	-0.0282485875706	-0.0216216216216	-0.00518134715026	0.0	0.0100372050702	0.0240291498328	-0.0139919447627	
trent_reznor.txt.tkzd.txt.POStagged.txt.lem.5.txt	-0.0361509835194	0.0454545454545	0.0214285714286	0.0116959064327	0.0	0.0	0.0	0.0757575757576	0.0214285714286	0.0175438596491	0.0	0.0	0.0	-0.030303030303	0.0	-0.00584795321637	0.0	0.0	0.0	0.013096503886	0.0191216678059	-0.0060251639199	
bob_dylan.txt.tkzd.txt.POStagged.txt.lem.98.txt	0.0334925189451	0.0350877192982	0.00934579439252	0.00819672131148	0.0077519379845	0.0	0.0	0.0175438596491	0.00934579439252	0.0	0.0	0.0	0.0	0.0175438596491	0.0	0.00819672131148	0.0077519379845	0.0	0.0	0.0100636954978	0.00448160900694	0.00558208649085	
mike_ness.txt.tkzd.txt.POStagged.txt.lem.12.txt	-0.0233739885618	0.025641025641	0.00518134715026	0.0	0.0	0.0	0.0	0.034188034188	0.0155440414508	0.00446428571429	0.0	0.0	0.0	-0.00854700854701	-0.0103626943005	-0.00446428571429	0.0	0.0	0.0	0.00513706213188	0.00903272689218	-0.0038956647603	
bob_dylan.txt.tkzd.txt.POStagged.txt.lem.89.txt	-0.0432979273758	0.0119047619048	0.0131578947368	0.00302114803625	0.0	0.0	0.0	0.0238095238095	0.0296052631579	0.012084592145	0.00588235294118	0.0	0.0	-0.0119047619048	-0.0164473684211	-0.00906344410876	-0.00588235294118	0.0	0.0	0.00468063411298	0.0118969553423	-0.00721632122929	
fiona_apple.txt.tkzd.txt.POStagged.txt.lem.8.txt	-0.00487459787919	0.0446428571429	0.019512195122	0.0045871559633	0.00454545454545	0.0	0.0	0.0357142857143	0.019512195122	0.0229357798165	0.0	0.0	0.0	0.00892857142857	0.0	-0.0183486238532	0.00454545454545	0.0	0.0	0.0122146104623	0.0130270434421	-0.000812432979864	
fiona_apple.txt.tkzd.txt.POStagged.txt.lem.25.txt	-0.00444219985734	0.0689655172414	0.0306748466258	0.0	0.0	0.0	0.0	0.0344827586207	0.0306748466258	0.0335195530726	0.00540540540541	0.0	0.0	0.0344827586207	0.0	-0.0335195530726	-0.00540540540541	0.0	0.0	0.0166067273112	0.0173470939541	-0.00074036664289	
bob_marley.txt.tkzd.txt.POStagged.txt.lem.24.txt	-0.227924922433	0.0434782608696	0.0106382978723	0.0	0.0	0.0	0.0	0.0217391304348	0.0744680851064	0.0625	0.0506329113924	0.0437158469945	0.0289855072464	0.0217391304348	-0.063829787234	-0.0625	-0.0506329113924	-0.0437158469945	-0.0289855072464	0.00901942645698	0.0470069135291	-0.0379874870721	
bob_dylan.txt.tkzd.txt.POStagged.txt.lem.26.txt	-0.0552973696897	0.041825095057	0.00865051903114	0.00149031296572	0.0	0.0	0.0	0.0608365019011	0.0242214532872	0.016393442623	0.00436681222707	0.0014450867052	0.0	-0.0190114068441	-0.0155709342561	-0.0149031296572	-0.00436681222707	-0.0014450867052	0.0	0.00866098784232	0.0178772161239	-0.00921622828161	
bob_dylan.txt.tkzd.txt.POStagged.txt.lem.86.txt	-0.0518349574953	0.0377358490566	0.0	0.0	0.0	0.0	0.0	0.0566037735849	0.032967032967	0.0	0.0	0.0	0.0	-0.0188679245283	-0.032967032967	0.0	0.0	0.0	0.0	0.0062893081761	0.0149284677587	-0.00863915958256	
bob_dylan.txt.tkzd.txt.POStagged.txt.lem.53.txt	-0.0649654830216	0.0	0.0234899328859	0.0028328611898	0.0	0.0	0.0	0.0559440559441	0.0268456375839	0.00849858356941	0.0	0.0	0.0	-0.0559440559441	-0.00335570469799	-0.0056657223796	0.0	0.0	0.0	0.00438713234595	0.0152147128496	-0.0108275805036	
bob_dylan.txt.tkzd.txt.POStagged.txt.lem.25.txt	-0.0311939132335	0.0534759358289	0.0166666666667	0.0	0.0	0.0	0.0	0.0748663101604	0.0194444444444	0.00702576112412	0.0	0.0	0.0	-0.0213903743316	-0.00277777777778	-0.00702576112412	0.0	0.0	0.0	0.0116904337493	0.0168894192882	-0.00519898553891	
bob_dylan.txt.tkzd.txt.POStagged.txt.lem.19.txt	-0.0431508147025	0.00961538461538	0.0197044334975	0.0	0.0	0.0	0.0	0.0576923076923	0.0147783251232	0.0	0.0	0.0	0.0	-0.0480769230769	0.00492610837438	0.0	0.0	0.0	0.0	0.00488663635215	0.0120784388026	-0.00719180245042	
bob_marley.txt.tkzd.txt.POStagged.txt.lem.17.txt	-0.0558431457664	0.0116279069767	0.0148514851485	0.00724637681159	0.00626959247649	0.00287356321839	0.0	0.0581395348837	0.029702970297	0.0108695652174	0.0	0.0	0.0	-0.046511627907	-0.0148514851485	-0.0036231884058	0.00626959247649	0.00287356321839	0.0	0.00714482077196	0.016452011733	-0.00930719096107	
mike_ness.txt.tkzd.txt.POStagged.txt.lem.11.txt	0.00978439100167	0.0446428571429	0.0261780104712	0.00480769230769	0.0	0.0	0.0	0.0357142857143	0.0157068062827	0.0144230769231	0.0	0.0	0.0	0.00892857142857	0.0104712041885	-0.00961538461538	0.0	0.0	0.0	0.012604759987	0.0109740281533	0.00163073183361	
bob_dylan.txt.tkzd.txt.POStagged.txt.lem.11.txt	0.00769568887353	0.031914893617	0.0308641975309	0.0	0.0	0.0	0.0	0.0212765957447	0.0246913580247	0.0	0.0	0.0046511627907	0.00446428571429	0.0106382978723	0.00617283950617	0.0	0.0	-0.0046511627907	-0.00446428571429	0.010463181858	0.00918056704573	0.00128261481225	
bob_marley.txt.tkzd.txt.POStagged.txt.lem.30.txt	-0.0288508391525	0.0	0.0115606936416	0.00448430493274	0.00754716981132	0.0066889632107	0.00602409638554	0.0215053763441	0.0346820809249	0.00896860986547	0.0	0.0	0.0	-0.0215053763441	-0.0231213872832	-0.00448430493274	0.00754716981132	0.0066889632107	0.00602409638554	0.00605087133032	0.0108593445224	-0.00480847319208	
mike_ness.txt.tkzd.txt.POStagged.txt.lem.6.txt	-0.0642845669912	0.0120481927711	0.0211267605634	0.0062893081761	0.0	0.0	0.0	0.0240963855422	0.0422535211268	0.0314465408805	0.00595238095238	0.0	0.0	-0.0120481927711	-0.0211267605634	-0.0251572327044	-0.00595238095238	0.0	0.0	0.00657737691843	0.017291471417	-0.0107140944985	
bob_dylan.txt.tkzd.txt.POStagged.txt.lem.9.txt	-0.0275404905812	0.00680272108844	0.0285714285714	0.00828729281768	0.0	0.0	0.0	0.0408163265306	0.0222222222222	0.00552486187845	0.00263852242744	0.0	0.0	-0.0340136054422	0.00634920634921	0.00276243093923	-0.00263852242744	0.0	0.0	0.00727690707959	0.0118669888431	-0.00459008176353	
bob_dylan.txt.tkzd.txt.POStagged.txt.lem.35.txt	-0.105234215426	0.0222222222222	0.0121212121212	0.010582010582	0.00507614213198	0.0	0.0	0.0555555555556	0.0484848484848	0.021164021164	0.0152284263959	0.00990099009901	0.00490196078431	-0.0333333333333	-0.0363636363636	-0.010582010582	-0.010152284264	-0.00990099009901	-0.00490196078431	0.0083335978429	0.0258726337473	-0.0175390359044	
bob_dylan.txt.tkzd.txt.POStagged.txt.lem.22.txt	-0.087990494028	0.0238095238095	0.00793650793651	0.00355871886121	0.0	0.0	0.0	0.0793650793651	0.015873015873	0.017793594306	0.00689655172414	0.003367003367	0.0	-0.0555555555556	-0.00793650793651	-0.0142348754448	-0.00689655172414	-0.003367003367	0.0	0.00588412510121	0.0205492074392	-0.014665082338	
trent_reznor.txt.tkzd.txt.POStagged.txt.lem.12.txt	0.00877192982456	0.0140845070423	0.0175438596491	0.008	0.00769230769231	0.0	0.0	0.0140845070423	0.00877192982456	0.008	0.00769230769231	0.0	0.0	0.0	0.00877192982456	0.0	0.0	0.0	0.0	0.00788677906395	0.00642479075985	0.00146198830409	
bob_dylan.txt.tkzd.txt.POStagged.txt.lem.80.txt	-0.038699427006	0.046511627907	0.0	0.0	0.0	0.0	0.0	0.0581395348837	0.0140845070423	0.012987012987	0.0	0.0	0.0	-0.0116279069767	-0.0140845070423	-0.012987012987	0.0	0.0	0.0	0.0077519379845	0.0142018424855	-0.006449904501	
bob_marley.txt.tkzd.txt.POStagged.txt.lem.31.txt	-0.000612806923672	0.049504950495	0.0382775119617	0.00384615384615	0.0	0.0	0.0	0.029702970297	0.0334928229665	0.0192307692308	0.00675675675676	0.00305810397554	0.0	0.019801980198	0.00478468899522	-0.0153846153846	-0.00675675675676	-0.00305810397554	0.0	0.0152714360505	0.0153735705378	-0.000102134487279	
trent_reznor.txt.tkzd.txt.POStagged.txt.lem.40.txt	-0.00726784374136	0.0236220472441	0.0268199233716	0.00343642611684	0.003367003367	0.0	0.0	0.0236220472441	0.0306513409962	0.00687285223368	0.003367003367	0.0	0.0	0.0	-0.00383141762452	-0.00343642611684	0.0	0.0	0.0	0.0095409000166	0.0107522073068	-0.00121130729023	
bob_dylan.txt.tkzd.txt.POStagged.txt.lem.55.txt	-0.0176847838655	0.0426829268293	0.0103550295858	0.00393700787402	0.0	0.0	0.0	0.0487804878049	0.0207100591716	0.00262467191601	0.00254452926209	0.0	0.0	-0.00609756097561	-0.0103550295858	0.00131233595801	-0.00254452926209	0.0	0.0	0.00949582738151	0.0124432913591	-0.00294746397758	
bob_dylan.txt.tkzd.txt.POStagged.txt.lem.48.txt	-0.0453958841995	0.0286885245902	0.00851063829787	0.0	0.0	0.0	0.0	0.0655737704918	0.0170212765957	0.0	0.0	0.0	0.0	-0.0368852459016	-0.00851063829787	0.0	0.0	0.0	0.0	0.00619986048134	0.0137658411813	-0.00756598069992	
bob_dylan.txt.tkzd.txt.POStagged.txt.lem.85.txt	-0.0718283008425	0.00990099009901	0.00621118012422	0.0	0.0	0.0	0.0	0.0693069306931	0.0186335403727	0.0	0.0	0.0	0.0	-0.0594059405941	-0.0124223602484	0.0	0.0	0.0	0.0	0.00268536170387	0.0146567451776	-0.0119713834738	
bob_dylan.txt.tkzd.txt.POStagged.txt.lem.40.txt	-0.0443361881564	0.0112359550562	0.013986013986	0.0121212121212	0.0	0.0	0.0	0.0224719101124	0.034965034965	0.0242424242424	0.0	0.0	0.0	-0.0112359550562	-0.020979020979	-0.0121212121212	0.0	0.0	0.0	0.00622386352723	0.01361322822	-0.00738936469274	
bob_dylan.txt.tkzd.txt.POStagged.txt.lem.120.txt	-0.049035240354	0.0378787878788	0.0108303249097	0.0	0.0	0.0	0.0	0.0454545454545	0.0397111913357	0.0125786163522	0.0	0.0	0.0	-0.00757575757576	-0.028880866426	-0.0125786163522	0.0	0.0	0.0	0.00811818546476	0.0162907255237	-0.00817254005899	
bob_dylan.txt.tkzd.txt.POStagged.txt.lem.118.txt	-4.97755821789e-05	0.048128342246	0.008356545961	0.0	0.00244498777506	0.0	0.0	0.0320855614973	0.0194986072423	0.0049504950495	0.00244498777506	0.0	0.0	0.0160427807487	-0.0111420612813	-0.0049504950495	0.0	0.0	0.0	0.00982164599701	0.00982994192737	-8.29593036315e-06	
bob_marley.txt.tkzd.txt.POStagged.txt.lem.33.txt	-0.0480252525253	0.031746031746	0.024	0.0121212121212	0.0	0.0	0.0	0.015873015873	0.032	0.0424242424242	0.0208333333333	0.0047619047619	0.0	0.015873015873	-0.008	-0.030303030303	-0.0208333333333	-0.0047619047619	0.0	0.0113112073112	0.0193154160654	-0.00800420875421	
trent_reznor.txt.tkzd.txt.POStagged.txt.lem.19.txt	0.0406225156827	0.038961038961	0.0232558139535	0.00689655172414	0.0	0.0	0.0	0.012987012987	0.015503875969	0.0	0.0	0.0	0.0	0.025974025974	0.0077519379845	0.00689655172414	0.0	0.0	0.0	0.0115189007731	0.00474848149267	0.00677041928044	
bob_dylan.txt.tkzd.txt.POStagged.txt.lem.62.txt	-0.0184322908743	0.031914893617	0.0121951219512	0.0	0.0	0.0	0.0	0.0106382978723	0.0121951219512	0.0340909090909	0.00561797752809	0.0	0.0	0.0212765957447	0.0	-0.0340909090909	-0.00561797752809	0.0	0.0	0.00735166926137	0.0104237177404	-0.00307204847905	
mike_ness.txt.tkzd.txt.POStagged.txt.lem.7.txt	-0.0343100970958	0.0380952380952	0.020725388601	0.00896860986547	0.0	0.0	0.0	0.0380952380952	0.0466321243523	0.00896860986547	0.00840336134454	0.0	0.0	0.0	-0.0259067357513	0.0	-0.00840336134454	0.0	0.0	0.0112982060936	0.0170165556096	-0.00571834951597	
trent_reznor.txt.tkzd.txt.POStagged.txt.lem.14.txt	-0.0351553465423	0.0151515151515	0.00917431192661	0.0	0.0	0.0	0.0	0.0151515151515	0.0275229357798	0.0168067226891	0.0	0.0	0.0	0.0	-0.0183486238532	-0.0168067226891	0.0	0.0	0.0	0.00405430451302	0.00991352893673	-0.00585922442371	
bob_dylan.txt.tkzd.txt.POStagged.txt.lem.47.txt	-0.048426665777	0.0306748466258	0.00874635568513	0.00253164556962	0.0	0.0	0.0	0.0429447852761	0.0349854227405	0.00759493670886	0.00485436893204	0.0	0.0	-0.0122699386503	-0.0262390670554	-0.00506329113924	-0.00485436893204	0.0	0.0	0.00699214131342	0.0150632522762	-0.00807111096283	
bob_dylan.txt.tkzd.txt.POStagged.txt.lem.70.txt	-0.0975240975241	0.0	0.0151515151515	0.0	0.0	0.0	0.0	0.0540540540541	0.0454545454545	0.00675675675676	0.00641025641026	0.0	0.0	-0.0540540540541	-0.030303030303	-0.00675675675676	-0.00641025641026	0.0	0.0	0.00252525252525	0.0187792687793	-0.016254016254	
trent_reznor.txt.tkzd.txt.POStagged.txt.lem.41.txt	-0.0376578777384	0.03125	0.00552486187845	0.0	0.0	0.0	0.0	0.0208333333333	0.0386740331492	0.0149253731343	0.0	0.0	0.0	0.0104166666667	-0.0331491712707	-0.0149253731343	0.0	0.0	0.0	0.00612914364641	0.0124054566028	-0.0062763129564	
bob_dylan.txt.tkzd.txt.POStagged.txt.lem.64.txt	-0.0181704260652	0.0714285714286	0.00751879699248	0.0	0.0	0.0	0.0	0.0595238095238	0.0375939849624	0.0	0.0	0.0	0.0	0.0119047619048	-0.0300751879699	0.0	0.0	0.0	0.0	0.0131578947368	0.016186299081	-0.00302840434419	
bob_dylan.txt.tkzd.txt.POStagged.txt.lem.115.txt	-0.0189606875031	0.036231884058	0.00813008130081	0.00716845878136	0.00338983050847	0.0	0.0	0.0434782608696	0.0162601626016	0.010752688172	0.00338983050847	0.0	0.0	-0.00724637681159	-0.00813008130081	-0.00358422939068	0.0	0.0	0.0	0.00915337577477	0.0123134903586	-0.00316011458385	
trent_reznor.txt.tkzd.txt.POStagged.txt.lem.22.txt	-0.0373928059691	0.00980392156863	0.0294117647059	0.0	0.0	0.0	0.0	0.0392156862745	0.0245098039216	0.00873362445415	0.00414937759336	0.0	0.0	-0.0294117647059	0.00490196078431	-0.00873362445415	-0.00414937759336	0.0	0.0	0.00653594771242	0.0127680820406	-0.00623213432818	
mike_ness.txt.tkzd.txt.POStagged.txt.lem.21.txt	-0.0149253731343	0.0289855072464	0.0272727272727	0.0	0.0	0.0	0.0	0.0289855072464	0.0272727272727	0.0149253731343	0.0	0.0	0.0	0.0	0.0	-0.0149253731343	0.0	0.0	0.0	0.00937637241985	0.0118639346089	-0.00248756218905	
bob_dylan.txt.tkzd.txt.POStagged.txt.lem.17.txt	-0.0564449639153	0.0222222222222	0.0104821802935	0.00746268656716	0.00180505415162	0.0	0.0	0.0622222222222	0.0251572327044	0.00746268656716	0.00180505415162	0.00176991150442	0.0	-0.04	-0.0146750524109	0.0	0.0	-0.00176991150442	0.0	0.00699535720575	0.0164028511916	-0.00940749398589	
mike_ness.txt.tkzd.txt.POStagged.txt.lem.27.txt	0.0146054792153	0.0	0.0601503759398	0.0	0.0	0.0	0.0	0.0229885057471	0.0225563909774	0.0	0.0	0.0	0.0	-0.0229885057471	0.0375939849624	0.0	0.0	0.0	0.0	0.0100250626566	0.00759081612076	0.00243424653588	
fiona_apple.txt.tkzd.txt.POStagged.txt.lem.19.txt	0.0386008974763	0.0423728813559	0.030303030303	0.00369003690037	0.00342465753425	0.0	0.0	0.00847457627119	0.021645021645	0.0110701107011	0.0	0.0	0.0	0.0338983050847	0.00865800865801	-0.00738007380074	0.00342465753425	0.0	0.0	0.0132984343489	0.00686495143622	0.00643348291271	
bob_dylan.txt.tkzd.txt.POStagged.txt.lem.27.txt	-0.000785246811196	0.038961038961	0.00778210116732	0.00350877192982	0.0	0.0	0.0	0.012987012987	0.0311284046693	0.00350877192982	0.00341296928328	0.0	0.0	0.025974025974	-0.0233463035019	0.0	-0.00341296928328	0.0	0.0	0.00837531867636	0.0085061931449	-0.000130874468533	
bob_dylan.txt.tkzd.txt.POStagged.txt.lem.122.txt	-0.0516981023563	0.0271739130435	0.008356545961	0.00251256281407	0.0	0.0	0.0	0.0652173913043	0.0194986072423	0.00502512562814	0.0	0.0	0.0	-0.0380434782609	-0.0111420612813	-0.00251256281407	0.0	0.0	0.0	0.00634050363643	0.0149568540291	-0.00861635039271	
bob_dylan.txt.tkzd.txt.POStagged.txt.lem.117.txt	0.0327519379845	0.05	0.0232558139535	0.0	0.0	0.0	0.0	0.025	0.015503875969	0.0	0.0	0.0	0.0	0.025	0.0077519379845	0.0	0.0	0.0	0.0	0.0122093023256	0.00675064599483	0.00545865633075	
bob_dylan.txt.tkzd.txt.POStagged.txt.lem.8.txt	-0.0106026181976	0.0696202531646	0.0128205128205	0.0	0.0	0.0	0.0	0.0759493670886	0.017094017094	0.0	0.0	0.0	0.0	-0.00632911392405	-0.0042735042735	0.0	0.0	0.0	0.0	0.0137401276642	0.0155072306971	-0.00176710303293	
mike_ness.txt.tkzd.txt.POStagged.txt.lem.8.txt	-5.05526509557e-05	0.0229885057471	0.0120481927711	0.0	0.0049504950495	0.0	0.0	0.0114942528736	0.0180722891566	0.0104712041885	0.0	0.0	0.0	0.0114942528736	-0.00602409638554	-0.0104712041885	0.0049504950495	0.0	0.0	0.00666453226129	0.00667295770311	-8.42544182595e-06	
mike_ness.txt.tkzd.txt.POStagged.txt.lem.28.txt	0.0198730553735	0.0568181818182	0.00680272108844	0.0059880239521	0.0	0.0	0.0	0.0113636363636	0.0204081632653	0.0179640718563	0.0	0.0	0.0	0.0454545454545	-0.0136054421769	-0.0119760479042	0.0	0.0	0.0	0.0116014878098	0.0082893119142	0.00331217589558	
bob_marley.txt.tkzd.txt.POStagged.txt.lem.37.txt	-0.0567987567988	0.0222222222222	0.00505050505051	0.00769230769231	0.00332225913621	0.0	0.0	0.0333333333333	0.0353535353535	0.0230769230769	0.00332225913621	0.0	0.0	-0.0111111111111	-0.030303030303	-0.0153846153846	0.0	0.0	0.0	0.00638121568354	0.01584767515	-0.00946645946646	
bob_dylan.txt.tkzd.txt.POStagged.txt.lem.6.txt	-0.0353423251686	0.0258064516129	0.0227272727273	0.00887573964497	0.0	0.0	0.0	0.0387096774194	0.0422077922078	0.0118343195266	0.0	0.0	0.0	-0.0129032258065	-0.0194805194805	-0.00295857988166	0.0	0.0	0.0	0.00956824399752	0.0154586315256	-0.0058903875281	
bob_dylan.txt.tkzd.txt.POStagged.txt.lem.57.txt	0.0117667356798	0.0112359550562	0.0248447204969	0.00568181818182	0.00555555555556	0.0	0.0	0.0112359550562	0.0186335403727	0.00568181818182	0.0	0.0	0.0	0.0	0.00621118012422	0.0	0.00555555555556	0.0	0.0	0.00788634154841	0.00592521893511	0.0019611226133	
bob_marley.txt.tkzd.txt.POStagged.txt.lem.3.txt	-0.00678475935829	0.0126582278481	0.0220588235294	0.025	0.0	0.0	0.0	0.0126582278481	0.0294117647059	0.01875	0.00568181818182	0.0	0.0	0.0	-0.00735294117647	0.00625	-0.00568181818182	0.0	0.0	0.00995284189625	0.0110836351226	-0.00113079322638	
mike_ness.txt.tkzd.txt.POStagged.txt.lem.24.txt	-0.0249233961445	0.0277777777778	0.020942408377	0.0	0.0	0.0	0.0	0.0277777777778	0.0366492146597	0.00921658986175	0.0	0.0	0.0	0.0	-0.0157068062827	-0.00921658986175	0.0	0.0	0.0	0.00812003102579	0.0122739303832	-0.00415389935741	
bob_dylan.txt.tkzd.txt.POStagged.txt.lem.24.txt	-0.0931007202292	0.0	0.0131578947368	0.00534759358289	0.00480769230769	0.0	0.0	0.0512820512821	0.0394736842105	0.0160427807487	0.00961538461538	0.0	0.0	-0.0512820512821	-0.0263157894737	-0.0106951871658	-0.00480769230769	0.0	0.0	0.00388553010457	0.0194023168094	-0.0155167867049	
bob_marley.txt.tkzd.txt.POStagged.txt.lem.4.txt	-0.165428124364	0.0	0.0	0.0	0.0	0.0	0.0	0.047619047619	0.0606060606061	0.0326086956522	0.0172413793103	0.00735294117647	0.0	-0.047619047619	-0.0606060606061	-0.0326086956522	-0.0172413793103	-0.00735294117647	0.0	0.0	0.0275713540607	-0.0275713540607	
bob_dylan.txt.tkzd.txt.POStagged.txt.lem.50.txt	-0.0872270414923	0.0108695652174	0.0	0.0	0.0	0.0	0.0	0.0326086956522	0.0379746835443	0.0222222222222	0.00529100529101	0.0	0.0	-0.0217391304348	-0.0379746835443	-0.0222222222222	-0.00529100529101	0.0	0.0	0.0018115942029	0.0163494344516	-0.0145378402487	
bob_dylan.txt.tkzd.txt.POStagged.txt.lem.106.txt	0.0443500502421	0.0561797752809	0.0243902439024	0.00441501103753	0.0	0.0	0.0	0.0280898876404	0.00813008130081	0.00441501103753	0.0	0.0	0.0	0.0280898876404	0.0162601626016	0.0	0.0	0.0	0.0	0.0141641717035	0.00677249666313	0.00739167504035	
mike_ness.txt.tkzd.txt.POStagged.txt.lem.20.txt	-0.0398056680162	0.008	0.0178571428571	0.0161943319838	0.0	0.0	0.0	0.064	0.0178571428571	0.0	0.0	0.0	0.0	-0.056	0.0	0.0161943319838	0.0	0.0	0.0	0.00700857914016	0.0136428571429	-0.0066342780027	
bob_marley.txt.tkzd.txt.POStagged.txt.lem.39.txt	-0.064829682068	0.0394736842105	0.02	0.0	0.0	0.0	0.0	0.0526315789474	0.02	0.0263157894737	0.0135135135135	0.0080971659919	0.00374531835206	-0.0131578947368	0.0	-0.0263157894737	-0.0135135135135	-0.0080971659919	-0.00374531835206	0.00991228070175	0.0207172277131	-0.0108049470113	
bob_dylan.txt.tkzd.txt.POStagged.txt.lem.81.txt	-0.0321025250603	0.0140845070423	0.0	0.0	0.0	0.0	0.0	0.0281690140845	0.018018018018	0.0	0.0	0.0	0.0	-0.0140845070423	-0.018018018018	0.0	0.0	0.0	0.0	0.00234741784038	0.00769783868375	-0.00535042084338	
bob_dylan.txt.tkzd.txt.POStagged.txt.lem.116.txt	-0.0269390214352	0.0377358490566	0.0179104477612	0.0	0.00248138957816	0.0	0.0	0.062893081761	0.0119402985075	0.0077519379845	0.00248138957816	0.0	0.0	-0.0251572327044	0.00597014925373	-0.0077519379845	0.0	0.0	0.0	0.00968794773266	0.0141777846385	-0.00448983690586	
fiona_apple.txt.tkzd.txt.POStagged.txt.lem.9.txt	-0.0124396368553	0.0240963855422	0.0141843971631	0.0	0.0	0.0	0.0	0.0240963855422	0.0141843971631	0.00645161290323	0.0059880239521	0.0	0.0	0.0	0.0	-0.00645161290323	-0.0059880239521	0.0	0.0	0.00638013045088	0.0084534032601	-0.00207327280922	
bob_dylan.txt.tkzd.txt.POStagged.txt.lem.63.txt	-0.00281081463138	0.0606060606061	0.0198675496689	0.00632911392405	0.0	0.0	0.0	0.0505050505051	0.0264900662252	0.00632911392405	0.0062893081761	0.0	0.0	0.010101010101	-0.00662251655629	0.0	-0.0062893081761	0.0	0.0	0.0144671206998	0.0149355898051	-0.00046846910523	
bob_dylan.txt.tkzd.txt.POStagged.txt.lem.123.txt	0.010635969987	0.0426829268293	0.0123839009288	0.00268817204301	0.0	0.0	0.0	0.0243902439024	0.00928792569659	0.0134408602151	0.0	0.0	0.0	0.0182926829268	0.0030959752322	-0.010752688172	0.0	0.0	0.0	0.00962583330018	0.00785317163568	0.0017726616645	
mike_ness.txt.tkzd.txt.POStagged.txt.lem.38.txt	-0.0099833350191	0.0434782608696	0.0130718954248	0.0	0.0	0.0	0.0	0.054347826087	0.00653594771242	0.00564971751412	0.0	0.0	0.0	-0.0108695652174	0.00653594771242	-0.00564971751412	0.0	0.0	0.0	0.00942502604907	0.0110889152189	-0.00166388916985	
bob_dylan.txt.tkzd.txt.POStagged.txt.lem.93.txt	-0.0980745499699	0.0382165605096	0.013986013986	0.00323624595469	0.0	0.0	0.0	0.0764331210191	0.0384615384615	0.0258899676375	0.00955414012739	0.0031746031746	0.0	-0.0382165605096	-0.0244755244755	-0.0226537216828	-0.00955414012739	-0.0031746031746	0.0	0.00923980340838	0.0255855617367	-0.0163457583283	
bob_dylan.txt.tkzd.txt.POStagged.txt.lem.30.txt	-0.0300590428124	0.036231884058	0.0121457489879	0.0072202166065	0.0034965034965	0.0	0.0	0.0289855072464	0.0283400809717	0.014440433213	0.013986013986	0.00340136054422	0.0	0.00724637681159	-0.0161943319838	-0.0072202166065	-0.0104895104895	-0.00340136054422	0.0	0.00984905885814	0.0148588993269	-0.00500984046874	
bob_dylan.txt.tkzd.txt.POStagged.txt.lem.82.txt	-0.0760695996916	0.0128205128205	0.00787401574803	0.0	0.0	0.0	0.0	0.0512820512821	0.0314960629921	0.013986013986	0.0	0.0	0.0	-0.0384615384615	-0.0236220472441	-0.013986013986	0.0	0.0	0.0	0.00344908809476	0.01612735471	-0.0126782666153	
bob_dylan.txt.tkzd.txt.POStagged.txt.lem.14.txt	-0.0315233436464	0.0391304347826	0.0122950819672	0.00185873605948	0.00182149362477	0.0	0.0	0.0521739130435	0.030737704918	0.00371747211896	0.0	0.0	0.0	-0.0130434782609	-0.0184426229508	-0.00185873605948	0.00182149362477	0.0	0.0	0.00918429107235	0.0144381816801	-0.00525389060773	
bob_dylan.txt.tkzd.txt.POStagged.txt.lem.52.txt	-0.0465170319575	0.0506329113924	0.00724637681159	0.0	0.0	0.0	0.0	0.0253164556962	0.0289855072464	0.0320512820513	0.0121951219512	0.00584795321637	0.0	0.0253164556962	-0.0217391304348	-0.0320512820513	-0.0121951219512	-0.00584795321637	0.0	0.009646548034	0.0173993866936	-0.00775283865958	
fiona_apple.txt.tkzd.txt.POStagged.txt.lem.26.txt	-0.0366683100498	0.0434782608696	0.0125786163522	0.0	0.0	0.0	0.0	0.0326086956522	0.0314465408805	0.0172413793103	0.0114285714286	0.0	0.0	0.0108695652174	-0.0188679245283	-0.0172413793103	-0.0114285714286	0.0	0.0	0.00934281287029	0.0154541978786	-0.0061113850083	
mike_ness.txt.tkzd.txt.POStagged.txt.lem.9.txt	-0.0170454545455	0.0505050505051	0.0208333333333	0.012987012987	0.0	0.0	0.0	0.0606060606061	0.0277777777778	0.012987012987	0.0	0.0	0.0	-0.010101010101	-0.00694444444444	0.0	0.0	0.0	0.0	0.0140542328042	0.0168951418951	-0.00284090909091	
fiona_apple.txt.tkzd.txt.POStagged.txt.lem.18.txt	-0.0155810983397	0.0344827586207	0.0222222222222	0.0	0.0	0.0	0.0	0.0574712643678	0.0148148148148	0.0	0.0	0.0	0.0	-0.0229885057471	0.00740740740741	0.0	0.0	0.0	0.0	0.00945083014049	0.0120476798638	-0.00259684972329	
trent_reznor.txt.tkzd.txt.POStagged.txt.lem.38.txt	0.0220740281224	0.0204081632653	0.0322580645161	0.0	0.0	0.0	0.0	0.0204081632653	0.00537634408602	0.00480769230769	0.0	0.0	0.0	0.0	0.0268817204301	-0.00480769230769	0.0	0.0	0.0	0.00877770463024	0.00509869994317	0.00367900468707	
bob_dylan.txt.tkzd.txt.POStagged.txt.lem.78.txt	-0.0606985832926	0.0217391304348	0.0112359550562	0.0	0.0	0.0	0.0	0.054347826087	0.0393258426966	0.0	0.0	0.0	0.0	-0.0326086956522	-0.0280898876404	0.0	0.0	0.0	0.0	0.00549584758183	0.0156122781306	-0.0101164305488	
fiona_apple.txt.tkzd.txt.POStagged.txt.lem.6.txt	-0.00355066445183	0.0104166666667	0.0174418604651	0.00505050505051	0.0	0.0	0.0	0.0208333333333	0.00581395348837	0.00505050505051	0.0047619047619	0.0	0.0	-0.0104166666667	0.0116279069767	0.0	-0.0047619047619	0.0	0.0	0.00548483869705	0.00607661610569	-0.000591777408638	
fiona_apple.txt.tkzd.txt.POStagged.txt.lem.16.txt	-0.0826024592763	0.00900900900901	0.0130434782609	0.0	0.00371747211896	0.0	0.0	0.036036036036	0.0347826086957	0.0153846153846	0.0148698884758	0.00729927007299	0.0	-0.027027027027	-0.0217391304348	-0.0153846153846	-0.0111524163569	-0.00729927007299	0.0	0.00429499323147	0.0180620697775	-0.013767076546	
mike_ness.txt.tkzd.txt.POStagged.txt.lem.29.txt	-0.0703922783003	0.0153846153846	0.0131004366812	0.0	0.0	0.0	0.0	0.0692307692308	0.0218340611354	0.0078125	0.0	0.0	0.0	-0.0538461538462	-0.00873362445415	-0.0078125	0.0	0.0	0.0	0.00474750867764	0.016479555061	-0.0117320463834	
bob_dylan.txt.tkzd.txt.POStagged.txt.lem.97.txt	-0.0126774120876	0.031847133758	0.0173010380623	0.0064308681672	0.0	0.0	0.0	0.0509554140127	0.0173010380623	0.0	0.0	0.0	0.0	-0.0191082802548	0.0	0.0064308681672	0.0	0.0	0.0	0.00926317333124	0.0113760753458	-0.0021129020146	
fiona_apple.txt.tkzd.txt.POStagged.txt.lem.28.txt	-0.00991760094871	0.0760869565217	0.0225988700565	0.0	0.0	0.0	0.0	0.0326086956522	0.0395480225989	0.0189573459716	0.0132158590308	0.0042735042735	0.0	0.0434782608696	-0.0169491525424	-0.0189573459716	-0.0132158590308	-0.0042735042735	0.0	0.016447637763	0.0181005712545	-0.00165293349145	
bob_dylan.txt.tkzd.txt.POStagged.txt.lem.54.txt	-0.0628153265988	0.0287356321839	0.00588235294118	0.00275482093664	0.0	0.0	0.0	0.051724137931	0.0264705882353	0.0165289256198	0.00546448087432	0.0	0.0	-0.0229885057471	-0.0205882352941	-0.0137741046832	-0.00546448087432	0.0	0.0	0.00622880101029	0.0166980221101	-0.0104692210998	
bob_dylan.txt.tkzd.txt.POStagged.txt.lem.41.txt	-0.0886003613708	0.00840336134454	0.00925925925926	0.00403225806452	0.0	0.0	0.0	0.0504201680672	0.0324074074074	0.0120967741935	0.011583011583	0.00378787878788	0.0	-0.0420168067227	-0.0231481481481	-0.00806451612903	-0.011583011583	-0.00378787878788	0.0	0.00361581311139	0.0183825400065	-0.0147667268951	
trent_reznor.txt.tkzd.txt.POStagged.txt.lem.28.txt	0.0849212013084	0.101694915254	0.0133333333333	0.0	0.0	0.0	0.0	0.0169491525424	0.0	0.0131578947368	0.0	0.0	0.0	0.0847457627119	0.0133333333333	-0.0131578947368	0.0	0.0	0.0	0.0191713747646	0.0050178412132	0.0141535335514	
bob_dylan.txt.tkzd.txt.POStagged.txt.lem.96.txt	-0.0394748435986	0.0	0.020618556701	0.0	0.0	0.0	0.0	0.0	0.0515463917526	0.00854700854701	0.0	0.0	0.0	0.0	-0.0309278350515	-0.00854700854701	0.0	0.0	0.0	0.00343642611684	0.0100155667166	-0.00657914059976	
mike_ness.txt.tkzd.txt.POStagged.txt.lem.42.txt	-0.0319682095101	0.041095890411	0.0162601626016	0.0	0.0	0.0	0.0	0.027397260274	0.0406504065041	0.0212765957447	0.0	0.0	0.0	0.013698630137	-0.0243902439024	-0.0212765957447	0.0	0.0	0.0	0.00955934216876	0.0148873770871	-0.00532803491836	
bob_dylan.txt.tkzd.txt.POStagged.txt.lem.90.txt	0.0271343893975	0.041095890411	0.00943396226415	0.00925925925926	0.00934579439252	0.0	0.0	0.013698630137	0.0283018867925	0.0	0.0	0.0	0.0	0.027397260274	-0.0188679245283	0.00925925925926	0.00934579439252	0.0	0.0	0.0115224843878	0.00700008615491	0.00452239823291	
trent_reznor.txt.tkzd.txt.POStagged.txt.lem.25.txt	-0.00786581839213	0.0153846153846	0.0357142857143	0.00751879699248	0.0	0.0	0.0	0.0307692307692	0.0357142857143	0.0	0.0	0.0	0.0	-0.0153846153846	0.0	0.00751879699248	0.0	0.0	0.0	0.00976961634856	0.0110805860806	-0.00131096973202	
fiona_apple.txt.tkzd.txt.POStagged.txt.lem.21.txt	0.0313176480783	0.0816326530612	0.00666666666667	0.0	0.0	0.0	0.0	0.030612244898	0.02	0.00636942675159	0.0	0.0	0.0	0.0510204081633	-0.0133333333333	-0.00636942675159	0.0	0.0	0.0	0.014716553288	0.00949694527493	0.00521960801306	
trent_reznor.txt.tkzd.txt.POStagged.txt.lem.10.txt	0.0182788871783	0.0326086956522	0.027397260274	0.0062893081761	0.00609756097561	0.0	0.0	0.0217391304348	0.013698630137	0.0125786163522	0.00609756097561	0.0	0.0	0.0108695652174	0.013698630137	-0.0062893081761	0.0	0.0	0.0	0.0120654708463	0.00901898964993	0.00304648119638	
bob_dylan.txt.tkzd.txt.POStagged.txt.lem.34.txt	6.62940426735e-05	0.0416666666667	0.0108401084011	0.00490196078431	0.00237529691211	0.0	0.0	0.0260416666667	0.0189701897019	0.0147058823529	0.0	0.0	0.0	0.015625	-0.00813008130081	-0.00980392156863	0.00237529691211	0.0	0.0	0.0099640054607	0.00995295645358	1.10490071123e-05	
bob_dylan.txt.tkzd.txt.POStagged.txt.lem.119.txt	-0.0255737238618	0.0272108843537	0.0131147540984	0.0	0.0	0.0	0.0	0.047619047619	0.00983606557377	0.00568181818182	0.00276243093923	0.0	0.0	-0.0204081632653	0.00327868852459	-0.00568181818182	-0.00276243093923	0.0	0.0	0.00672093974202	0.0109832270523	-0.00426228731029	
bob_dylan.txt.tkzd.txt.POStagged.txt.lem.101.txt	-0.008	0.0266666666667	0.0	0.0	0.0	0.0	0.0	0.0266666666667	0.008	0.0	0.0	0.0	0.0	0.0	-0.008	0.0	0.0	0.0	0.0	0.00444444444444	0.00577777777778	-0.00133333333333	
mike_ness.txt.tkzd.txt.POStagged.txt.lem.26.txt	0.0402517564403	0.0655737704918	0.019801980198	0.0	0.0	0.0	0.0	0.016393442623	0.019801980198	0.00892857142857	0.0	0.0	0.0	0.0491803278689	0.0	-0.00892857142857	0.0	0.0	0.0	0.0142292917816	0.00752066570826	0.00670862607338	
fiona_apple.txt.tkzd.txt.POStagged.txt.lem.31.txt	-0.055576057168	0.0102040816327	0.025	0.0129310344828	0.00406504065041	0.0	0.0	0.0612244897959	0.025	0.0215517241379	0.0	0.0	0.0	-0.0510204081633	0.0	-0.00862068965517	0.00406504065041	0.0	0.0	0.00870002612764	0.0179627023223	-0.00926267619467	
bob_marley.txt.tkzd.txt.POStagged.txt.lem.16.txt	-0.0185228586579	0.0388349514563	0.0140845070423	0.00380228136882	0.0	0.0	0.0	0.00970873786408	0.0469483568075	0.0152091254753	0.00337837837838	0.0	0.0	0.0291262135922	-0.0328638497653	-0.0114068441065	-0.00337837837838	0.0	0.0	0.00945362331123	0.0125407664209	-0.00308714310964	
fiona_apple.txt.tkzd.txt.POStagged.txt.lem.22.txt	0.0389830508475	0.0555555555556	0.0253164556962	0.00564971751412	0.0	0.0	0.0	0.0222222222222	0.0253164556962	0.0	0.0	0.0	0.0	0.0333333333333	0.0	0.00564971751412	0.0	0.0	0.0	0.0144202881276	0.0079231129864	0.00649717514124	
trent_reznor.txt.tkzd.txt.POStagged.txt.lem.42.txt	0.0350877192982	0.0263157894737	0.0350877192982	0.0	0.0	0.0	0.0	0.0263157894737	0.0	0.0	0.0	0.0	0.0	0.0	0.0350877192982	0.0	0.0	0.0	0.0	0.0102339181287	0.00438596491228	0.00584795321637	
bob_marley.txt.tkzd.txt.POStagged.txt.lem.28.txt	-0.0462975998927	0.0363636363636	0.0	0.0	0.0	0.0	0.0	0.0545454545455	0.0104166666667	0.0176991150442	0.0	0.0	0.0	-0.0181818181818	-0.0104166666667	-0.0176991150442	0.0	0.0	0.0	0.00606060606061	0.0137768727094	-0.00771626664879	
bob_marley.txt.tkzd.txt.POStagged.txt.lem.10.txt	-0.00751614797416	0.0307692307692	0.0178571428571	0.0	0.0	0.0	0.0	0.0153846153846	0.0178571428571	0.0229007633588	0.0	0.0	0.0	0.0153846153846	0.0	-0.0229007633588	0.0	0.0	0.0	0.0081043956044	0.00935708693342	-0.00125269132903	
fiona_apple.txt.tkzd.txt.POStagged.txt.lem.17.txt	-0.026568344952	0.0336134453782	0.0228310502283	0.011811023622	0.0	0.0	0.0	0.0504201680672	0.0365296803653	0.00787401574803	0.0	0.0	0.0	-0.0168067226891	-0.013698630137	0.00393700787402	0.0	0.0	0.0	0.0113759198714	0.0158039773634	-0.00442805749201	
mike_ness.txt.tkzd.txt.POStagged.txt.lem.10.txt	-0.0745657568238	0.0322580645161	0.00641025641026	0.00555555555556	0.00518134715026	0.0	0.0	0.0645161290323	0.0320512820513	0.0222222222222	0.00518134715026	0.0	0.0	-0.0322580645161	-0.025641025641	-0.0166666666667	0.0	0.0	0.0	0.0082342039387	0.020661830076	-0.0124276261373	
bob_dylan.txt.tkzd.txt.POStagged.txt.lem.87.txt	-0.0711447113183	0.0	0.027027027027	0.00840336134454	0.0	0.0	0.0	0.0533333333333	0.045045045045	0.0	0.00819672131148	0.0	0.0	-0.0533333333333	-0.018018018018	0.00840336134454	-0.00819672131148	0.0	0.0	0.00590506472859	0.017762516615	-0.0118574518864	
bob_dylan.txt.tkzd.txt.POStagged.txt.lem.4.txt	0.0118977816867	0.0555555555556	0.00527704485488	0.0	0.0	0.0	0.0	0.0462962962963	0.00263852242744	0.0	0.0	0.0	0.0	0.00925925925926	0.00263852242744	0.0	0.0	0.0	0.0	0.0101387667351	0.00815580312062	0.00198296361445	
trent_reznor.txt.tkzd.txt.POStagged.txt.lem.30.txt	-0.0431324624454	0.0114942528736	0.0129032258065	0.0	0.0	0.0	0.0	0.0	0.0193548387097	0.0167597765363	0.0210526315789	0.0103626943005	0.0	0.0114942528736	-0.00645161290323	-0.0167597765363	-0.0210526315789	-0.0103626943005	0.0	0.00406624644667	0.0112549901876	-0.00718874374091	
bob_dylan.txt.tkzd.txt.POStagged.txt.lem.105.txt	-0.0520485659932	0.0277777777778	0.0168539325843	0.0	0.0	0.0	0.0	0.037037037037	0.0337078651685	0.0208333333333	0.00510204081633	0.0	0.0	-0.00925925925926	-0.0168539325843	-0.0208333333333	-0.00510204081633	0.0	0.0	0.00743861839367	0.0161133793925	-0.00867476099886	
bob_dylan.txt.tkzd.txt.POStagged.txt.lem.88.txt	-0.0415778251599	0.0	0.0333333333333	0.0298507462687	0.0	0.0	0.0	0.0714285714286	0.0333333333333	0.0	0.0	0.0	0.0	-0.0714285714286	0.0	0.0298507462687	0.0	0.0	0.0	0.0105306799337	0.0174603174603	-0.00692963752665	
bob_dylan.txt.tkzd.txt.POStagged.txt.lem.10.txt	0.0302188138053	0.0726495726496	0.0148305084746	0.00188679245283	0.0	0.0	0.0	0.034188034188	0.021186440678	0.00377358490566	0.0	0.0	0.0	0.0384615384615	-0.00635593220339	-0.00188679245283	0.0	0.0	0.0	0.0148944789295	0.00985800996194	0.00503646896755	
fiona_apple.txt.tkzd.txt.POStagged.txt.lem.23.txt	-0.0128205128205	0.0277777777778	0.0220588235294	0.00641025641026	0.0	0.0	0.0	0.0277777777778	0.0220588235294	0.0192307692308	0.0	0.0	0.0	0.0	0.0	-0.0128205128205	0.0	0.0	0.0	0.00937447628624	0.011511228423	-0.00213675213675	
bob_dylan.txt.tkzd.txt.POStagged.txt.lem.99.txt	0.0100457888665	0.0649350649351	0.00854700854701	0.00819672131148	0.0	0.0	0.0	0.012987012987	0.034188034188	0.016393442623	0.00806451612903	0.0	0.0	0.0519480519481	-0.025641025641	-0.00819672131148	-0.00806451612903	0.0	0.0	0.0136131324656	0.0119388343212	0.00167429814442	
bob_dylan.txt.tkzd.txt.POStagged.txt.lem.95.txt	0.0143826452599	0.0366972477064	0.0104166666667	0.0047619047619	0.0	0.0	0.0	0.0275229357798	0.00520833333333	0.0047619047619	0.0	0.0	0.0	0.00917431192661	0.00520833333333	0.0	0.0	0.0	0.0	0.00864596985583	0.00624886231251	0.00239710754332	
bob_marley.txt.tkzd.txt.POStagged.txt.lem.35.txt	-0.0566356720203	0.021978021978	0.00591715976331	0.00490196078431	0.0	0.0	0.0	0.0549450549451	0.0295857988166	0.00490196078431	0.0	0.0	0.0	-0.032967032967	-0.0236686390533	0.0	0.0	0.0	0.0	0.00546619042094	0.014905469091	-0.00943927867005	
fiona_apple.txt.tkzd.txt.POStagged.txt.lem.13.txt	-0.0773500414251	0.018018018018	0.00888888888889	0.00769230769231	0.0	0.0	0.0	0.027027027027	0.04	0.0269230769231	0.014440433213	0.00355871886121	0.0	-0.00900900900901	-0.0311111111111	-0.0192307692308	-0.014440433213	-0.00355871886121	0.0	0.00576653576654	0.0186582093374	-0.0128916735708	
bob_marley.txt.tkzd.txt.POStagged.txt.lem.25.txt	-0.0707648676716	0.0263157894737	0.0062893081761	0.005	0.0	0.0	0.0	0.0526315789474	0.0314465408805	0.02	0.00429184549356	0.0	0.0	-0.0263157894737	-0.0251572327044	-0.015	-0.00429184549356	0.0	0.0	0.00626751627496	0.0180616608869	-0.0117941446119	
bob_dylan.txt.tkzd.txt.POStagged.txt.lem.104.txt	-0.06158921358	0.021978021978	0.00581395348837	0.0	0.0	0.0	0.0	0.010989010989	0.0406976744186	0.0334928229665	0.00420168067227	0.0	0.0	0.010989010989	-0.0348837209302	-0.0334928229665	-0.00420168067227	0.0	0.0	0.00463199591107	0.0148968648411	-0.01026486893	
trent_reznor.txt.tkzd.txt.POStagged.txt.lem.24.txt	-0.0359004975124	0.01	0.0149253731343	0.00423728813559	0.0	0.0	0.0	0.01	0.0348258706468	0.00423728813559	0.016	0.0	0.0	0.0	-0.0199004975124	0.0	-0.016	0.0	0.0	0.00486044354499	0.0108438597971	-0.00598341625207	
trent_reznor.txt.tkzd.txt.POStagged.txt.lem.13.txt	0.0510482425376	0.0428571428571	0.0307692307692	0.00709219858156	0.0	0.0	0.0	0.0142857142857	0.0153846153846	0.0	0.0	0.0	0.0	0.0285714285714	0.0153846153846	0.00709219858156	0.0	0.0	0.0	0.013453095368	0.00494505494505	0.00850804042293	
trent_reznor.txt.tkzd.txt.POStagged.txt.lem.26.txt	-0.0766283524904	0.0	0.0344827586207	0.0	0.0	0.0	0.0	0.111111111111	0.0	0.0	0.0	0.0	0.0	-0.111111111111	0.0344827586207	0.0	0.0	0.0	0.0	0.00574712643678	0.0185185185185	-0.0127713920817	
bob_dylan.txt.tkzd.txt.POStagged.txt.lem.20.txt	-0.0446114208409	0.031914893617	0.0394088669951	0.00416666666667	0.0	0.0	0.0	0.0212765957447	0.0344827586207	0.0375	0.023166023166	0.00367647058824	0.0	0.0106382978723	0.00492610837438	-0.0333333333333	-0.023166023166	-0.00367647058824	0.0	0.0125817378798	0.0200169746866	-0.00743523680681	
mike_ness.txt.tkzd.txt.POStagged.txt.lem.43.txt	-0.0373719463223	0.010752688172	0.0228571428571	0.0	0.0	0.0	0.0	0.0322580645161	0.0285714285714	0.010152284264	0.0	0.0	0.0	-0.0215053763441	-0.00571428571429	-0.010152284264	0.0	0.0	0.0	0.00560163850486	0.0118302962253	-0.00622865772039	
bob_dylan.txt.tkzd.txt.POStagged.txt.lem.21.txt	-0.0190400881755	0.00943396226415	0.020725388601	0.00456621004566	0.0	0.0	0.0	0.0188679245283	0.0259067357513	0.00456621004566	0.00442477876106	0.0	0.0	-0.00943396226415	-0.00518134715026	0.0	-0.00442477876106	0.0	0.0	0.00578759348514	0.00896094151439	-0.00317334802925	
mike_ness.txt.tkzd.txt.POStagged.txt.lem.14.txt	0.00960021689835	0.0408163265306	0.0108695652174	0.00966183574879	0.0	0.0	0.0	0.030612244898	0.0163043478261	0.0048309178744	0.0	0.0	0.0	0.0102040816327	-0.0054347826087	0.0048309178744	0.0	0.0	0.0	0.0102246212495	0.00862458509974	0.00160003614973	
mike_ness.txt.tkzd.txt.POStagged.txt.lem.19.txt	-0.00270750817604	0.0140845070423	0.0157480314961	0.0134228187919	0.0126582278481	0.0	0.0	0.0140845070423	0.0314960629921	0.00671140939597	0.00632911392405	0.0	0.0	0.0	-0.0157480314961	0.00671140939597	0.00632911392405	0.0	0.0	0.00931893086306	0.00977018222573	-0.000451251362673	
mike_ness.txt.tkzd.txt.POStagged.txt.lem.32.txt	0.00837676842889	0.0147058823529	0.0166666666667	0.0208333333333	0.0	0.0	0.0	0.0	0.0166666666667	0.0208333333333	0.00632911392405	0.0	0.0	0.0147058823529	0.0	0.0	-0.00632911392405	0.0	0.0	0.00870098039216	0.00730485232068	0.00139612807148	
mike_ness.txt.tkzd.txt.POStagged.txt.lem.23.txt	-0.0207021289213	0.025974025974	0.0153846153846	0.0205479452055	0.0254777070064	0.0181818181818	0.0	0.0519480519481	0.0153846153846	0.027397260274	0.0254777070064	0.00606060606061	0.0	-0.025974025974	0.0	-0.00684931506849	0.0	0.0121212121212	0.0	0.0175943519587	0.0210447067789	-0.00345035482022	
bob_dylan.txt.tkzd.txt.POStagged.txt.lem.102.txt	-0.0335150413891	0.0384615384615	0.00787401574803	0.00704225352113	0.0	0.0	0.0	0.0641025641026	0.0157480314961	0.00704225352113	0.0	0.0	0.0	-0.025641025641	-0.00787401574803	0.0	0.0	0.0	0.0	0.00889630128845	0.01448214152	-0.00558584023151	
fiona_apple.txt.tkzd.txt.POStagged.txt.lem.11.txt	-0.0214225894607	0.0422535211268	0.00806451612903	0.00746268656716	0.00363636363636	0.0	0.0	0.0211267605634	0.0282258064516	0.0298507462687	0.00363636363636	0.0	0.0	0.0211267605634	-0.0201612903226	-0.0223880597015	0.0	0.0	0.0	0.0102361812432	0.01380661282	-0.00357043157678	
mike_ness.txt.tkzd.txt.POStagged.txt.lem.25.txt	0.0238095238095	0.0238095238095	0.0289855072464	0.0	0.0	0.0	0.0	0.0	0.0289855072464	0.0	0.0	0.0	0.0	0.0238095238095	0.0	0.0	0.0	0.0	0.0	0.00879917184265	0.0048309178744	0.00396825396825	
mike_ness.txt.tkzd.txt.POStagged.txt.lem.31.txt	-0.048251483117	0.0277777777778	0.0212765957447	0.0062893081761	0.0	0.0	0.0	0.0555555555556	0.0354609929078	0.0125786163522	0.0	0.0	0.0	-0.0277777777778	-0.0141843971631	-0.0062893081761	0.0	0.0	0.0	0.00922394694976	0.0172658608026	-0.00804191385283	
bob_dylan.txt.tkzd.txt.POStagged.txt.lem.76.txt	-0.0637599827326	0.0353982300885	0.0	0.0	0.00390625	0.0	0.0	0.0796460176991	0.019512195122	0.0	0.00390625	0.0	0.0	-0.0442477876106	-0.019512195122	0.0	0.0	0.0	0.0	0.00655074668142	0.0171774104702	-0.0106266637888	
bob_dylan.txt.tkzd.txt.POStagged.txt.lem.107.txt	-0.051060238834	0.0178571428571	0.0227272727273	0.003861003861	0.0	0.0	0.0	0.0357142857143	0.0409090909091	0.011583011583	0.00729927007299	0.0	0.0	-0.0178571428571	-0.0181818181818	-0.00772200772201	-0.00729927007299	0.0	0.0	0.00740756990757	0.0159176097132	-0.00851003980566	
mike_ness.txt.tkzd.txt.POStagged.txt.lem.17.txt	-0.0996990821353	0.019801980198	0.00990099009901	0.00429184549356	0.0	0.0	0.0	0.019801980198	0.0594059405941	0.0343347639485	0.0162601626016	0.00389105058366	0.0	0.0	-0.049504950495	-0.0300429184549	-0.0162601626016	-0.00389105058366	0.0	0.00566580263177	0.022282316321	-0.0166165136892	
mike_ness.txt.tkzd.txt.POStagged.txt.lem.39.txt	0.0333804577212	0.0574712643678	0.00653594771242	0.0	0.0	0.0	0.0	0.0114942528736	0.0130718954248	0.00606060606061	0.0	0.0	0.0	0.0459770114943	-0.00653594771242	-0.00606060606061	0.0	0.0	0.0	0.01066786868	0.00510445905983	0.0055634096202	
bob_dylan.txt.tkzd.txt.POStagged.txt.lem.29.txt	-0.0307680082918	0.0541516245487	0.0101867572156	0.0	0.0	0.0	0.0	0.0685920577617	0.0220713073005	0.00298953662182	0.00145348837209	0.0	0.0	-0.014440433213	-0.0118845500849	-0.00298953662182	-0.00145348837209	0.0	0.0	0.0107230636274	0.0158510650094	-0.00512800138197	
bob_dylan.txt.tkzd.txt.POStagged.txt.lem.5.txt	-0.0875365389497	0.0157480314961	0.0115163147793	0.0	0.0	0.0	0.0	0.0590551181102	0.0287907869482	0.0170648464164	0.00660066006601	0.00328947368421	0.0	-0.0433070866142	-0.0172744721689	-0.0170648464164	-0.00660066006601	-0.00328947368421	0.0	0.00454405771256	0.0191334808708	-0.0145894231583	
trent_reznor.txt.tkzd.txt.POStagged.txt.lem.36.txt	0.0573875912351	0.0263157894737	0.0357142857143	0.0242424242424	0.00574712643678	0.0	0.0	0.0	0.0285714285714	0.00606060606061	0.0	0.0	0.0	0.0263157894737	0.00714285714286	0.0181818181818	0.00574712643678	0.0	0.0	0.0153366043112	0.00577200577201	0.00956459853919	
bob_marley.txt.tkzd.txt.POStagged.txt.lem.1.txt	0.0426110244678	0.025641025641	0.025974025974	0.0183486238532	0.00746268656716	0.0	0.0	0.025641025641	0.0	0.00917431192661	0.0	0.0	0.0	0.0	0.025974025974	0.00917431192661	0.00746268656716	0.0	0.0	0.0129043936726	0.00580255626127	0.0071018374113	
mike_ness.txt.tkzd.txt.POStagged.txt.lem.33.txt	-0.0940832364892	0.0	0.00961538461538	0.0	0.0	0.0	0.0	0.016393442623	0.0576923076923	0.0230769230769	0.00653594771242	0.0	0.0	-0.016393442623	-0.0480769230769	-0.0230769230769	-0.00653594771242	0.0	0.0	0.00160256410256	0.0172831035174	-0.0156805394149	
mike_ness.txt.tkzd.txt.POStagged.txt.lem.34.txt	-0.022663056275	0.0123456790123	0.0161290322581	0.00729927007299	0.0	0.0	0.0	0.0123456790123	0.0241935483871	0.021897810219	0.0	0.0	0.0	0.0	-0.00806451612903	-0.014598540146	0.0	0.0	0.0	0.0059623302239	0.00973950626974	-0.00377717604584	
trent_reznor.txt.tkzd.txt.POStagged.txt.lem.37.txt	0.000487481090426	0.0338983050847	0.0133333333333	0.0	0.0	0.0	0.0	0.00847457627119	0.0177777777778	0.0204918032787	0.0	0.0	0.0	0.0254237288136	-0.00444444444444	-0.0204918032787	0.0	0.0	0.0	0.00787193973635	0.00779069288794	8.12468484044e-05	
bob_dylan.txt.tkzd.txt.POStagged.txt.lem.108.txt	0.0413383859675	0.0666666666667	0.0156862745098	0.0	0.0	0.0	0.0	0.0222222222222	0.0078431372549	0.00732600732601	0.0	0.0036231884058	0.0	0.0444444444444	0.0078431372549	-0.00732600732601	0.0	-0.0036231884058	0.0	0.0137254901961	0.00683575920149	0.00688973099459	
fiona_apple.txt.tkzd.txt.POStagged.txt.lem.12.txt	0.0213203463203	0.025974025974	0.00833333333333	0.0077519379845	0.0	0.0	0.0	0.012987012987	0.0	0.0077519379845	0.0	0.0	0.0	0.012987012987	0.00833333333333	0.0	0.0	0.0	0.0	0.00700988288198	0.00345649182858	0.00355339105339	
bob_dylan.txt.tkzd.txt.POStagged.txt.lem.66.txt	-0.129101245779	0.0	0.025	0.0	0.0	0.0	0.0	0.0566037735849	0.075	0.0116279069767	0.0108695652174	0.0	0.0	-0.0566037735849	-0.05	-0.0116279069767	-0.0108695652174	0.0	0.0	0.00416666666667	0.0256835409632	-0.0215168742965	
bob_dylan.txt.tkzd.txt.POStagged.txt.lem.23.txt	-0.0101672535211	0.0461538461538	0.0140845070423	0.003125	0.0	0.0	0.0	0.0461538461538	0.0211267605634	0.00625	0.0	0.0	0.0	0.0	-0.00704225352113	-0.003125	0.0	0.0	0.0	0.010560558866	0.0122551011195	-0.00169454225352	
bob_marley.txt.tkzd.txt.POStagged.txt.lem.12.txt	-0.0981532467347	0.0140845070423	0.0254777070064	0.030303030303	0.00869565217391	0.0	0.0	0.056338028169	0.0636942675159	0.0353535353535	0.0173913043478	0.00393700787402	0.0	-0.0422535211268	-0.0382165605096	-0.00505050505051	-0.00869565217391	-0.00393700787402	0.0	0.0130934827543	0.0294523572101	-0.0163588744558	
bob_marley.txt.tkzd.txt.POStagged.txt.lem.20.txt	-0.0143060064935	0.027027027027	0.0	0.0	0.0	0.0	0.0	0.027027027027	0.0078125	0.00649350649351	0.0	0.0	0.0	0.0	-0.0078125	-0.00649350649351	0.0	0.0	0.0	0.0045045045045	0.00688883892009	-0.00238433441558	
bob_dylan.txt.tkzd.txt.POStagged.txt.lem.33.txt	-0.0401606425703	0.031746031746	0.00401606425703	0.00357142857143	0.0	0.0	0.0	0.031746031746	0.0441767068273	0.00357142857143	0.0	0.0	0.0	0.0	-0.0401606425703	0.0	0.0	0.0	0.0	0.00655558742908	0.0132490278575	-0.00669344042838	
trent_reznor.txt.tkzd.txt.POStagged.txt.lem.44.txt	-0.00498394687074	0.0133333333333	0.041958041958	0.0062893081761	0.0	0.0	0.0	0.04	0.013986013986	0.0125786163522	0.0	0.0	0.0	-0.0266666666667	0.027972027972	-0.0062893081761	0.0	0.0	0.0	0.0102634472446	0.0110941050564	-0.00083065781179	
bob_dylan.txt.tkzd.txt.POStagged.txt.lem.51.txt	-0.0574439802944	0.0361445783133	0.0140845070423	0.0	0.0	0.0	0.0	0.066265060241	0.0225352112676	0.0143884892086	0.00448430493274	0.0	0.0	-0.0301204819277	-0.00845070422535	-0.0143884892086	-0.00448430493274	0.0	0.0	0.00837151422592	0.0179455109417	-0.00957399671574	
trent_reznor.txt.tkzd.txt.POStagged.txt.lem.34.txt	-0.00176443292759	0.0232558139535	0.014598540146	0.00694444444444	0.0	0.0	0.0	0.0116279069767	0.00729927007299	0.0208333333333	0.00680272108844	0.0	0.0	0.0116279069767	0.00729927007299	-0.0138888888889	-0.00680272108844	0.0	0.0	0.00746646642399	0.00776053857858	-0.000294072154598	
bob_marley.txt.tkzd.txt.POStagged.txt.lem.11.txt	-0.127430629004	0.0322580645161	0.0142857142857	0.0	0.0	0.0	0.0	0.0483870967742	0.0571428571429	0.0441176470588	0.0151515151515	0.00638977635783	0.00278551532033	-0.0161290322581	-0.0428571428571	-0.0441176470588	-0.0151515151515	-0.00638977635783	-0.00278551532033	0.00775729646697	0.0289957346343	-0.0212384381673	
mike_ness.txt.tkzd.txt.POStagged.txt.lem.22.txt	0.0201590646796	0.0384615384615	0.032967032967	0.0142857142857	0.0	0.0	0.0	0.0192307692308	0.0274725274725	0.0142857142857	0.00456621004566	0.0	0.0	0.0192307692308	0.00549450549451	0.0	-0.00456621004566	0.0	0.0	0.0142857142857	0.0109258701724	0.00335984411327	
mike_ness.txt.tkzd.txt.POStagged.txt.lem.37.txt	0.0660322966433	0.0649350649351	0.015873015873	0.013698630137	0.0184049079755	0.00578034682081	0.0	0.038961038961	0.0	0.013698630137	0.0	0.0	0.0	0.025974025974	0.015873015873	0.0	0.0184049079755	0.00578034682081	0.0	0.0197819942902	0.00877661151634	0.0110053827739	
bob_dylan.txt.tkzd.txt.POStagged.txt.lem.69.txt	0.020202020202	0.0161290322581	0.030303030303	0.00909090909091	0.0	0.0	0.0	0.0161290322581	0.010101010101	0.00909090909091	0.0	0.0	0.0	0.0	0.020202020202	0.0	0.0	0.0	0.0	0.00925382860867	0.00588682524166	0.003367003367	
fiona_apple.txt.tkzd.txt.POStagged.txt.lem.24.txt	-0.0241398446171	0.040404040404	0.00540540540541	0.0	0.0	0.0	0.0	0.040404040404	0.00540540540541	0.0147058823529	0.00943396226415	0.0	0.0	0.0	0.0	-0.0147058823529	-0.00943396226415	0.0	0.0	0.00763490763491	0.0116582150711	-0.00402330743618	
bob_dylan.txt.tkzd.txt.POStagged.txt.lem.109.txt	-0.0149253731343	0.0123456790123	0.0149253731343	0.00684931506849	0.0	0.0	0.0	0.0123456790123	0.0298507462687	0.00684931506849	0.0	0.0	0.0	0.0	-0.0149253731343	0.0	0.0	0.0	0.0	0.00568672786919	0.00817429005825	-0.00248756218905	
bob_dylan.txt.tkzd.txt.POStagged.txt.lem.61.txt	-0.0274632930095	0.0204081632653	0.0117647058824	0.0	0.0	0.0	0.0	0.030612244898	0.0235294117647	0.00549450549451	0.0	0.0	0.0	-0.0102040816327	-0.0117647058824	-0.00549450549451	0.0	0.0	0.0	0.00536214485794	0.00993936035953	-0.00457721550159	
fiona_apple.txt.tkzd.txt.POStagged.txt.lem.20.txt	0.0432637299771	0.0526315789474	0.01875	0.0	0.0054347826087	0.0	0.0	0.0210526315789	0.0125	0.0	0.0	0.0	0.0	0.0315789473684	0.00625	0.0	0.0054347826087	0.0	0.0	0.012802726926	0.00559210526316	0.00721062166285	
bob_marley.txt.tkzd.txt.POStagged.txt.lem.23.txt	0.0167820794007	0.030303030303	0.0213903743316	0.0	0.0	0.0	0.0	0.030303030303	0.0	0.00460829493088	0.0	0.0	0.0	0.0	0.0213903743316	-0.00460829493088	0.0	0.0	0.0	0.0086155674391	0.00581855420565	0.00279701323345	
bob_dylan.txt.tkzd.txt.POStagged.txt.lem.31.txt	-0.0119876468761	0.0459770114943	0.0147058823529	0.0	0.0	0.0	0.0	0.0229885057471	0.0294117647059	0.0202702702703	0.0	0.0	0.0	0.0229885057471	-0.0147058823529	-0.0202702702703	0.0	0.0	0.0	0.0101138156412	0.0121117567872	-0.00199794114601	
bob_dylan.txt.tkzd.txt.POStagged.txt.lem.46.txt	-0.00156949824298	0.0277777777778	0.00523560209424	0.00487804878049	0.0	0.0	0.0	0.0185185185185	0.020942408377	0.0	0.0	0.0	0.0	0.00925925925926	-0.0157068062827	0.00487804878049	0.0	0.0	0.0	0.00631523810875	0.00657682114925	-0.000261583040496	
bob_dylan.txt.tkzd.txt.POStagged.txt.lem.65.txt	-0.0153290529695	0.0112359550562	0.0214285714286	0.0	0.0	0.0	0.0	0.0337078651685	0.0142857142857	0.0	0.0	0.0	0.0	-0.0224719101124	0.00714285714286	0.0	0.0	0.0	0.0	0.00544408774746	0.00799892990904	-0.00255484216158	
bob_dylan.txt.tkzd.txt.POStagged.txt.lem.36.txt	-0.09259553264	0.0260416666667	0.00284090909091	0.0	0.0	0.0	0.0	0.0625	0.0340909090909	0.0151898734177	0.00487804878049	0.00481927710843	0.0	-0.0364583333333	-0.03125	-0.0151898734177	-0.00487804878049	-0.00481927710843	0.0	0.00481376262626	0.0202463513996	-0.0154325887733	
bob_marley.txt.tkzd.txt.POStagged.txt.lem.29.txt	-0.00878025628856	0.0408163265306	0.0266666666667	0.0	0.0116279069767	0.0	0.0	0.0612244897959	0.0266666666667	0.0	0.0	0.0	0.0	-0.0204081632653	0.0	0.0	0.0116279069767	0.0	0.0	0.013185150029	0.0146485260771	-0.00146337604809	
bob_marley.txt.tkzd.txt.POStagged.txt.lem.8.txt	-0.0888815898271	0.008	0.0174672489083	0.0	0.0	0.0	0.0	0.064	0.0349344978166	0.0117647058824	0.0036496350365	0.0	0.0	-0.056	-0.0174672489083	-0.0117647058824	-0.0036496350365	0.0	0.0	0.00424454148472	0.0190581397892	-0.0148135983045	
bob_dylan.txt.tkzd.txt.POStagged.txt.lem.83.txt	-0.0717417288605	0.0348837209302	0.0258064516129	0.0	0.0	0.0	0.0	0.046511627907	0.0451612903226	0.0295857988166	0.0111731843575	0.0	0.0	-0.0116279069767	-0.0193548387097	-0.0295857988166	-0.0111731843575	0.0	0.0	0.0101150287572	0.0220719835673	-0.0119569548101	
mike_ness.txt.tkzd.txt.POStagged.txt.lem.4.txt	-0.0652400392836	0.00943396226415	0.0145631067961	0.00881057268722	0.0	0.0	0.0	0.0566037735849	0.0194174757282	0.0220264317181	0.0	0.0	0.0	-0.0471698113208	-0.00485436893204	-0.0132158590308	0.0	0.0	0.0	0.00546794029125	0.0163412801719	-0.0108733398806	
trent_reznor.txt.tkzd.txt.POStagged.txt.lem.16.txt	-0.00414811864793	0.0117647058824	0.027972027972	0.00653594771242	0.0	0.0	0.0	0.0235294117647	0.013986013986	0.00653594771242	0.00636942675159	0.0	0.0	-0.0117647058824	0.013986013986	0.0	-0.00636942675159	0.0	0.0	0.00771211359447	0.00840346670246	-0.000691353107989	
fiona_apple.txt.tkzd.txt.POStagged.txt.lem.7.txt	-0.0405849255355	0.0104166666667	0.0188679245283	0.00381679389313	0.0	0.0	0.0	0.03125	0.0235849056604	0.0152671755725	0.00358422939068	0.0	0.0	-0.0208333333333	-0.00471698113208	-0.0114503816794	-0.00358422939068	0.0	0.0	0.00551689751468	0.0122810517706	-0.00676415425591	
bob_dylan.txt.tkzd.txt.POStagged.txt.lem.74.txt	0.0456752848352	0.0365853658537	0.031746031746	0.0215827338129	0.00689655172414	0.0	0.0	0.0121951219512	0.031746031746	0.00719424460432	0.0	0.0	0.0	0.0243902439024	0.0	0.0143884892086	0.00689655172414	0.0	0.0	0.0161351138561	0.00852256638359	0.00761254747254	
bob_dylan.txt.tkzd.txt.POStagged.txt.lem.110.txt	-0.276224980255	0.0	0.0	0.0	0.0	0.0	0.0	0.0227272727273	0.0857142857143	0.0875	0.0470588235294	0.0224719101124	0.010752688172	-0.0227272727273	-0.0857142857143	-0.0875	-0.0470588235294	-0.0224719101124	-0.010752688172	0.0	0.0460374967092	-0.0460374967092	
bob_dylan.txt.tkzd.txt.POStagged.txt.lem.45.txt	-0.0125731177581	0.0485714285714	0.00979020979021	0.0012706480305	0.00124688279302	0.00124069478908	0.0	0.0514285714286	0.0181818181818	0.00508259212198	0.0	0.0	0.0	-0.00285714285714	-0.00839160839161	-0.00381194409149	0.00124688279302	0.00124069478908	0.0	0.0103533106624	0.0124488302887	-0.00209551962636	
bob_dylan.txt.tkzd.txt.POStagged.txt.lem.44.txt	-0.0148297944051	0.0338164251208	0.0112044817927	0.0	0.0	0.0	0.0	0.0434782608696	0.0112044817927	0.00516795865633	0.0	0.0	0.0	-0.00966183574879	0.0	-0.00516795865633	0.0	0.0	0.0	0.00750348448558	0.00997511688644	-0.00247163240085	
bob_marley.txt.tkzd.txt.POStagged.txt.lem.41.txt	-0.0433551066279	0.0238095238095	0.021978021978	0.00404858299595	0.0	0.0	0.0	0.0238095238095	0.043956043956	0.0161943319838	0.00337837837838	0.00301204819277	0.00284090909091	0.0	-0.021978021978	-0.0121457489879	-0.00337837837838	-0.00301204819277	-0.00284090909091	0.00830602146392	0.0155318725686	-0.00722585110466	
fiona_apple.txt.tkzd.txt.POStagged.txt.lem.29.txt	-0.0116245348626	0.048951048951	0.0101694915254	0.00573065902579	0.0	0.0	0.0	0.041958041958	0.0203389830508	0.0114613180516	0.00271739130435	0.0	0.0	0.00699300699301	-0.0101694915254	-0.00573065902579	-0.00271739130435	0.0	0.0	0.0108085332504	0.0127459557275	-0.00193742247709	
trent_reznor.txt.tkzd.txt.POStagged.txt.lem.43.txt	0.0371511727444	0.0338983050847	0.0505050505051	0.0	0.0	0.0	0.0	0.0169491525424	0.030303030303	0.0	0.0	0.0	0.0	0.0169491525424	0.020202020202	0.0	0.0	0.0	0.0	0.0140672259316	0.00787536380757	0.00619186212407	
mike_ness.txt.tkzd.txt.POStagged.txt.lem.1.txt	-0.0702395665637	0.029702970297	0.0128205128205	0.0	0.0	0.0	0.0	0.049504950495	0.0512820512821	0.0119760479042	0.0	0.0	0.0	-0.019801980198	-0.0384615384615	-0.0119760479042	0.0	0.0	0.0	0.00708724718626	0.0187938416135	-0.0117065944273	
bob_marley.txt.tkzd.txt.POStagged.txt.lem.18.txt	-0.110208187886	0.0	0.015	0.0042735042735	0.0	0.0	0.0	0.0792079207921	0.025	0.0213675213675	0.00390625	0.0	0.0	-0.0792079207921	-0.01	-0.017094017094	-0.00390625	0.0	0.0	0.00321225071225	0.0215802820266	-0.0183680313143	
bob_dylan.txt.tkzd.txt.POStagged.txt.lem.42.txt	-0.0607634465228	0.0322580645161	0.0162381596752	0.00114155251142	0.0	0.0	0.0	0.0806451612903	0.0230040595399	0.00456621004566	0.00218579234973	0.0	0.0	-0.0483870967742	-0.00676589986468	-0.00342465753425	-0.00218579234973	0.0	0.0	0.0082729627838	0.0184002038709	-0.0101272410871	
bob_dylan.txt.tkzd.txt.POStagged.txt.lem.113.txt	-0.0550489567299	0.0491803278689	0.00604838709677	0.0017793594306	0.0	0.0	0.0	0.0696721311475	0.0282258064516	0.0124555160142	0.00170357751278	0.0	0.0	-0.0204918032787	-0.0221774193548	-0.0106761565836	-0.00170357751278	0.0	0.0	0.00950134573271	0.0186761718544	-0.00917482612166	
bob_dylan.txt.tkzd.txt.POStagged.txt.lem.72.txt	0.0258107835744	0.0491803278689	0.0350877192982	0.00787401574803	0.0	0.0	0.0	0.016393442623	0.0263157894737	0.0236220472441	0.0	0.0	0.0	0.0327868852459	0.00877192982456	-0.0157480314961	0.0	0.0	0.0	0.0153570104859	0.0110552132235	0.0043017972624	
trent_reznor.txt.tkzd.txt.POStagged.txt.lem.8.txt	-0.058132505477	0.02	0.0159574468085	0.0	0.0	0.0	0.0	0.03	0.031914893617	0.0233644859813	0.00881057268722	0.0	0.0	-0.01	-0.0159574468085	-0.0233644859813	-0.00881057268722	0.0	0.0	0.00599290780142	0.0156816587143	-0.00968875091284	
trent_reznor.txt.tkzd.txt.POStagged.txt.lem.33.txt	-0.0582905908477	0.00980392156863	0.0171428571429	0.00518134715026	0.0	0.0	0.0	0.0686274509804	0.0114285714286	0.0103626943005	0.0	0.0	0.0	-0.0588235294118	0.00571428571429	-0.00518134715026	0.0	0.0	0.0	0.00535468764362	0.0150697861182	-0.00971509847462	
trent_reznor.txt.tkzd.txt.POStagged.txt.lem.45.txt	-0.00755252913937	0.017094017094	0.0120481927711	0.00341296928328	0.00328947368421	0.0	0.0	0.017094017094	0.0160642570281	0.0102389078498	0.0	0.0	0.0	0.0	-0.00401606425703	-0.00682593856655	0.00328947368421	0.0	0.0	0.00597410880543	0.00723286366199	-0.00125875485656	
bob_marley.txt.tkzd.txt.POStagged.txt.lem.6.txt	0.0548367700266	0.027027027027	0.0151515151515	0.0126582278481	0.0	0.0	0.0	0.0	0.0	0.0	0.0	0.0	0.0	0.027027027027	0.0151515151515	0.0126582278481	0.0	0.0	0.0	0.00913946167111	0.0	0.00913946167111	
bob_marley.txt.tkzd.txt.POStagged.txt.lem.34.txt	-0.0585526315789	0.0208333333333	0.0125	0.0	0.0	0.0	0.0	0.0208333333333	0.05	0.0210526315789	0.0	0.0	0.0	0.0	-0.0375	-0.0210526315789	0.0	0.0	0.0	0.00555555555556	0.0153143274854	-0.00975877192982	
trent_reznor.txt.tkzd.txt.POStagged.txt.lem.2.txt	-0.00834716492676	0.047619047619	0.0153846153846	0.00440528634361	0.0	0.0	0.0	0.0	0.0410256410256	0.0264317180617	0.00829875518672	0.0	0.0	0.047619047619	-0.025641025641	-0.0220264317181	-0.00829875518672	0.0	0.0	0.0112348248912	0.0126260190457	-0.00139119415446	
mike_ness.txt.tkzd.txt.POStagged.txt.lem.41.txt	-0.0173402387381	0.020202020202	0.0287356321839	0.0263157894737	0.010101010101	0.0	0.0	0.020202020202	0.051724137931	0.0157894736842	0.010101010101	0.00487804878049	0.0	0.0	-0.0229885057471	0.0105263157895	0.0	-0.00487804878049	0.0	0.0142257419934	0.0171157817831	-0.00289003978969	
bob_marley.txt.tkzd.txt.POStagged.txt.lem.2.txt	-0.010041638975	0.0108695652174	0.0152284263959	0.0114068441065	0.0064308681672	0.00568181818182	0.00516795865633	0.0108695652174	0.0355329949239	0.0152091254753	0.0032154340836	0.0	0.0	0.0	-0.0203045685279	-0.00380228136882	0.0032154340836	0.00568181818182	0.00516795865633	0.00913091345419	0.01080451995	-0.00167360649583	
bob_marley.txt.tkzd.txt.POStagged.txt.lem.22.txt	-0.0824594699936	0.0333333333333	0.008	0.0	0.0	0.0	0.0	0.05	0.032	0.0310559006211	0.00555555555556	0.00518134715026	0.0	-0.0166666666667	-0.024	-0.0310559006211	-0.00555555555556	-0.00518134715026	0.0	0.00688888888889	0.0206321338878	-0.0137432449989	
bob_dylan.txt.tkzd.txt.POStagged.txt.lem.38.txt	-0.08171630297	0.01	0.0	0.0047619047619	0.00448430493274	0.0	0.0	0.05	0.031914893617	0.0190476190476	0.0	0.0	0.0	-0.04	-0.031914893617	-0.0142857142857	0.00448430493274	0.0	0.0	0.00320770161577	0.0168270854441	-0.0136193838283	
bob_dylan.txt.tkzd.txt.POStagged.txt.lem.56.txt	0.0	0.038961038961	0.017094017094	0.0	0.0	0.0	0.0	0.038961038961	0.017094017094	0.0	0.0	0.0	0.0	0.0	0.0	0.0	0.0	0.0	0.0	0.00934250934251	0.00934250934251	0.0	
trent_reznor.txt.tkzd.txt.POStagged.txt.lem.27.txt	0.0214534727809	0.0606060606061	0.0	0.0	0.0	0.0	0.0	0.030303030303	0.0	0.00884955752212	0.0	0.0	0.0	0.030303030303	0.0	-0.00884955752212	0.0	0.0	0.0	0.010101010101	0.00652543130419	0.00357557879682	
bob_dylan.txt.tkzd.txt.POStagged.txt.lem.16.txt	-0.0562237740946	0.0168067226891	0.0178571428571	0.0197628458498	0.00757575757576	0.0	0.0	0.0756302521008	0.0267857142857	0.0158102766798	0.0	0.0	0.0	-0.0588235294118	-0.00892857142857	0.00395256916996	0.00757575757576	0.0	0.0	0.0103337448286	0.0197043738444	-0.00937062901577	
bob_dylan.txt.tkzd.txt.POStagged.txt.lem.71.txt	-0.0229624988397	0.0263157894737	0.015037593985	0.00657894736842	0.00617283950617	0.0	0.0	0.0263157894737	0.0375939849624	0.0131578947368	0.0	0.0	0.0	0.0	-0.0225563909774	-0.00657894736842	0.00617283950617	0.0	0.0	0.00901752838887	0.0128446115288	-0.00382708313995	
trent_reznor.txt.tkzd.txt.POStagged.txt.lem.3.txt	-0.055254127021	0.0340909090909	0.0263157894737	0.00581395348837	0.0	0.0	0.0	0.0454545454545	0.0197368421053	0.0290697674419	0.021978021978	0.00523560209424	0.0	-0.0113636363636	0.00657894736842	-0.0232558139535	-0.021978021978	-0.00523560209424	0.0	0.0110367753422	0.0202457965123	-0.00920902117016	
trent_reznor.txt.tkzd.txt.POStagged.txt.lem.15.txt	-0.0124482102735	0.0131578947368	0.015503875969	0.0	0.0	0.0	0.0	0.0263157894737	0.0077519379845	0.00704225352113	0.0	0.0	0.0	-0.0131578947368	0.0077519379845	-0.00704225352113	0.0	0.0	0.0	0.00477696178431	0.00685166349655	-0.00207470171225	
bob_marley.txt.tkzd.txt.POStagged.txt.lem.36.txt	0.00699300699301	0.0178571428571	0.0178571428571	0.020979020979	0.0	0.0	0.0	0.0178571428571	0.0178571428571	0.013986013986	0.0	0.0	0.0	0.0	0.0	0.00699300699301	0.0	0.0	0.0	0.00944888444888	0.00828338328338	0.0011655011655	
mike_ness.txt.tkzd.txt.POStagged.txt.lem.18.txt	-0.0287179487179	0.0	0.0307692307692	0.0	0.0	0.0	0.0	0.0	0.0461538461538	0.0133333333333	0.0	0.0	0.0	0.0	-0.0153846153846	-0.0133333333333	0.0	0.0	0.0	0.00512820512821	0.00991452991453	-0.00478632478632	
bob_marley.txt.tkzd.txt.POStagged.txt.lem.21.txt	-0.0789089929622	0.0	0.00595238095238	0.0	0.0	0.0	0.0	0.0470588235294	0.0178571428571	0.0152284263959	0.00471698113208	0.0	0.0	-0.0470588235294	-0.0119047619048	-0.0152284263959	-0.00471698113208	0.0	0.0	0.000992063492063	0.0141435623191	-0.013151498827	
bob_dylan.txt.tkzd.txt.POStagged.txt.lem.18.txt	-0.0801292380825	0.0288461538462	0.00970873786408	0.00414937759336	0.00387596899225	0.0	0.0	0.0576923076923	0.0485436893204	0.0165975103734	0.00387596899225	0.0	0.0	-0.0288461538462	-0.0388349514563	-0.0124481327801	0.0	0.0	0.0	0.00776337304931	0.0211182460631	-0.0133548730138	
trent_reznor.txt.tkzd.txt.POStagged.txt.lem.20.txt	0.00453216374269	0.0333333333333	0.0197368421053	0.0	0.0	0.0	0.0	0.0222222222222	0.0263157894737	0.0	0.0	0.0	0.0	0.0111111111111	-0.00657894736842	0.0	0.0	0.0	0.0	0.00884502923977	0.00808966861598	0.000755360623782	
mike_ness.txt.tkzd.txt.POStagged.txt.lem.40.txt	-0.0135728332631	0.0277777777778	0.0176991150442	0.00826446280992	0.00793650793651	0.0	0.0	0.0138888888889	0.0530973451327	0.00826446280992	0.0	0.0	0.0	0.0138888888889	-0.0353982300885	0.0	0.00793650793651	0.0	0.0	0.0102796439281	0.0125417828053	-0.00226213887718	
mike_ness.txt.tkzd.txt.POStagged.txt.lem.36.txt	0.0093896713615	0.0272727272727	0.0328638497653	0.0078431372549	0.0	0.0	0.0	0.0272727272727	0.0234741784038	0.0078431372549	0.0	0.0	0.0	0.0	0.0093896713615	0.0	0.0	0.0	0.0	0.0113299523821	0.00976500715523	0.00156494522692	
bob_dylan.txt.tkzd.txt.POStagged.txt.lem.77.txt	-0.0793813552081	0.0120481927711	0.00787401574803	0.0	0.0	0.0	0.0	0.0843373493976	0.00787401574803	0.00709219858156	0.0	0.0	0.0	-0.0722891566265	0.0	-0.00709219858156	0.0	0.0	0.0	0.00332036808652	0.0165505939545	-0.013230225868	
bob_marley.txt.tkzd.txt.POStagged.txt.lem.42.txt	-0.014159775316	0.0	0.0689655172414	0.0	0.0	0.0	0.0	0.0192307692308	0.0344827586207	0.0294117647059	0.0	0.0	0.0	-0.0192307692308	0.0344827586207	-0.0294117647059	0.0	0.0	0.0	0.0114942528736	0.0138542154262	-0.00235996255266	
trent_reznor.txt.tkzd.txt.POStagged.txt.lem.29.txt	-0.0360342812622	0.0243902439024	0.0	0.00662251655629	0.0	0.0	0.0	0.0243902439024	0.0294117647059	0.0132450331126	0.0	0.0	0.0	0.0	-0.0294117647059	-0.00662251655629	0.0	0.0	0.0	0.00516879340979	0.0111745069535	-0.0060057135437	
bob_dylan.txt.tkzd.txt.POStagged.txt.lem.92.txt	-0.0380349608198	0.012987012987	0.014598540146	0.0	0.0	0.0	0.0	0.025974025974	0.014598540146	0.0189873417722	0.00606060606061	0.0	0.0	-0.012987012987	0.0	-0.0189873417722	-0.00606060606061	0.0	0.0	0.00459759218883	0.0109367523255	-0.00633916013663	
