suicide-class	passive/tok	passive/typ	passive/time	(“I” + mental-verb)/time	neut/typ	diff between sums across all n-grams	% non-suicide 2-grams	% non-suicide 4-grams	diff for 1-gram %s	diff for 2-gram %s	average for all non-suicide n-gram %s	diff between n-gram % averages	det/token
non-suicide	0	0	0	0	0.28	-0.0198261756	0.0544217687	0.0050761421	0.0273972603	-0.0204081633	0.021294619	-0.0033043626	0.0277777778
non-suicide	0.019650655	0.036437247	0.0179282869	0.0258964143	0.0728744939	0.0083048387	0.0550847458	0.0018621974	0.0384615385	-0.0169491525	0.0210994999	0.0013841398	0.0904059041
non-suicide	0.0215311005	0.0508474576	0.034351145	0.0114503817	0.2372881356	0.0049232195	0.0546448087	0.0023419204	-0.012345679	0.0027322404	0.023367658	0.0008205366	0.0695652174
non-suicide	0.0153846154	0.0394736842	0.0178571429	0	0.1578947368	-0.0345520752	0.056	0.0063694268	-0.0133333333	-0.008	0.0182031236	-0.0057586792	0.1031390135
non-suicide	0	0	0	0	0.075	-0.0498083049	0.062992126	0	-0.0384615385	-0.0393700787	0.0268403272	-0.0083013842	0.1153846154
non-suicide	0.0142045455	0.0306748466	0.0182481752	0.0072992701	0.1533742331	0.0388775129	0.0366972477	0.0026385224	0.0316455696	0.0152905199	0.0128822169	0.0064795855	0.0541237113
non-suicide	0.0307692308	0.0833333333	0.038647343	0.0144927536	0.21875	-0.1054593042	0.0988372093	0.012605042	0.010989011	-0.0697674419	0.0294137457	-0.0175765507	0.0479233227
non-suicide	0	0	0	0.020979021	0.0608695652	-0.1228214679	0.0842696629	0.0153061224	-0.0092592593	-0.0617977528	0.0314493593	-0.0204702446	0.055
non-suicide	0.0064829822	0.0203045685	0.0096385542	0.0192771084	0.0862944162	0.0222800651	0.0298102981	0.002004008	0.0168539326	0.0162601626	0.0181774329	0.0037133442	0.1126961484
non-suicide	0.0068027211	0.0163934426	0.0090909091	0.0136363636	0.1147540984	-0.1163579294	0.0818181818	0.0182481752	-0.0267857143	-0.0363636364	0.0324312266	-0.0193929882	0.0439882698
non-suicide	0.015936255	0.0273972603	0.0132013201	0.0099009901	0.0479452055	0.0050268714	0.0392156863	0.0108695652	0.0444444444	0.0078431373	0.0205720056	0.0008378119	0.0925266904
non-suicide	0	0	0	0	0.0481927711	-0.0904791909	0.0746268657	0.0067114094	-0.012345679	-0.0373134328	0.0256394888	-0.0150798652	0.0714285714
non-suicide	0.004	0.0106382979	0.0046948357	0.0046948357	0.1170212766	0.0649351035	0.037037037	0	0.0212765957	0.037037037	0.0139408829	0.0108225172	0.0653594771
non-suicide	0.0104166667	0.023255814	0.006097561	0.0365853659	0.1162790698	-0.3047964088	0.1285714286	0.0588235294	-0.0227272727	-0.1142857143	0.0593078048	-0.0507994015	0.072
non-suicide	0	0	0	0.0360824742	0.1235955056	-0.1107036731	0.0617059891	0.0145772595	-0.0491803279	-0.0254083485	0.0308455953	-0.0184506122	0.0807365439
non-suicide	0.0102564103	0.0307692308	0.0165289256	0.0330578512	0.1846153846	-0.0931813651	0.0857142857	0	-0.0322580645	-0.0761904762	0.0237163506	-0.0155302275	0.0622222222
non-suicide	0.001980198	0.0037735849	0.0034602076	0.0242214533	0.0716981132	-0.1111304531	0.0705645161	0.0051107325	-0.0368852459	-0.0564516129	0.0320882624	-0.0185217422	0.073089701
non-suicide	0.0073800738	0.0151515152	0.0102564103	0	0.0757575758	-0.0388558352	0.0585774059	0.0073260073	-0.015503876	-0.0083682008	0.0250934044	-0.0064759725	0.0825082508
non-suicide	0.0026525199	0.006993007	0.0032679739	0	0.1188811189	-0.044909846	0.0650406504	0.0033898305	0	-0.0447154472	0.0228460443	-0.0074849743	0.0774647887
non-suicide	0.0135869565	0.0279329609	0.011682243	0.0210280374	0.0893854749	-0.0103137959	0.0597014925	0.0049627792	-0.0188679245	0.0059701493	0.0242742015	-0.001718966	0.0883054893
non-suicide	0	0	0	0.0124223602	0.0481927711	0.0349483204	0.0310077519	0	0.0125	0.015503876	0.0125753661	0.0058247201	0.1130952381
non-suicide	0.0216216216	0.039408867	0.0290909091	0.0218181818	0.0541871921	-0.0148212254	0.0557103064	0.0073349633	0	0	0.0222418066	-0.0024702042	0.1116504854
non-suicide	0.0217983651	0.050955414	0.0375586854	0	0.0445859873	-0.0170509966	0.0360655738	0.0027624309	-0.0204081633	0.0032786885	0.0164885986	-0.0028418328	0.1383495146
non-suicide	0.0034602076	0.0133333333	0.0036231884	0	0.3466666667	-0.145043266	0.053030303	0.0054644809	-0.0519480519	-0.0378787879	0.0297743792	-0.0241738777	0.039039039
non-suicide	0.0033783784	0.0072463768	0.0035714286	0.0321428571	0.1376811594	-0.011906212	0.0541516245	0	0	-0.0144404332	0.02489148	-0.0019843687	0.061452514
non-suicide	0.0227272727	0.0503597122	0.0353535354	0	0.1870503597	0.017426115	0.0395256917	0	-0.0074074074	0.0118577075	0.0200444054	0.0029043525	0.15
non-suicide	0	0	0	0	0.1055276382	-0.0796904165	0.0501392758	0	-0.0543478261	-0.0278551532	0.0245926176	-0.0132817361	0.1196581197
non-suicide	0.0193905817	0.0397727273	0.0210843373	0.0180722892	0.1761363636	-0.0184166412	0.0464396285	0.0051948052	0.012195122	-0.0092879257	0.0190633838	-0.0030694402	0.0888888889
non-suicide	0.0107526882	0.0256410256	0.0086956522	0.0043478261	0.1538461538	-0.0578615854	0.0579710145	0.0256410256	0.0133333333	0.0072463768	0.0337306617	-0.0096435976	0.0365296804
non-suicide	0.0040733198	0.0078740157	0.004415011	0.0022075055	0.1181102362	-0.0348698267	0.0553278689	0.0018214936	-0.0130434783	-0.0143442623	0.0224579254	-0.0058116378	0.1053571429
non-suicide	0.0114285714	0.036036036	0.0136054422	0.0340136054	0.2702702703	-0.0804664331	0.064516129	0	-0.0495049505	-0.0230414747	0.0245146821	-0.0134110722	0.0188679245
non-suicide	0.0034965035	0.0075757576	0.0053475936	0.0213903743	0.1060606061	-0.0948138409	0.0714285714	0.0113636364	-0.0504201681	-0.0401785714	0.0329913586	-0.0158023068	0.039039039
non-suicide	0.0234741784	0.0609756098	0.0352941176	0.0094117647	0.2479674797	-0.1042323688	0.0649895178	0.0072202166	-0.0666666667	-0.035639413	0.0333636613	-0.0173720615	0.0780619112
non-suicide	0	0	0	0.012605042	0.1081081081	-0.1009566965	0.0873786408	0.007751938	-0.0288461538	-0.067961165	0.0326055486	-0.0168261161	0.0594059406
non-suicide	0.0074074074	0.0172413793	0.0068493151	0.0102739726	0.0775862069	-0.087240838	0.078817734	0	-0.0673076923	-0.0197044335	0.028830365	-0.0145401397	0.0641025641
non-suicide	0	0	0	0.0257731959	0.1914893617	-0.0808180708	0.0769230769	0.0054644809	-0.0444444444	-0.0192307692	0.0296571856	-0.0134696785	0.0652173913
non-suicide	0.009771987	0.0283018868	0.0157894737	0	0.1603773585	-0.106947413	0.1034482759	0.0308880309	0.0106382979	-0.0492610837	0.0389665295	-0.0178245688	0.0207100592
non-suicide	0	0	0	0.0066225166	0.1363636364	-0.0870050706	0.067357513	0.0132743363	-0.0283018868	-0.0362694301	0.0288177256	-0.0145008451	0.0224719101
non-suicide	0.0036101083	0.0070921986	0.0033670034	0.0134680135	0.1205673759	-0.0605118084	0.0357142857	0.0137931034	-0.0396825397	0	0.0281076218	-0.0100853014	0.0458715596
non-suicide	0	0	0	0.0181818182	0.0729927007	-0.0477112676	0.0669014085	0.003058104	0	-0.0352112676	0.0253217777	-0.0079518779	0.0207715134
non-suicide	0	0	0	0.0465116279	0.1604938272	-0.1070813217	0.0855263158	0.0144230769	-0.0512820513	-0.0394736842	0.033226631	-0.0178468869	0.030075188
non-suicide	0.0017953321	0.0050251256	0.0014641288	0.0073206442	0.1256281407	-0.0395955769	0.0638888889	0.0022222222	-0.0053475936	-0.025	0.0267294229	-0.0065992628	0.0570032573
non-suicide	0.0048465267	0.0106007067	0.0087719298	0.0204678363	0.0954063604	-0.1004320343	0.0605536332	0.0072780204	-0.0418250951	-0.0363321799	0.0309523026	-0.0167386724	0.0830985915
non-suicide	0.0070422535	0.0125	0.0077220077	0.0077220077	0.075	0.033066683	0.0544747082	0.0068259386	0.0519480519	-0.0155642023	0.0141356626	0.0055111138	0.1150159744
non-suicide	0.0043668122	0.0085470085	0.0036231884	0.0072463768	0.2051282051	-0.0282600617	0.05	0.0154440154	-0.0091743119	0.0045454545	0.0247670561	-0.0047100103	0.0892193309
non-suicide	0.0014367816	0.0032154341	0.0021367521	0.0106837607	0.1639871383	-0.0578204243	0.0543293718	0.0058139535	-0.0144404332	-0.0271646859	0.0280737152	-0.0096367374	0.1009055627
non-suicide	0	0	0	0.0277777778	0.1651376147	0.0366726835	0.0279329609	0.0048780488	0.0095238095	0.0279329609	0.0232770216	0.0061121139	0.0327102804
non-suicide	0.003236246	0.0067567568	0.0051282051	0.0102564103	0.1216216216	-0.00322115	0.048582996	0.020979021	0	-0.008097166	0.0247027113	-0.0005368583	0.0341880342
non-suicide	0.0113636364	0.0224719101	0.0076335878	0.0076335878	0.1123595506	-0.0362207533	0.0588235294	0.0191082803	0.0114942529	-0.0147058824	0.0254925181	-0.0060367922	0.0853080569
non-suicide	0.0043336945	0.0106666667	0.0075329567	0.0018832392	0.112	-0.0606905538	0.0661672909	0.002994012	-0.0234604106	-0.0299625468	0.0270210917	-0.0101150923	0.108365019
non-suicide	0.00390625	0.0072992701	0.0034602076	0.0207612457	0.1459854015	-0.0908949883	0.0803212851	0	-0.0158730159	-0.0642570281	0.0284662459	-0.0151491647	0.0484429066
non-suicide	0.0108225108	0.0242718447	0.0165562914	0.0529801325	0.0485436893	-0.0129433305	0.0406504065	0.0023752969	-0.0104166667	0	0.0216725846	-0.0021572218	0.0742659758
non-suicide	0.0057142857	0.0112359551	0.004950495	0.0148514851	0.202247191	-0.1530232003	0.0909090909	0.0203045685	-0.0555555556	-0.0727272727	0.0383749024	-0.0255038667	0.0528846154
non-suicide	0.0055248619	0.0095238095	0.0141843972	0	0.0666666667	-0.1176379808	0.0625	0.012195122	-0.0520833333	-0.0284090909	0.0317623044	-0.0196063301	0.0962441315
non-suicide	0.0157894737	0.0352941176	0.0179640719	0	0.0941176471	0.0086155674	0.053030303	0.0130718954	0	0.0151515152	0.0203476619	0.0014359279	0.0697674419
non-suicide	0.0028735632	0.0093457944	0.0042735043	0.0128205128	0.1962616822	-0.1960952472	0.1063829787	0.0089686099	-0.06	-0.0744680851	0.04446336	-0.0326825412	0.0881612091
non-suicide	0	0	0	0	0.0330578512	-0.0247907031	0.0207253886	0.0046948357	-0.0166666667	0.0207253886	0.0193735801	-0.0041317839	0.1131221719
non-suicide	0	0	0	0	0.0614035088	0.0110079755	0.0316622691	0	0.0092592593	-0.0052770449	0.0176227239	0.0018346626	0.130952381
non-suicide	0	0	0	0.0432432432	0.0549450549	-0.0759682761	0.0559440559	0.0055248619	-0.0112359551	-0.034965035	0.020050744	-0.0126613794	0.0701754386
non-suicide	0.0115384615	0.0247933884	0.0193548387	0.0322580645	0.0661157025	-0.1755868155	0.0601851852	0.0231660232	-0.0588235294	-0.0416666667	0.0364960955	-0.0292644693	0.0555555556
non-suicide	0.0050505051	0.01179941	0.0102564103	0.0666666667	0.0648967552	-0.0799873278	0.0581867388	0.0043715847	-0.0580645161	-0.0175913396	0.0317522254	-0.0133312213	0.0887700535
non-suicide	0.006263048	0.0161290323	0.0090909091	0.0090909091	0.1021505376	0.0534263629	0.0410094637	0.0056022409	0.0517241379	-0.0063091483	0.0207190305	0.0089043938	0.0724381625
non-suicide	0.0024875622	0.0043859649	0.0029411765	0	0.0570175439	-0.0025062657	0.0392156863	0.0025062657	0	0	0.0179074841	-0.0004177109	0.1126760563
non-suicide	0.0112044818	0.0211640212	0.0178173719	0.004454343	0.1058201058	-0.0618234125	0.0461538462	0	-0.0342857143	-0.0223776224	0.024519318	-0.0103039021	0.0572472594
non-suicide	0	0	0	0	0.1929824561	-0.0106900452	0.0523560209	0.0047393365	0	-0.0157068063	0.0196709667	-0.0017816742	0.0905349794
non-suicide	0.006993007	0.0170454545	0.0080428954	0	0.1875	-0.0899555845	0.084548105	0.0072815534	-0.0245398773	-0.055393586	0.0297493012	-0.0149925974	0.0708502024
non-suicide	0.0115511551	0.0267175573	0.0195530726	0.0055865922	0.0267175573	-0.0864719116	0.0468085106	0.0018382353	-0.0532786885	-0.0276595745	0.0243811353	-0.0144119853	0.1154929577
non-suicide	0.0061728395	0.0112359551	0.0040160643	0.0080321285	0.1123595506	-0.1722119777	0.1059602649	0.0228571429	-0.0697674419	-0.0794701987	0.0419281989	-0.0287019963	0.0819672131
non-suicide	0.0057803468	0.0108695652	0.0104529617	0.031358885	0.0688405797	-0.1212574683	0.0633397313	0.0115511551	-0.062992126	-0.0345489443	0.0324978697	-0.020209578	0.0538336052
non-suicide	0.0091324201	0.0210526316	0.0100502513	0.0150753769	0.1578947368	-0.1028585115	0.0506329114	0.0317460317	-0.0326086957	-0.0379746835	0.0274576821	-0.0171430852	0.0778210117
non-suicide	0.0021186441	0.0055555556	0.0027932961	0.0027932961	0.1722222222	-0.1101978175	0.061971831	0.0089686099	-0.0481927711	-0.0309859155	0.0342382337	-0.0183663029	0.0436300175
non-suicide	0	0	0	0	0.1686746988	-0.0655855162	0.0507246377	0.012195122	0.0126582278	-0.0217391304	0.0252690319	-0.0109309194	0.0620155039
non-suicide	0.0094339623	0.0185185185	0.0142857143	0.019047619	0.1358024691	-0.1188716275	0.0704697987	0.0052770449	-0.0839160839	-0.0268456376	0.0322762103	-0.0198119379	0.0702576112
non-suicide	0	0	0	0.003021148	0.097826087	-0.1063409386	0.0735294118	0.0054644809	-0.0402298851	-0.0441176471	0.0292512699	-0.0177234898	0.0710227273
non-suicide	0.0100430416	0.0193370166	0.0102790015	0.0014684288	0.0994475138	-0.0425778445	0.0384615385	0.0063613232	-0.0243902439	-0.0118343195	0.0228610667	-0.0070963074	0.0880503145
non-suicide	0.0336134454	0.0533333333	0.0224719101	0	0.0933333333	-0.0285055446	0.0256410256	0.0079365079	-0.012987013	0.0085470085	0.0182865223	-0.0047509241	0.1374045802
non-suicide	0.0065359477	0.0106382979	0.0059171598	0.0236686391	0.0319148936	0.0157356241	0.0683229814	0	-0.0112359551	-0.0124223602	0.0207717397	0.002622604	0.0523560209
non-suicide	0.0071428571	0.0106382979	0.0042918455	0.0300429185	0.0638297872	0.0004301075	0.06	0	0	0.0133333333	0.0212085086	7.16845878136E-005	0.0609756098
non-suicide	0	0	0	0.0066225166	0.09	0.0141542873	0.0838709677	0	0.0212765957	-0.0193548387	0.0205920786	0.0023590479	0.125
non-suicide	0.0096774194	0.0177514793	0.0129310345	0.0129310345	0.1597633136	-0.0542046043	0.0714285714	0.0029239766	-0.0193548387	-0.025974026	0.0284797671	-0.0090341007	0.0751445087
non-suicide	0.0017574692	0.0039525692	0.0029850746	0.0059701493	0.0711462451	-0.0447539416	0.0602636535	0.0030487805	-0.0132743363	-0.0282485876	0.0241075739	-0.0074589903	0.0754985755
non-suicide	0	0	0	0	0.0865384615	-0.074531351	0.0705882353	0	0	-0.0470588235	0.0258934343	-0.0124218918	0.0864864865
non-suicide	0.0058479532	0.0098039216	0.0051020408	0.0102040816	0.1470588235	-0.0573957235	0.0365853659	0.0112359551	0	-0.012195122	0.0208440829	-0.0095659539	0.0578947368
non-suicide	0.0069444444	0.0094339623	0.0050251256	0.0150753769	0.0566037736	-0.039401891	0.059602649	0.0062893082	0	-0.0331125828	0.0242475599	-0.0065669818	0.0487804878
non-suicide	0.0067114094	0.011627907	0.003968254	0.0119047619	0.1046511628	-0.0347260769	0.0902255639	0	0.0238095238	-0.045112782	0.0271953654	-0.0057876795	0.0598802395
non-suicide	0.0152671756	0.0212765957	0.0163934426	0	0.0319148936	-0.061507093	0.0428571429	0	-0.0337078652	-0.0142857143	0.0180118722	-0.0102511822	0.0986842105
non-suicide	0	0	0	0.006993007	0.0204081633	-0.1952307934	0.15	0.0217391304	-0.0377358491	-0.1125	0.0438711042	-0.0325384656	0.0514705882
non-suicide	0	0	0	0	0.0925925926	-0.2547162589	0.0476190476	0.0404040404	-0.0740740741	-0.0357142857	0.0475232566	-0.0424527098	0.0336134454
non-suicide	0.0130718954	0.021978022	0.013986014	0.013986014	0.1318681319	-0.1202679291	0.0604026846	0.0186335404	-0.011627907	-0.033557047	0.0296015664	-0.0200446548	0.0643274854
non-suicide	0	0	0	0.0082644628	0.2131147541	-0.0379136189	0.0808080808	0.0172413793	0	-0.0202020202	0.0220600518	-0.0063189365	0.0548780488
non-suicide	0.0016666667	0.0037453184	0.0036630037	0.0622710623	0.0674157303	-0.1219928377	0.0667870036	0.0145137881	-0.0456431535	-0.036101083	0.0344976575	-0.0203321396	0.0632737276
non-suicide	0.0055555556	0.012987013	0.0050505051	0.0050505051	0.1168831169	-0.1126756127	0.0833333333	0.0064102564	-0.0540540541	-0.0454545455	0.0273446523	-0.0187792688	0.0491071429
non-suicide	0.0053475936	0.0119047619	0.006993007	0.041958042	0.2857142857	0.0038870324	0.0601503759	0	0	-0.015037594	0.0198934837	0.0006478387	0.0765550239
non-suicide	0.0057142857	0.0153846154	0.0062111801	0	0.2153846154	-0.0058640822	0.0438596491	0.0074074074	0.0163934426	0.0087719298	0.0205706701	-0.000977347	0.0666666667
non-suicide	0	0	0	0.0103092784	0.130952381	-0.1241091138	0.0714285714	0	-0.0476190476	-0.05	0.0313124146	-0.0206848523	0.0324324324
non-suicide	0	0	0	0.0147783251	0.1411764706	0.0104129024	0.0714285714	0.0068965517	0.012195122	-0.0158730159	0.0219153909	0.0017354837	0.06
non-suicide	0.0055555556	0.0153846154	0.0062893082	0.0062893082	0.1076923077	-0.0333087965	0.0789473684	0.006993007	0	-0.0263157895	0.0269321081	-0.0055514661	0.0432692308
non-suicide	0	0	0	0.0084388186	0.1739130435	-0.1009712929	0.0682926829	0.00390625	-0.0619469027	-0.0390243902	0.0311387403	-0.0168285488	0.1243093923
non-suicide	0.0067114094	0.0120481928	0.0065359477	0	0.0963855422	-0.1097881222	0.0472440945	0	-0.0963855422	0.0078740157	0.0318564704	-0.0182980204	0.0994152047
non-suicide	0.0108108108	0.0204081633	0.0118343195	0.0059171598	0.0612244898	-0.1126664636	0.1011235955	0.0047393365	-0.0217391304	-0.0617977528	0.0323928499	-0.0187777439	0.0814479638
non-suicide	0	0	0	0	0.0612244898	-0.0515970892	0.0559006211	0.0158730159	0	-0.0248447205	0.0277138636	-0.0085995149	0.103286385
non-suicide	0	0	0	0.0229007634	0.1446540881	-0.0066998625	0.0427350427	0	0.0063291139	-0.0170940171	0.0204582417	-0.0011166438	0.0513595166
non-suicide	0	0	0	0	0.1627906977	-0.03815068	0.0281690141	0	-0.011627907	-0.0070422535	0.0195694959	-0.0063584467	0.0734463277
non-suicide	0	0	0	0	0.1126760563	-0.0542038068	0.0540540541	0	-0.0422535211	-0.036036036	0.0197648006	-0.0090339678	0.1066666667
non-suicide	0	0	0	0	0.0506329114	-0.1174586568	0.0551181102	0	-0.0641025641	-0.0393700787	0.0243378669	-0.0195764428	0.0898876404
non-suicide	0.005	0.011627907	0.0052910053	0	0.2790697674	-0.1860517296	0.1096774194	0.0279329609	-0.0348837209	-0.064516129	0.0453356501	-0.0310086216	0.0614754098
non-suicide	0.0076335878	0.0133333333	0.0053475936	0.0053475936	0.0933333333	-0.1113529775	0.0462962963	0.0168067227	-0.0422535211	0	0.0338322632	-0.0185588296	0.0909090909
non-suicide	0	0	0	0	0.0380952381	-0.0871692579	0.0621118012	0	-0.0495049505	-0.0434782609	0.021903122	-0.0145282096	0.132183908
non-suicide	0	0	0	0	0.0754716981	-0.1403949824	0.0879120879	0	-0.0566037736	-0.0659340659	0.0333514756	-0.0233991637	0.0476190476
non-suicide	0	0	0	0	0.0821917808	-0.08589598	0.0720720721	0.0081967213	-0.0666666667	-0.036036036	0.0272903638	-0.0143159967	0.0546875
non-suicide	0	0	0	0.0135135135	0.0476190476	-0.0742714996	0.0666666667	0.0142857143	-0.0714285714	-0.0333333333	0.0278843876	-0.0123785833	0.0141843972
non-suicide	0.0061728395	0.0113636364	0.0065789474	0	0.1363636364	-0.0892606438	0.0756578947	0.0058823529	-0.0178571429	-0.0625	0.0235556338	-0.014876774	0.0596205962
non-suicide	0.0056818182	0.0125786164	0.0076335878	0.0190839695	0.0817610063	-0.0228402112	0.0507936508	0.0131926121	-0.0272108844	0.0095238095	0.0229919601	-0.0038067019	0.035443038
non-suicide	0.0106382979	0.0136986301	0.0076923077	0	0.095890411	-0.0018974209	0.0754716981	0	0.0547945205	-0.0660377358	0.0164049313	-0.0003162368	0.0727272727
non-suicide	0	0	0	0.0050761421	0.1315789474	-0.0257393511	0.027173913	0	0	-0.0054347826	0.01476511	-0.0042898919	0.1147540984
non-suicide	0.0279329609	0.0625	0.0241545894	0.0289855072	0.1	-0.0925484968	0.0729927007	0.0121212121	-0.012987013	-0.0291970803	0.0290631797	-0.0154247495	0.0717703349
non-suicide	0.0036101083	0.0060240964	0.0038910506	0.0116731518	0.0722891566	-0.1417639946	0.0524475524	0.0127388535	-0.0636942675	-0.0104895105	0.0386078892	-0.0236273324	0.1034482759
non-suicide	0	0	0	0.0235294118	0.1447368421	0.0060421234	0.0434782609	0.0078740157	0	-0.0260869565	0.0197416447	0.0010070206	0.0544217687
non-suicide	0.0046948357	0.009009009	0.0035087719	0.0070175439	0.045045045	0.0208333333	0.0104166667	0	0	0.0208333333	0.0110269222	0.0034722222	0.0723404255
non-suicide	0.0128205128	0.0350877193	0.0067340067	0	0.4561403509	-0.0254961611	0.0927835052	0	-0.0169491525	0	0.0225622806	-0.0042493602	0.043715847
non-suicide	0.0171821306	0.0292397661	0.0148809524	0.005952381	0.0584795322	0.031796663	0.0553633218	0	0	-0.0034602076	0.0187916007	0.0052994438	0.0833333333
non-suicide	0	0	0	0.0172413793	0.3166666667	-0.0120887239	0.0747663551	0	0	-0.0280373832	0.0210412528	-0.0020147873	0.0607476636
non-suicide	0.0087719298	0.012987013	0.0056497175	0.0056497175	0.0779220779	-0.0557029083	0.0769230769	0.0241935484	0.0519480519	-0.0427350427	0.0320451632	-0.009283818	0.0697674419
non-suicide	0	0	0	0.0032154341	0.5526315789	0.0372494136	0.012987013	0.0074626866	0	0.038961039	0.0122689435	0.0062082356	0.0235849057
non-suicide	0.0045045045	0.0153846154	0.0057471264	0	0.3538461538	-0.0675436205	0.0625	0	0	-0.0446428571	0.0206339303	-0.0112572701	0.1393728223
non-suicide	0	0	0	0	1.234375	-0.2591950745	0.1214285714	0.0454545455	-0.0161290323	-0.0857142857	0.0553448976	-0.0431991791	0.0147783251
non-suicide	0.0037878788	0.014084507	0.0030120482	0.0090361446	0.8450704225	-0.1082542568	0.0828025478	0.0217391304	-0.0422535211	-0.0382165605	0.041601382	-0.0180423761	0.0111111111
non-suicide	0	0	0	0.0322580645	0.2857142857	-0.109972762	0.0837209302	0.0101265823	-0.0425531915	-0.0418604651	0.0347992518	-0.0183287937	0.0197841727
non-suicide	0	0	0	0	1.4255319149	-0.0618539651	0.0808080808	0.0172413793	0	0	0.0318042066	-0.0103089942	0.095890411
non-suicide	0.0071428571	0.0315789474	0.0097402597	0.012987013	0.1052631579	-0.1529870228	0.0845771144	0.0129032258	-0.0561797753	-0.0646766169	0.034297369	-0.0254978371	0.0383877159
non-suicide	0.0023980815	0.0097087379	0.0050251256	0	0.6019417476	-0.0610994704	0.0938967136	0.0101351351	0.0194174757	-0.0516431925	0.0286970485	-0.0101832451	0.0487329435
non-suicide	0	0	0	0.0815602837	0.3870967742	-0.1356722158	0.0742574257	0.0062695925	-0.0813953488	-0.0445544554	0.0367752872	-0.022612036	0.0925507901
non-suicide	0.0039525692	0.0096153846	0.0039370079	0	0.2692307692	-0.1546526603	0.08	0.01953125	-0.0693069307	-0.02	0.0395623605	-0.0257754434	0.085443038
non-suicide	0	0	0	0	0.1780821918	-0.1210819841	0.0387596899	0.0055555556	-0.0540540541	-0.023255814	0.0271397045	-0.0201803307	0.0795454545
non-suicide	0.0204603581	0.0824742268	0.0449438202	0.0337078652	0.2680412371	-0.0360900622	0.076142132	0.0064308682	0	-0.0355329949	0.0230887772	-0.0060150104	0.0436507937
non-suicide	0	0	0	0.0223214286	0.3611111111	-0.090218059	0.0625	0.0116959064	-0.0135135135	-0.03125	0.0288630009	-0.0150363432	0.0563380282
non-suicide	0.0037593985	0.0119047619	0.0037453184	0.0187265918	0.2142857143	-0.1080316247	0.0595238095	0.0094339623	-0.0705882353	-0.0178571429	0.0274877863	-0.0180052708	0.0444444444
non-suicide	0	0	0	0.0597014925	0.3442622951	-0.1020371097	0.08	0.0055555556	-0.0166666667	-0.056	0.0307025273	-0.017006185	0.0154440154
non-suicide	0	0	0	0.030418251	0.15625	0.0385911868	0.0374331551	0.0128755365	0	0.0160427807	0.0189590344	0.0064318645	0.0681818182
non-suicide	0	0	0	0.0128205128	0.3404255319	-0.261859746	0.1063829787	0.0632911392	0.0217391304	-0.085106383	0.0583420171	-0.043643291	0.0652173913
non-suicide	0	0	0	0	0.3289473684	-0.1396592735	0.0754716981	0.008583691	-0.0526315789	-0.0377358491	0.0363337929	-0.0232765456	0.0966666667
non-suicide	0	0	0	0	0.4285714286	0.1259930538	0.0442477876	0	0	0.0442477876	0.0086566826	0.0209988423	0.1301115242
non-suicide	0.0052493438	0.017699115	0.0106382979	0.0106382979	0.7787610619	-0.0872783093	0.0772727273	0.0068027211	-0.0272727273	-0.0590909091	0.0274730219	-0.0145463849	0.0357142857
non-suicide	0	0	0	0	0.4901960784	-0.076089355	0.0520833333	0.0078740157	0	-0.0416666667	0.0249835056	-0.0126815592	0.108
non-suicide	0	0	0	0	0.3777777778	0.0373069193	0.04	0	0	0.0133333333	0.0168707483	0.0062178199	0.1802816901
non-suicide	0	0	0	0.0137931034	0.2804878049	-0.009182292	0.0441176471	0.0056818182	-0.0126582278	-0.0147058824	0.0177276535	-0.001530382	0.04296875
non-suicide	0	0	0	0	0.5666666667	-0.1057137303	0.0867052023	0.0264150943	-0.0107526882	-0.0462427746	0.0310262809	-0.0176189551	0.0161870504
non-suicide	0	0	0	0.0047393365	0.1634615385	-0.0470205739	0.04784689	0.0168918919	0	0	0.0271112721	-0.0078367623	0.0403587444
non-suicide	0.0017699115	0.0104166667	0.0039215686	0.0039215686	0.1770833333	0.0186528532	0.0574162679	0.0070921986	-0.0104166667	0.028708134	0.0266253339	0.0031088089	0.0243902439
non-suicide	0.0042194093	0.0158730159	0.00456621	0.0136986301	0.2857142857	-0.0692335859	0.08	0.0364583333	0.0158730159	-0.024	0.0349700878	-0.011538931	0.0379746835
non-suicide	0.0043859649	0.0222222222	0.0055555556	0	0.0444444444	-0.0940789474	0.125	0	0	-0.0625	0.0313230994	-0.0156798246	0.0938628159
non-suicide	0	0	0	0.0231213873	0.2717391304	-0.0951800839	0.0887573964	0	-0.043956044	-0.0414201183	0.0290498843	-0.0158633473	0.0676923077
non-suicide	0	0	0	0.0129310345	0.4545454545	-0.0624587401	0.0446428571	0.0058479532	-0.0714285714	-0.0178571429	0.0279580921	-0.01040979	0.0925449871
non-suicide	0	0	0	0.046875	0.3888888889	-0.0937851554	0.0656565657	0.0132890365	-0.0222222222	-0.0303030303	0.0314624437	-0.0156308592	0.0542168675
non-suicide	0.0769230769	0.2727272727	0.1448275862	0	0.1428571429	-0.0982560925	0.0863309353	0.0109289617	-0.0131578947	-0.0503597122	0.0295245192	-0.0163760154	0.0239520958
non-suicide	0	0	0	0.0187793427	0.2933333333	-0.065237991	0.0333333333	0.0315315315	-0.0131578947	0.0266666667	0.0327575676	-0.0108729985	0.0347826087
non-suicide	0	0	0	0.046728972	0.4102564103	-0.2022051904	0.1363636364	0.0172413793	-0.0476190476	-0.1363636364	0.0456323993	-0.0337008651	0.0199203187
non-suicide	0.0086206897	0.0352941176	0.0128205128	0	0.4470588235	-0.0943369886	0.0883977901	0.0039215686	-0.025974026	-0.0497237569	0.0309419524	-0.0157228314	0.130733945
non-suicide	0	0	0	0.0196078431	0.183908046	0.0052641353	0.0714285714	0.0067567568	0	0.0054945055	0.0243482384	0.0008773559	0.0217755444
non-suicide	0	0	0	0	1.0833333333	0.0153351204	0.0689655172	0	-0.0192307692	0.0459770115	0.0196013419	0.0025558534	0.0451612903
non-suicide	0	0	0	0	0.5	-0.2782028944	0.0697674419	0.0540540541	-0.0476190476	-0.0465116279	0.0575783754	-0.0463671491	0.1111111111
non-suicide	0	0	0	0.0251572327	0.4571428571	-0.0032760033	0.0454545455	0	0.027027027	-0.0303030303	0.0096854622	-0.0005460005	0.0456621005
non-suicide	0	0	0	0.0240963855	0.1379310345	-0.0825794045	0.0797546012	0.0047619048	-0.0235294118	-0.0490797546	0.0254014438	-0.0137632341	0.0507042254
non-suicide	0.0034364261	0.0078740157	0.0062111801	0.0062111801	0.1102362205	-0.0858340611	0.0698689956	0.003649635	-0.064	-0.0218340611	0.027521079	-0.0143056769	0.0948012232
non-suicide	0.0209205021	0.0495049505	0.0197628458	0.0118577075	0.1881188119	-0.2202606019	0.0895522388	0.0259259259	-0.0606060606	-0.0597014925	0.0459940425	-0.0367101003	0.0376712329
non-suicide	0.0083333333	0.02	0.0066666667	0.0066666667	0.03	-0.1127994002	0.108974359	0.0173410405	-0.0198019802	-0.0576923077	0.0332954076	-0.0187999	0.0685920578
non-suicide	0.009009009	0.0215053763	0.0088105727	0	0.1397849462	-0.0750304638	0.0641025641	0.0207253886	-0.0215053763	-0.0320512821	0.0331642765	-0.0125050773	0.0975609756
non-suicide	0	0	0	0	0.175	0.0008558196	0.0418848168	0.0046082949	0	0.0104712042	0.0222863977	0.0001426366	0.0580204778
non-suicide	0	0	0	0.0216216216	0.268907563	-0.0544356535	0.0414507772	0.0082644628	-0.0256410256	-0.0207253886	0.0189771451	-0.0090726089	0.0983146067
non-suicide	0.0210526316	0.0705882353	0.0342857143	0.0857142857	0.1176470588	-0.0907975773	0.0902777778	0.0054054054	-0.025974026	-0.0416666667	0.0283578635	-0.0151329296	0.0722891566
non-suicide	0.0038461538	0.0101010101	0.0035087719	0.0105263158	0.2323232323	0.0259661836	0.0380434783	0	0	0.0163043478	0.0155587597	0.0043276973	0.1077441077
non-suicide	0.004587156	0.0107526882	0.0054945055	0	0.0430107527	-0.1086977782	0.0925925926	0.027027027	-0.0227272727	-0.037037037	0.0405389116	-0.0181162964	0.0528455285
non-suicide	0.0055555556	0.0128205128	0.005988024	0.0119760479	0.1923076923	-0.1344368925	0.0714285714	0.0397350993	0	-0.0317460317	0.0400484432	-0.0224061487	0.018957346
non-suicide	0.0029325513	0.0094339623	0.0033444816	0.0267558528	0.141509434	-0.0780348148	0.0792079208	0.0162601626	0	-0.0445544554	0.0298744918	-0.0130058025	0.0460358056
non-suicide	0	0	0	0.0184331797	0.9772727273	-0.0441025641	0.0923076923	0.012345679	0	-0.0307692308	0.021886673	-0.0073504274	0.0236686391
non-suicide	0	0	0	0.00390625	0.1486486486	-0.0627070409	0.0866141732	0.0063291139	-0.014084507	-0.0472440945	0.0280153612	-0.0104511735	0.0034602076
non-suicide	0.0079681275	0.0163934426	0.0098522167	0.0246305419	0.1393442623	-0.0292591415	0.0428571429	0.0082304527	-0.0084745763	0.0047619048	0.0206272512	-0.0048765236	0.1076388889
non-suicide	0.0035842294	0.0075757576	0.0028735632	0.0057471264	0.1666666667	-0.0928810648	0.0669642857	0.003968254	-0.056	-0.0491071429	0.0271959091	-0.0154801775	0.0698412698
non-suicide	0.0062111801	0.0142857143	0.0050251256	0	0.1428571429	-0.0215074824	0.0727272727	0.0066666667	0.0289855072	-0.0363636364	0.0217945844	-0.0035845804	0.0617977528
non-suicide	0.0032894737	0.009009009	0.0029069767	0.0290697674	0.0810810811	0.0194826007	0.0769230769	0.0091324201	0	0.0054945055	0.0271020456	0.0032471001	0.0668523677
non-suicide	0.0184501845	0.0609756098	0.0215517241	0.0086206897	0.1097560976	-0.0471002527	0.0615384615	0.0318471338	-0.038961039	0.0076923077	0.0431414072	-0.0078500421	0.0396039604
non-suicide	0.0068027211	0.0173913043	0.0086206897	0.0086206897	0.0869565217	-0.047418369	0.0942408377	0.0043103448	0	-0.0471204188	0.0256702332	-0.0079030615	0.1101694915
non-suicide	0	0	0	0	0.125	0.0512892904	0.0869565217	0	0.0238095238	0.0144927536	0.0166572558	0.0085482151	0.0634920635
non-suicide	0.0084033613	0.0163934426	0.0045045045	0	0.0983606557	-0.037011327	0.0891089109	0	0.0491803279	-0.0594059406	0.0235361065	-0.0061685545	0.074829932
non-suicide	0.0042372881	0.011627907	0.0047393365	0.0047393365	0.1744186047	0.02143426	0.037593985	0.0065789474	-0.0229885057	0.037593985	0.0156967012	0.0035723767	0.0639097744
non-suicide	0	0	0	0	0.0549450549	-0.0183499303	0.0544217687	0.0055248619	0.0340909091	-0.0340136054	0.0197670078	-0.0030583217	0.051369863
non-suicide	0.0034722222	0.0074074074	0.0040160643	0.0120481928	0.0962962963	-0.0819321161	0.0611353712	0.0076335878	-0.0538461538	-0.0087336245	0.028208288	-0.0136553527	0.0753012048
non-suicide	0.012345679	0.0404040404	0.0145454545	0.0254545455	0.2222222222	-0.0765152685	0.0617977528	0.012605042	0	-0.0337078652	0.0271226043	-0.0127525448	0.1145833333
non-suicide	0	0	0	0.0065789474	0.1182795699	-0.1330117352	0.0902777778	0.0177514793	-0.0222222222	-0.0625	0.0374299806	-0.0221686225	0.0398773006
non-suicide	0.006097561	0.0128205128	0.0037313433	0	0.1025641026	-0.056358446	0.0709219858	0	-0.0555555556	-0.0070921986	0.029902092	-0.0093930743	0.0555555556
non-suicide	0.02	0.0571428571	0.0235294118	0.0764705882	0.0571428571	0.093872549	0.0416666667	0.0126582278	0.0147058824	0.0166666667	0.0125263713	0.0156454248	0.0565217391
non-suicide	0	0	0	0.0082987552	0.1333333333	-0.1610012858	0.1153846154	0.0196078431	-0.0163934426	-0.0865384615	0.0329232912	-0.0268335476	0.0129032258
non-suicide	0.0139534884	0.0365853659	0.0106007067	0.0212014134	0.1829268293	-0.0716578055	0.0483870968	0.013986014	-0.012345679	-0.0161290323	0.0205934699	-0.0119429676	0.0806451613
non-suicide	0	0	0	0	0.0681818182	-0.0730431627	0.0687022901	0.0065359477	-0.0235294118	-0.0152671756	0.0295152636	-0.0121738604	0.034351145
non-suicide	0.0154320988	0.0423728814	0.0210084034	0.0798319328	0.1355932203	0.0613174971	0.0422535211	0.003649635	0	0.0422535211	0.0182862955	0.0102195828	0.0343007916
non-suicide	0	0	0	0.0051282051	0.1265822785	0.0977783284	0.0079365079	0	0.025974026	0.0476190476	0.01454697	0.0162963881	0.1136363636
non-suicide	0.0163934426	0.0421052632	0.0198019802	0.0148514851	0.0947368421	-0.0987568695	0.0588235294	0.0051020408	-0.0434782609	-0.0326797386	0.0317383524	-0.0164594782	0.0869565217
non-suicide	0	0	0	0.0048076923	0.3820224719	0.0091319952	0.045751634	0.0115606936	0.0574712644	-0.0130718954	0.0164289778	0.0015219992	0.0752688172
non-suicide	0.0038022814	0.009009009	0.0025974026	0	0.2792792793	-0.1331110288	0.0825242718	0.0212765957	-0.0566037736	-0.0291262136	0.0377716811	-0.0221851715	0.0519480519
non-suicide	0	0	0	0.0117647059	0.1333333333	-0.0262915327	0.0530973451	0	0	-0.017699115	0.0176114186	-0.0043819221	0.0566037736
non-suicide	0	0	0	0	0.2403846154	-0.0432307225	0.0862068966	0.0101010101	-0.0101010101	-0.0229885057	0.0323702625	-0.0072051204	0.0414012739
non-suicide	0	0	0	0	0.1111111111	-0.0712817852	0.0894308943	0.0133333333	0	-0.0650406504	0.0287048187	-0.0118802975	0.0867768595
non-suicide	0.0136518771	0.0412371134	0.0198019802	0.004950495	0.2474226804	-0.0233723986	0.0571428571	0	-0.0322580645	-0.0057142857	0.0217684104	-0.0038953998	0.128358209
non-suicide	0	0	0	0.023255814	0.1630434783	-0.0761844681	0.049689441	0.0103092784	-0.0470588235	-0.0124223602	0.0261789358	-0.0126974114	0.0553846154
non-suicide	0	0	0	0	0.2375	-0.1472857186	0.1197183099	0.0119047619	-0.0120481928	-0.0915492958	0.0405398914	-0.0245476198	0.0365853659
non-suicide	0.0101351351	0.0288461538	0.012244898	0.0326530612	0.2788461538	-0.0494397206	0.0829015544	0.0084033613	0	-0.0362694301	0.0298804513	-0.0082399534	0.0787172012
non-suicide	0.0037313433	0.0108695652	0.0047393365	0.018957346	0.3369565217	0.0227033987	0.0481927711	0.004950495	0.0229885057	0	0.0151359216	0.0037838998	0.0749185668
non-suicide	0	0	0	0.0044642857	0.1368421053	-0.0590065071	0.0694444444	0	-0.0505050505	-0.0277777778	0.0316558442	-0.0098344179	0.1126760563
non-suicide	0	0	0	0.017699115	0.1354166667	0.0118214152	0.0318471338	0.0058823529	0.010989011	0.0127388535	0.0156222872	0.0019702359	0.0643564356
non-suicide	0.04	0.1	0.025862069	0.0459770115	0.1555555556	0.0371468117	0.0410958904	0.006097561	0.0108695652	0.0136986301	0.0146334177	0.0061911353	0.0463320463
non-suicide	0	0	0	0.0028248588	0.3085106383	-0.0079373703	0.0484848485	0.0053763441	-0.011627907	-0.0242424242	0.0185910008	-0.0013228951	0.1039755352
non-suicide	0	0	0	0.0073260073	0.1971830986	-0.0188580982	0.0701754386	0.0153846154	0	-0.0350877193	0.0218512079	-0.0031430164	0.0613496933
non-suicide	0.0198675497	0.0394736842	0.012195122	0.0203252033	0.0394736842	0.0360680894	0.0384615385	0	0.0285714286	0.0076923077	0.0182812459	0.0060113482	0.0597826087
non-suicide	0	0	0	0.0814814815	0.1408450704	-0.0710816437	0.0733944954	0.0081967213	0	-0.0458715596	0.0287288307	-0.0118469406	0.0365296804
non-suicide	0.0661157025	0.2	0.0557491289	0.0662020906	0.625	0.0057880331	0.0465116279	0	-0.0131578947	-0.015503876	0.0166783032	0.0009646722	0.110701107
non-suicide	0	0	0	0.0176470588	0.1034482759	0.0676447735	0.020979021	0.0063694268	0	0.034965035	0.0117476171	0.0112741289	0.0538116592
non-suicide	0	0	0	0.1037037037	0.2222222222	0.0209592116	0.0163934426	0.01875	0	0.0245901639	0.0170994489	0.0034932019	0.0714285714
non-suicide	0	0	0	0.0303030303	0.5	0.0838965912	0.0306122449	0	-0.0169491525	0.0918367347	0.0152562628	0.0139827652	0.0144927536
non-suicide	0.0049751244	0.0126582278	0.0042735043	0.0042735043	0.0379746835	-0.0206896552	0.0542635659	0	0	0	0.0224339859	-0.0034482759	0.0729613734
non-suicide	0.0264423077	0.1009174312	0.0387323944	0.0105633803	0.1467889908	-0.0331687115	0.0717948718	0.020746888	0.0476190476	-0.0256410256	0.0242126646	-0.0055281186	0.0530612245
non-suicide	0.0091324201	0.0227272727	0.0112359551	0.0112359551	0.1931818182	-0.0296982988	0.0526315789	0	-0.0222222222	-0.0131578947	0.0189781588	-0.0049497165	0.0810810811
non-suicide	0	0	0	0.0026809651	0.1	-0.0636990143	0.0704225352	0	-0.037037037	-0.0070422535	0.036390577	-0.0106165024	0.0593220339
non-suicide	0.0062305296	0.0181818182	0.0067114094	0.0033557047	0.3727272727	-0.0321731313	0.0588235294	0.0041493776	-0.0294117647	0.0147058824	0.0253940203	-0.0053621885	0.0584958217
non-suicide	0.012012012	0.0350877193	0.0120845921	0.0090634441	0.1666666667	-0.0374613137	0.0292682927	0.0041841004	-0.0363636364	-0.0048780488	0.0198364302	-0.0062435523	0.0700808625
non-suicide	0.0023809524	0.0092592593	0.0029325513	0.0146627566	0.3148148148	-0.0275255552	0.0646766169	0.024	0.01	-0.0149253731	0.0231702096	-0.0045875925	0.0792291221
non-suicide	0	0	0	0.0625	0.2903225806	-0.0232504338	0.0714285714	0.0141843972	-0.0307692308	0	0.0269736671	-0.0038750723	0.0452961672
non-suicide	0	0	0	0	0.125	-0.0333038609	0.0344827586	0	-0.1111111111	0.1034482759	0.0328126535	-0.0055506435	0.0161290323
non-suicide	0.006993007	0.0147058824	0.00243309	0	0.3676470588	-0.0208311197	0.0188679245	0	0.0151515152	-0.0094339623	0.017670443	-0.0034718533	0.0520231214
non-suicide	0	0	0	0	0.1228070175	0.0717633066	0.0266666667	0	0.0847457627	0.0133333333	0.0138482506	0.0119605511	0.0875
non-suicide	0	0	0	0.0241286863	0.2380952381	-0.1006404654	0.0808823529	0.0194805195	0.012195122	-0.0735294118	0.03383375	-0.0167734109	0.0829015544
non-suicide	0.0145631068	0.0303030303	0.0093457944	0.0062305296	0.1111111111	-0.0660478701	0.0592105263	0.021978022	-0.0113636364	-0.0065789474	0.0350543624	-0.0110079783	0.0423728814
non-suicide	0	0	0	0.0066666667	0.1	-0.0644020697	0.0774193548	0.0263157895	0	-0.0322580645	0.0302965136	-0.0107336783	0.082781457
non-suicide	0	0	0	0	0.0888888889	0.0358974359	0.0327868852	0	0.0666666667	0	0.010592686	0.005982906	0.048951049
non-suicide	0	0	0	0.0119760479	0.2191780822	-0.0554433759	0.0689655172	0.0071942446	0	-0.0172413793	0.0240552027	-0.0092405626	0.1620111732
non-suicide	0	0	0	0.102661597	0.1090909091	-0.0838640949	0.0571428571	0	-0.0392156863	-0.0342857143	0.0252795073	-0.0139773491	0.0621301775
non-suicide	0	0	0	0.0049261084	0.1818181818	0.0497570471	0.0291970803	0.0068027211	0.023255814	-0.0145985401	0.012567581	0.0082928412	0.0718232044
non-suicide	0	0	0	0.0342465753	0.2179487179	0.0487196719	0.0234375	0	0.0131578947	0.0078125	0.0118133417	0.0081199453	0.0342857143
non-suicide	0.0192307692	0.0519480519	0.0137457045	0.0343642612	0.2077922078	0.083481038	0.05	0	0.0263157895	0.0214285714	0.0135566188	0.0139135063	0.027027027
non-suicide	0	0	0	0.0130434783	0.1007751938	-0.008333179	0.0488888889	0	0.0169491525	-0.0088888889	0.0185329773	-0.0013888632	0.0824742268
non-suicide	0	0	0	0	0.3265306122	0.0366751677	0.0322580645	0.0046296296	0	0.0268817204	0.013653836	0.006112528	0.0433070866
non-suicide	0	0	0	0	0.2051282051	-0.0707070707	0.1136363636	0	0.0277777778	-0.0984848485	0.0258212758	-0.0117845118	0.0539215686
non-suicide	0.0051813472	0.0111111111	0.0040322581	0.0403225806	0.0888888889	0.0248836349	0.0377358491	0.0055248619	-0.0235294118	0.0251572327	0.0218590013	0.0041472725	0.0434782609
non-suicide	0.0055555556	0.0143884892	0.0086956522	0	0.1726618705	0.030393998	0.0536398467	0.0101010101	0	-0.0038314176	0.0174241724	0.0050656663	0.0606796117
non-suicide	0.0088495575	0.0198019802	0.0080645161	0	0.1683168317	-0.1074917115	0.0883977901	0.0142180095	0	-0.0497237569	0.0312276656	-0.0179152852	0.0898876404
non-suicide	0	0	0	0	0.1351351351	0.0692982456	0	0	0	0.0526315789	0.0043859649	0.0115497076	0.0431034483
non-suicide	0	0	0	0.0050761421	0.1935483871	0.0827452653	0.0404040404	0.0090909091	0.0338983051	0.0202020202	0.011074017	0.0137908775	0.0563380282
non-suicide	0.0120481928	0.025	0.0093896714	0	0.1875	0.0660808374	0.020979021	0	-0.0266666667	0.048951049	0.0165782645	0.0110134729	0.1145833333
non-suicide	0.0031847134	0.0074626866	0.0026737968	0.0106951872	0.2537313433	0.0270920437	0.0401606426	0.0065789474	0.0085470085	-0.0120481928	0.014620732	0.0045153406	0.075
non-suicide	0	0	0	0.0030395137	0.223880597	-0.0182834724	0.05	0.0052356021	-0.0151515152	-0.0071428571	0.0302054021	-0.0030472454	0.0683760684
non-suicide	0.0102564103	0.0206185567	0.006514658	0.013029316	0.1237113402	-0.0213960345	0.0443037975	0	-0.021978022	0.0063291139	0.0222043949	-0.0035660057	0.0742358079
non-suicide	0.0025906736	0.0133333333	0.0033444816	0.0267558528	0.24	0.0172152832	0.0508474576	0.0206896552	0.0136986301	0.0169491525	0.0261865084	0.0028692139	0.085106383
non-suicide	0.0085470085	0.0188679245	0.0071942446	0.0107913669	0.179245283	-0.0590702297	0.0478723404	0.0088105727	-0.04	-0.0053191489	0.0248988656	-0.0098450383	0.0320284698
non-suicide	0	0	0	0.0353982301	0.1282051282	-0.0681251516	0.0822510823	0.0069444444	-0.0265486726	-0.0346320346	0.031002382	-0.0113541919	0.0366492147
suicide	0	0	0	0	0.1777777778	0.019522174	0.0680272109	0	-0.0112359551	-0.0204081633	0.022851702	0.0032536957	0.1086956522
suicide	0	0	0	0.0054347826	0.2765957447	0.0653560415	0.0394736842	0.0114942529	0.0416666667	0	0.0105271765	0.0108926736	0.0212765957
suicide	0.0051813472	0.0088495575	0.0050505051	0	0.0530973451	-0.1449175553	0.0540540541	0.0197044335	-0.0630630631	-0.0216216216	0.0333823523	-0.0241529259	0.070754717
suicide	0.0110497238	0.0210526316	0.0143884892	0.0143884892	0.0736842105	-0.0562770563	0.0779220779	0	0	-0.025974026	0.0281055901	-0.0093795094	0.0969387755
suicide	0	0	0	0.0078125	0.0892857143	-0.1595924509	0.0473684211	0.0188679245	-0.0754716981	-0.0263157895	0.042007345	-0.0265987418	0.0981132075
suicide	0	0	0	0	0.1129032258	-0.1136226567	0.0638297872	0.0194174757	-0.0819672131	-0.0212765957	0.0390869011	-0.0189371094	0.0298507463
suicide	0	0	0	0	0.1578947368	-0.0125650495	0.0803571429	0	0.0405405405	-0.0357142857	0.0191899586	-0.0020941749	0.0859375
suicide	0.0214285714	0.0461538462	0.0161290323	0	0.0769230769	0.0054103985	0.0530973451	0.0078125	-0.0153846154	0.0442477876	0.0270470215	0.0009017331	0.064516129
suicide	0.0158730159	0.0266666667	0.0136986301	0	0.0933333333	-0.0303103524	0.0833333333	0	0.027027027	-0.0740740741	0.0235192089	-0.0050517254	0.0699300699
suicide	0.014084507	0.0273972603	0.0105263158	0	0.095890411	-0.0756263997	0.0560747664	0.0084033613	0.0144927536	-0.0560747664	0.0222662357	-0.0126044	0.0573248408
suicide	0	0	0	0	0.0877192982	-0.011627907	0.0465116279	0	0	-0.011627907	0.0180783661	-0.0019379845	0.1157894737
suicide	0	0	0	0.0089686099	0.0430107527	0.0536036036	0.0357142857	0	0.0333333333	0	0.0126340626	0.0089339339	0.0428571429
suicide	0	0	0	0.0199203187	0.125	-0.0310543862	0.0634920635	0.0064935065	-0.0285714286	-0.0158730159	0.0257036705	-0.005175731	0.0303030303
suicide	0	0	0	0.0055555556	0.1428571429	0.0153762414	0.0479452055	0	0.0107526882	-0.0273972603	0.0148218502	0.0025627069	0.0732984293
suicide	0	0	0	0	0.2394366197	0.0076694891	0.0283018868	0	0.0447761194	-0.0188679245	0.0091812668	0.0012782482	0.0840707965
suicide	0.006097561	0.0113636364	0.0069444444	0.0069444444	0.1363636364	-0.1104475848	0.095890411	0.0121212121	-0.011627907	-0.0547945205	0.0332498529	-0.0184079308	0.0828729282
suicide	0	0	0	0	0.0869565217	-0.0520464597	0.0917431193	0.0163934426	0	-0.0275229358	0.0358343565	-0.00867441	0.0930232558
suicide	0	0	0	0.0108695652	0.1234567901	0.0750436089	0.0472440945	0.0068965517	0	0.0393700787	0.0217095884	0.0125072681	0.078313253
suicide	0	0	0	0.0310077519	0.1973684211	-0.0841499577	0.0731707317	0.0217391304	0	-0.0243902439	0.0245902402	-0.014024993	0.0352941176
suicide	0.0085470085	0.0145985401	0.0087336245	0.0087336245	0.0802919708	-0.0080880155	0.0357142857	0	0	0.0044642857	0.0180811066	-0.0013480026	0.1060606061
suicide	0	0	0	0.0063694268	0.1071428571	0.0333333333	0.0224719101	0	0.0333333333	0	0.0100691954	0.0055555556	0.094017094
suicide	0.0090909091	0.0175438596	0.0069444444	0	0.0350877193	-0.0068609023	0.05	0	0.0175438596	-0.0125	0.0210735171	-0.0011434837	0.0894308943
suicide	0.0051282051	0.010989011	0.005952381	0.005952381	0.1538461538	0.000168691	0.0486111111	0.0064102564	0	0	0.0132571498	2.81151596941E-005	0.0794392523
suicide	0	0	0	0.0051546392	0.0744680851	-0.0033763654	0.0503144654	0	0.0222222222	-0.0314465409	0.0160855493	-0.0005627276	0.1085972851
suicide	0	0	0	0.0036764706	0.0759493671	-0.0123392262	0.0322580645	0.0218978102	-0.0394736842	0.0564516129	0.0274944989	-0.0020565377	0.0574712644
suicide	0	0	0	0	0.0740740741	-0.0429548119	0.032	0.0076335878	-0.012195122	0.008	0.0232281479	-0.0071591353	0.1102941176
suicide	0.0062111801	0.0113636364	0.006097561	0.012195122	0.1590909091	0.0168187012	0.046875	0.006993007	0.0465116279	-0.0078125	0.022725143	0.0028031169	0.0923913043
suicide	0	0	0	0.0195121951	0.0631578947	-0.055525614	0.0451612903	0.0058479532	-0.03125	-0.0064516129	0.0201761081	-0.009254269	0.0932642487
suicide	0	0	0	0	0.1194029851	0.0256144385	0.0458715596	0	0.0149253731	0.0366972477	0.0158799486	0.0042690731	0.1127819549
suicide	0.0142180095	0.032967033	0.0098684211	0.0098684211	0.2087912088	-0.0161541792	0.0704225352	0.0067114094	0.012345679	-0.0352112676	0.0229041382	-0.0026923632	0.0474137931
suicide	0.0098039216	0.0161290323	0.0064102564	0.0064102564	0.0161290323	0.0070897656	0.0505050505	0	-0.0303030303	0	0.0241884251	0.0011816276	0.0655737705
suicide	0.0043478261	0.0101010101	0.0046511628	0.0651162791	0.1313131313	-0.0760338356	0.0666666667	0.0366492147	0.0326086957	-0.0242424242	0.0369365335	-0.0126723059	0.0576923077
suicide	0	0	0	0	0.0694444444	0.0575438596	0.0384615385	0	0.04	0	0.0130769231	0.0095906433	0.1583710407
suicide	0.0050505051	0.0111111111	0.0070921986	0.0141843972	0.1666666667	-0.0853829782	0.0886075949	0.0055555556	-0.023255814	-0.0506329114	0.0272549383	-0.0142304964	0.0704225352
suicide	0	0	0	0.012012012	0.188034188	-0.0379410997	0.0502283105	0.0074074074	-0.0181818182	-0.00456621	0.0230491744	-0.0063235166	0.03125
suicide	0	0	0	0.0340136054	0.0357142857	-0.0562617573	0.0481927711	0.0202020202	0.0357142857	0	0.0269456984	-0.0093769595	0.0601503759
suicide	0	0	0	0	0.2666666667	-0.0327272727	0.02	0.0087719298	-0.05	-0.01	0.0174215843	-0.0054545455	0.0355029586
suicide	0.0100502513	0.0243902439	0.0072992701	0.0072992701	0.0853658537	-0.0316193568	0.0746268657	0	0.0128205128	-0.0373134328	0.0290307965	-0.0052698928	0.0431034483
suicide	0	0	0	0.0104166667	0.130952381	-0.2545930698	0.0729927007	0.0318471338	-0.0941176471	-0.0510948905	0.0501393655	-0.0424321783	0.0687830688
suicide	0	0	0	0.0042016807	0.0884955752	0.018094212	0.0564971751	0	0.0471698113	-0.0282485876	0.0232915768	0.003015702	0.1419753086
suicide	0.006116208	0.0105263158	0.0067340067	0.0303030303	0.0842105263	-0.1032615396	0.0408805031	0.0171428571	-0.0718232044	0.0031446541	0.0325387587	-0.0172102566	0.0964187328
suicide	0	0	0	0.0185873606	0.1067961165	-0.0452030379	0.0893854749	0.0137614679	0.0102040816	-0.0167597765	0.0302543534	-0.0075338396	0.0373443983
suicide	0.014084507	0.0392156863	0.0094339623	0	0.4509803922	-0.0935185185	0.1	0	-0.0185185185	-0.075	0.0309503302	-0.0155864198	0.1483870968
suicide	0	0	0	0.0338164251	0.0888888889	0.0308568831	0.0547945205	0.006097561	0.023255814	0.0136986301	0.0202358294	0.0051428139	0.1117021277
suicide	0	0	0	0	0.1894736842	-0.0448092475	0.0392156863	0.0179640719	-0.0107526882	0.0130718954	0.0249110672	-0.0074682079	0.0574712644
suicide	0	0	0	0.0027700831	0.1382978723	-0.1628679708	0.0745341615	0.0388888889	-0.0333333333	-0.0559006211	0.0414689481	-0.0271446618	0.0441176471
suicide	0.019379845	0.037593985	0.0333333333	0	0.1203007519	-0.0170527335	0.0456621005	0.0041322314	0.008	0	0.0164831557	-0.0028421222	0.0871080139
suicide	0	0	0	0.0103092784	0.1182795699	-0.0021965556	0.0759493671	0	-0.0434782609	0	0.0329073488	-0.0003660926	0.0893854749
suicide	0	0	0	0.0036764706	0.1123595506	-0.1382491238	0.0921052632	0	-0.0465116279	-0.0855263158	0.0300843742	-0.0230415206	0.0829015544
suicide	0	0	0	0	0.2045454545	-0.025964917	0.0483870968	0.0149253731	-0.0425531915	0.0161290323	0.0237544788	-0.0043274862	0.0824742268
suicide	0	0	0	0.0133928571	0.1954022989	-0.0438350957	0.0492957746	0.0062893082	-0.0119047619	0	0.0266634479	-0.0073058493	0.0273972603
suicide	0.0186046512	0.0421052632	0.0207253886	0.0259067358	0.2105263158	-0.0847641941	0.1	0	-0.010989011	-0.0625	0.0258241758	-0.0141273657	0.0208333333
suicide	0	0	0	0	0.1691176471	-0.0093404023	0.0578512397	0.0036764706	0	-0.020661157	0.0166804387	-0.0015567337	0.0646153846
suicide	0	0	0	0.036199095	0.1653543307	-0.0200174825	0.0528846154	0	0	-0.0336538462	0.018615606	-0.0033362471	0.08125
suicide	0.0057142857	0.0091743119	0.0042918455	0.0128755365	0.1100917431	0.0351900465	0.0451977401	0	0.0291262136	0.011299435	0.0183684503	0.0058650078	0.1138613861
suicide	0.0366972477	0.0625	0.0179372197	0	0.03125	-0.0276266062	0.0408163265	0.0285714286	0	0.0102040816	0.0206979686	-0.0046044344	0.0819672131
suicide	0.0108108108	0.023255814	0.0088888889	0	0.0348837209	-0.0032443656	0.0434782609	0.0066225166	-0.0240963855	0.0144927536	0.0249028268	-0.0005407276	0.1428571429
suicide	0.0090497738	0.018018018	0.0111731844	0.0111731844	0.1621621622	-0.0451482209	0.0543478261	0	-0.0186915888	-0.0163043478	0.0226338839	-0.0075247035	0.0975609756
suicide	0	0	0	0	0.140625	-0.0341694726	0.0714285714	0	0.0163934426	-0.0408163265	0.0238962616	-0.0056949121	0.0378787879
suicide	0	0	0	0	0.09375	0.0075942977	0.033557047	0	-0.0315789474	0	0.0165434202	0.0012657163	0.0748663102
suicide	0	0	0	0.0056179775	0.0438596491	-0.0135507151	0.0473684211	0.0048543689	-0.009009009	0.0052631579	0.0225146389	-0.0022584525	0.110619469
suicide	0	0	0	0.0429447853	0.0735294118	-0.1367054435	0.0810810811	0.0153846154	-0.0289855072	-0.036036036	0.0340622206	-0.0227842406	0.0266666667
suicide	0	0	0	0	0.1282051282	-0.007299261	0.0578947368	0.004950495	0.0090909091	-0.0263157895	0.0220526766	-0.0012165435	0.0485436893
suicide	0.0169491525	0.046875	0.0215827338	0	0.125	-0.0757828455	0.0576923077	0	-0.0307692308	-0.0096153846	0.022118221	-0.0126304742	0.0461538462
suicide	0	0	0	0.0081967213	0.2584269663	-0.1035942668	0.0864197531	0.0212765957	-0.0111111111	-0.049382716	0.0353712074	-0.0172657111	0.0361445783
suicide	0	0	0	0	0.1125	-0.0634920733	0.0973451327	0	0	-0.0884955752	0.0221411227	-0.0105820122	0.1265060241
suicide	0.0044052863	0.0092592593	0.0048076923	0.0048076923	0.037037037	0.0311747204	0.0532544379	0	0.0196078431	0.0059171598	0.0166348433	0.0051957867	0.1218487395
suicide	0.0049019608	0.0102040816	0.003968254	0	0.0306122449	0.0154243347	0.0481927711	0	0.032967033	-0.0120481928	0.0153581358	0.0025707225	0.0772532189
suicide	0	0	0	0.0098522167	0.125	-0.0500213675	0.0461538462	0.02	0	-0.0230769231	0.0223410005	-0.0083368946	0.0337078652
suicide	0	0	0	0.0047393365	0.097826087	-0.0719650187	0.0740740741	0.0137931034	-0.0224719101	-0.0148148148	0.028389301	-0.0119941698	0.0526315789
suicide	0	0	0	0.0134228188	0.13	-0.0530360934	0.04	0.0062893082	-0.04	-0.0066666667	0.0236278359	-0.0088393489	0.1
suicide	0	0	0	0.0048543689	0.0714285714	0.0040236572	0.0628272251	0.0044247788	0.0092592593	-0.0052356021	0.0205111941	0.0006706095	0.0711297071
suicide	0.0125	0.0235294118	0.015037594	0.007518797	0.1411764706	0.0044032978	0.0575539568	0.0062111801	0	-0.0143884892	0.0199123665	0.000733883	0.0903954802
suicide	0	0	0	0	0.1358024691	-0.0670469881	0.0909090909	0	-0.0128205128	-0.0454545455	0.0244857482	-0.011174498	0.0532544379
suicide	0	0	0	0	0.05	-0.110040633	0.0503597122	0.0310559006	-0.0128205128	-0.0143884892	0.0286507107	-0.0183401055	0.0864864865
suicide	0	0	0	0	0.0689655172	-0.0354497354	0.0357142857	0	-0.037037037	0.0238095238	0.0189153439	-0.0059082892	0.0206896552
suicide	0.0059347181	0.0114942529	0.0093457944	0.0186915888	0.0689655172	-0.0378748552	0.0504731861	0.0028818444	-0.0063291139	-0.0315457413	0.0202467755	-0.0063124759	0.0962566845
suicide	0	0	0	0.0068965517	0.0674157303	-0.1244583387	0.0751879699	0.0141843972	-0.021978022	-0.0526315789	0.0341093965	-0.0207430565	0.0887573964
suicide	0	0	0	0.0054644809	0.0465116279	-0.0645565867	0.0425531915	0.0062893082	-0.0588235294	0.0070921986	0.027094665	-0.0107594311	0.0364583333
suicide	0.0051546392	0.0101010101	0.0046728972	0	0.1111111111	-0.0669645094	0.0700636943	0.0172413793	0.0106382979	-0.025477707	0.023106841	-0.0111607516	0.103286385
suicide	0.0212765957	0.0408163265	0.0103626943	0	0.1224489796	0.0061389535	0.0277777778	0	-0.0204081633	0.0138888889	0.0101406948	0.0010231589	0.0512820513
suicide	0	0	0	0	0.1518987342	0.0794419473	0.025210084	0	0.0133333333	0.0504201681	0.0090694055	0.0132403246	0.1013513514
suicide	0	0	0	0.0066666667	0.0618556701	-0.1481311093	0.0718562874	0.0055248619	-0.0652173913	-0.0658682635	0.0329890848	-0.0246885182	0.0463917526
suicide	0.0023640662	0.0067567568	0.0035971223	0.0107913669	0.1351351351	-0.0799208827	0.0575539568	0.0089820359	-0.030075188	-0.0251798561	0.0267903494	-0.0133201471	0.0492505353
suicide	0	0	0	0	0.0602409639	0.047153039	0.0227272727	0	0.0240963855	0.0303030303	0.0142354662	0.0078588398	0.0839160839
suicide	0	0	0	0.0053475936	0.0487804878	-0.0324907471	0.0534351145	0.0217391304	0.025974026	-0.0076335878	0.0268414889	-0.0054151245	0.0580645161
suicide	0.010989011	0.0263157895	0.0107142857	0.0214285714	0.1929824561	0.0051562731	0.067961165	0.0172413793	0.0263157895	0.0097087379	0.0275222188	0.0008593789	0.0566037736
suicide	0.0148698885	0.0289855072	0.0207253886	0	0.0579710145	-0.0650885368	0.0555555556	0.0043478261	-0.0152671756	-0.0277777778	0.0292854906	-0.0108480895	0.0810810811
suicide	0.0066666667	0.0113636364	0.0057471264	0.0114942529	0.0568181818	0.0050263263	0.0272108844	0.0065789474	-0.0352941176	0.0204081633	0.0168081092	0.0008377211	0.0769230769
suicide	0	0	0	0.0346534653	0.0909090909	-0.0009446162	0.085106383	0.0064102564	0.049382716	-0.0567375887	0.0260249834	-0.000157436	0.05625
suicide	0	0	0	0.0108695652	0.09375	-0.0243859802	0.0404040404	0.0446428571	0.0163934426	0.0404040404	0.0345365565	-0.00406433	0.0661157025
suicide	0	0	0	0.004950495	0.149122807	-0.0097459441	0.0307692308	0.0133333333	-0.0091743119	-0.0051282051	0.0210479406	-0.001624324	0.0833333333
suicide	0	0	0	0.004950495	0.0508474576	-0.0615637236	0.0777777778	0.010989011	-0.0172413793	-0.0333333333	0.0427722342	-0.0102606206	0.0729166667
suicide	0	0	0	0	0.1754385965	-0.0062435477	0.0549450549	0.0088495575	0.0535714286	-0.032967033	0.0181956584	-0.0010405913	0.034965035
suicide	0	0	0	0.0196078431	0.1204819277	0.061882409	0.0227272727	0	0.0240963855	0.0303030303	0.008120174	0.0103137348	0.1144578313
suicide	0	0	0	0.0168539326	0.1153846154	-0.1409031764	0.0895522388	0.0128205128	-0.0641025641	-0.0373134328	0.039797168	-0.0234838627	0.0476190476
suicide	0	0	0	0.0062111801	0.311827957	-0.0851351748	0.0680272109	0.0121212121	-0.0459770115	-0.0204081633	0.034933741	-0.0141891958	0.0619469027
suicide	0	0	0	0	0.1176470588	0.0329862035	0.0063694268	0.0058823529	-0.01	0.0191082803	0.0156696857	0.0054977006	0.0829268293
suicide	0.0064102564	0.0111111111	0.0072992701	0.0291970803	0.0555555556	-0.0153305172	0.0413793103	0	-0.0344827586	0	0.019721849	-0.0025550862	0.0705882353
suicide	0.007518797	0.018018018	0.0054644809	0.0054644809	0.1081081081	-0.0261387699	0.0402298851	0	-0.0093457944	-0.0057471264	0.0174892445	-0.0043564616	0.1682242991
suicide	0	0	0	0.0046296296	0.1463414634	0.0191948993	0.0869565217	0.0064935065	0.0625	-0.0434782609	0.0200194491	0.0031991499	0.096
suicide	0	0	0	0	0.0175438596	-0.061627907	0.0875	0	0	-0.05	0.0194975083	-0.0102713178	0.0442477876
suicide	0	0	0	0	0.1086956522	0.0049818841	0.046875	0	0.0652173913	-0.03125	0.0126434179	0.000830314	0.062992126
suicide	0.0241935484	0.0337078652	0.0136363636	0.0045454545	0.1123595506	0.0546768996	0.0078125	0	0.0227272727	0.046875	0.013202807	0.0091128166	0.1582733813
suicide	0	0	0	0	0.2117647059	0.0239662756	0.0344827586	0	0.0243902439	-0.0086206897	0.0098121671	0.0039943793	0.0327868852
suicide	0	0	0	0.0206896552	0.1818181818	0.0486578422	0.0071942446	0	-0.0117647059	0.0287769784	0.0110029623	0.0081096404	0.1263736264
suicide	0.0108108108	0.0183486239	0.0129032258	0	0.119266055	0.0469874994	0.0520231214	0	0.0185185185	0.0231213873	0.0227987304	0.0078312499	0.1519607843
suicide	0	0	0	0	0.22	0.022477133	0.0864197531	0	0.0384615385	-0.037037037	0.0179120641	0.0037461888	0.0218340611
suicide	0.0105820106	0.0476190476	0.0054347826	0	0.4047619048	0.0409795024	0.0571428571	0	0.0454545455	-0.0285714286	0.0133116883	0.0068299171	0.0632911392
suicide	0	0	0	0	0.1238095238	-0.0306740449	0.0843373494	0.0111731844	0.01	-0.0180722892	0.0273469937	-0.0051123408	0.1155778894
suicide	0.0090909091	0.0131578947	0.0057803468	0.0115606936	0.0394736842	0.1722626417	0.0353982301	0	0.0422535211	0	0.0096360117	0.0287104403	0.0942028986
suicide	0.0084745763	0.0208333333	0.0089285714	0	0.15625	0.0011744568	0.0566037736	0	0.0107526882	0.0125786164	0.0222332135	0.0001957428	0.1875
suicide	0.0216216216	0.0588235294	0.0272108844	0.0068027211	0.3088235294	-0.0208251453	0.0366972477	0.0079365079	-0.0307692308	0.0091743119	0.0178040918	-0.0034708575	0.125
suicide	0	0	0	0	0.152173913	-0.0051735448	0.0382165605	0.0162162162	0	0.0063694268	0.0196603647	-0.0008622575	0.0917030568
suicide	0.0106382979	0.0163934426	0.0049019608	0.0098039216	0.0983606557	-0.0532152251	0.0888888889	0.0101010101	0.0322580645	-0.0444444444	0.0243411277	-0.0088692042	0.1403508772
suicide	0	0	0	0	0.2	0.0959488107	0.025	0	0.0350877193	0.025	0.0041666667	0.0159914685	0.097826087
suicide	0	0	0	0	0.1153846154	0.0236893748	0.0405405405	0	0	0	0.0130460649	0.0039482291	0.1264367816
suicide	0.0074626866	0.0166666667	0.0042553191	0.0042553191	0.1666666667	-0.0275229358	0.03125	0	0	0	0.0125277297	-0.004587156	0.0559006211
suicide	0	0	0	0.0042372881	0.1111111111	0.024691358	0.012345679	0	0	0.024691358	0.0073643033	0.0041152263	0.0142857143
suicide	0	0	0	0.0077821012	0.12	0.0092733247	0.0375	0	-0.0392156863	0.0375	0.0197169252	0.0015455541	0.1194968553
suicide	0	0	0	0	0.1304347826	-0.0428652968	0.0547945205	0	-0.0416666667	-0.0136986301	0.0160768645	-0.0071442161	0.0211267606
suicide	0.0098039216	0.0166666667	0.006993007	0.006993007	0.125	0.0371348951	0.0295566502	0.0046511628	0.0085470085	0.0098522167	0.0115397517	0.0061891492	0.1196581197
suicide	0	0	0	0.0592592593	0.186440678	0.0250454789	0.0337078652	0.0095238095	0.0333333333	0.0112359551	0.0149830569	0.0041742465	0.1257861635
suicide	0	0	0	0.0141509434	0.2183908046	0.0405456612	0.0576923077	0.0054945055	0.0357142857	-0.0064102564	0.0153081643	0.0067576102	0.1087866109
suicide	0	0	0	0.0034602076	0.5394736842	0.0463788592	0.0534351145	0.0192307692	0.08	0	0.0210762951	0.0077298099	0.1187739464
suicide	0.0068493151	0.0126582278	0.0054054054	0.0054054054	0.1265822785	-0.0384251853	0.037593985	0.0136986301	0.0125	-0.022556391	0.0230730009	-0.0064041976	0.0747126437
suicide	0	0	0	0.0074349442	0.2159090909	-0.0250945389	0.04	0.0282485876	-0.0352941176	0.0333333333	0.0299839834	-0.0041824231	0.0541871921
suicide	0.0078125	0.0112359551	0.0034843206	0.0069686411	0.1573033708	0.0459001132	0.0647482014	0	0.0337078652	-0.0143884892	0.0160424045	0.0076500189	0.0833333333
suicide	0.0471014493	0.1262135922	0.0548523207	0.0379746835	0.0388349515	-0.044031725	0.0617977528	0	0.01	-0.0393258427	0.0168682529	-0.0073386208	0.064516129
suicide	0	0	0	0.0085106383	0.0921052632	0.0659130435	0.048	0	0.0266666667	0.032	0.0114299517	0.0109855072	0.152866242
suicide	0	0	0	0.0506329114	0.1875	0.0039820806	0.0410958904	0	-0.0204081633	0	0.0170533967	0.0006636801	0.0454545455
suicide	0.003257329	0.006993007	0.0073529412	0.0147058824	0.1328671329	0.084841512	0.0386100386	0	0.0454545455	0.0154440154	0.0132337632	0.014140252	0.1267217631
suicide	0	0	0	0	0.0444444444	0.0110808998	0.0296296296	0	0.012345679	-0.0074074074	0.0122526636	0.0018468166	0.1302521008
suicide	0	0	0	0	0.1111111111	0.0987708409	0.0240963855	0.0101010101	0.0727272727	0.0361445783	0.0105414632	0.0164618068	0.0612244898
suicide	0	0	0	0.028340081	0.0875	-0.018503937	0.0504201681	0	-0.05	0	0.0248403692	-0.0030839895	0.0463917526
suicide	0	0	0	0	0.1875	0.0349000449	0.0188679245	0.0057803468	0.0104166667	0.0125786164	0.0157647913	0.0058166742	0.1135371179
suicide	0.0054347826	0.0081967213	0.0037593985	0.022556391	0.1557377049	0.123962195	0.0257731959	0	0.0427350427	0.0618556701	0.0126340776	0.0206603658	0.0833333333
suicide	0	0	0	0	0.0537634409	0.0062857464	0.0625	0	0.032967033	-0.0069444444	0.0192006458	0.0010476244	0.1614906832
suicide	0.0071428571	0.0135135135	0.0027027027	0	0.0135135135	-0.0385741185	0.0583333333	0	-0.0144927536	-0.0083333333	0.0195932709	-0.0064290197	0.0838323353
suicide	0	0	0	0	0.0789473684	0.0532606769	0.0185185185	0	-0.0526315789	0.0740740741	0.0146361274	0.0088767795	0.036199095
suicide	0	0	0	0.0196078431	0.0727272727	-0.0348837209	0.0697674419	0	0	-0.0348837209	0.0225503179	-0.0058139535	0.0291262136
suicide	0	0	0	0	0	0.0170940171	0.0384615385	0	0.0555555556	-0.0384615385	0.0184472934	0.0028490028	0.0070175439
suicide	0	0	0	0	0.6052631579	0.0212188467	0.0757575758	0	0.0526315789	-0.0303030303	0.01920521	0.0035364744	0.0320855615
suicide	0	0	0	0.0388349515	0.1379310345	-0.0393700787	0.0472440945	0	0	-0.0393700787	0.0213285288	-0.0065616798	0.046875
suicide	0	0	0	0	0.2716049383	-0.1541707101	0.0256410256	0.0236220472	-0.0897435897	-0.0085470085	0.0347131314	-0.0256951183	0.1547619048
suicide	0.025862069	0.0447761194	0.0131578947	0.0087719298	0	0.0515084928	0.0104166667	0	0.0317460317	0.0104166667	0.0086296805	0.0085847488	0.0431654676
suicide	0.0185185185	0.0657894737	0.0177935943	0.0533807829	0.0394736842	-0.0767952676	0.0666666667	0.0169491525	0.0135135135	-0.0476190476	0.0249828235	-0.0127992113	0.0372670807
suicide	0	0	0	0	0.0666666667	-0.1529656863	0.0392156863	0	-0.09375	-0.0392156863	0.0327429583	-0.025494281	0.0638297872
suicide	0	0	0	0.0361445783	0.1772151899	-0.1234234234	0.0810810811	0	-0.027027027	-0.0630630631	0.029466967	-0.0205705706	0.0746887967
suicide	0.0175438596	0.0625	0.0263157895	0	0.375	-0.0482562855	0.1111111111	0.0072992701	0	-0.0555555556	0.0301126125	-0.0080427142	0.0503597122
suicide	0.0540540541	0.0923076923	0.0434782609	0.0434782609	0.0153846154	-0.0426040401	0.0105263158	0.0091743119	-0.0153846154	0.0105263158	0.0208658555	-0.0071006733	0.037037037
suicide	0	0	0	0.025862069	0.1666666667	0.0026615309	0.0136986301	0.010989011	-0.0363636364	0.0273972603	0.0101752129	0.0004435885	0.0807453416
suicide	0	0	0	0.0029850746	0.0857142857	0.0731948758	0.0173913043	0	0.0714285714	0.0173913043	0.0115667055	0.012199146	0.0348258706
suicide	0	0	0	0	0.125	0.0787673475	0	0	0.0208333333	0.0447761194	0.0091374269	0.0131278912	0.0409836066
suicide	0	0	0	0.0068728522	0.1466666667	-0.0263914594	0.022556391	0.0133333333	0	0.007518797	0.0197180587	-0.0043985766	0.0277777778
suicide	0	0	0	0	0.1219512195	-0.1293277125	0.0615384615	0.0224719101	-0.0227272727	-0.0461538462	0.026228426	-0.0215546188	0.0483870968
suicide	0	0	0	0.003021148	1.3103448276	0.0353828606	0.0392156863	0.0161290323	0.0338983051	0	0.0148165159	0.0058971434	0.2419354839
suicide	0.0215827338	0.0387096774	0.0133928571	0	0.1677419355	-0.0712750561	0.0452961672	0.0031055901	-0.0347222222	-0.0174216028	0.0232913185	-0.011879176	0.0597014925
suicide	0	0	0	0.0099667774	0.2	-0.0137453895	0.0547945205	0.0119047619	0.023255814	-0.0068493151	0.0201170371	-0.0022908982	0.0664893617
suicide	0	0	0	0	0.2033898305	-0.0334707409	0.0352941176	0.02	-0.0344827586	0.0117647059	0.0242941685	-0.0055784568	0.0506329114
suicide	0	0	0	0.00456621	0.0243902439	-0.0797074554	0	0.0309278351	-0.0263157895	0.0142857143	0.0256912749	-0.0132845759	0.1256281407
suicide	0	0	0	0.0297619048	0.0980392157	-0.1466851753	0.0602409639	0.0280373832	-0.0188679245	-0.0481927711	0.0328939589	-0.0244475292	0.0871794872
suicide	0	0	0	0.0546448087	0.2432432432	-0.076154935	0.0253164557	0.0247933884	-0.0256410256	0.0379746835	0.0264772583	-0.0126924892	0.0222717149
suicide	0	0	0	0.0389105058	0.2	-0.0795971901	0.0588235294	0.0242424242	-0.0285714286	-0.0084033613	0.0283193913	-0.0132661983	0.012244898
suicide	0.0110294118	0.038961039	0.0169491525	0.0225988701	0.0649350649	-0.070543036	0.064516129	0	-0.0746268657	-0.0241935484	0.0243895399	-0.0117571727	0.0836012862
suicide	0	0	0	0.0985915493	0.0350877193	-0.0879481006	0.0595238095	0	-0.0178571429	-0.0476190476	0.0222601213	-0.0146580168	0.1163636364
suicide	0	0	0	0.0044843049	0.1733333333	-0.0215337289	0.0406504065	0	-0.0540540541	0.0325203252	0.0216334513	-0.0035889548	0.0537190083
suicide	0.0035460993	0.010989011	0.0064102564	0.0769230769	0.2417582418	-0.0018765297	0.0333333333	0.0056179775	-0.0697674419	0.0333333333	0.0230339671	-0.000312755	0.0317460317
suicide	0	0	0	0	0.4782608696	0.0523989899	0.0416666667	0.0101010101	0.0625	0	0.015931586	0.008733165	0.0165975104
suicide	0.006557377	0.0206185567	0.0102040816	0.0255102041	0.3092783505	-0.0231991525	0.08125	0	0	-0.00625	0.0236261087	-0.0038665254	0.0634005764
suicide	0	0	0	0.0042553191	0.25	0.0127894095	0.0169491525	0.0147058824	0.0444444444	-0.0169491525	0.0141878762	0.0021315683	0.1682692308
suicide	0	0	0	0	0	0.1468621489	0.064516129	0	0.1025641026	0.0161290323	0.0154475239	0.0244770248	0.0215053763
suicide	0	0	0	0	0.9411764706	-0.0416666667	0.0416666667	0	0	-0.0416666667	0.0128968254	-0.0069444444	0.067357513
suicide	0	0	0	0	0.3235294118	0.098258572	0.1147540984	0	0.0285714286	-0.0163934426	0.0307862447	0.0163764287	0.0038022814
suicide	0	0	0	0.0147058824	0.0281690141	-0.2508832931	0.1081081081	0.0241935484	-0.0857142857	-0.1081081081	0.049671152	-0.0418138822	0.0053908356
suicide	0.046875	0.2857142857	0.0372670807	0	0.2857142857	-0.1821428571	0.0571428571	0.0208333333	-0.125	-0.0571428571	0.037797619	-0.0303571429	0.025974026
suicide	0.0105820106	0.0540540541	0.0172413793	0	0.8918918919	-0.0605296343	0.0961538462	0	0	-0.0769230769	0.0205301455	-0.0100882724	0.0963302752
suicide	0	0	0	0	0.2602739726	-0.0833419337	0.1007751938	0	0	-0.0697674419	0.0255305836	-0.0138903223	0.0617283951
suicide	0	0	0	0.0087719298	0	-0.0939278937	0.0967741935	0	0	-0.064516129	0.021030993	-0.015654649	0
suicide	0	0	0	0.0178571429	0.0833333333	0.0388251052	0.0833333333	0	0.0256410256	-0.0166666667	0.0138888889	0.0064708509	0.1152542373
suicide	0	0	0	0.1647058824	0.0487804878	-0.1782585394	0.0333333333	0.036437247	-0.0583333333	-0.0095238095	0.0378802897	-0.0297097566	0.0287958115
suicide	0	0	0	0.0086956522	0.1234567901	0.0168851525	0.0086206897	0	0	0.0086206897	0.0143542042	0.0028141921	0.0731707317
suicide	0	0	0	0	0.0487804878	-0.0453406243	0.0131578947	0	-0.0238095238	0	0.0151799954	-0.0075567707	0.0433333333
suicide	0	0	0	0	0.6206896552	0.0031746032	0.0238095238	0	0	0.0476190476	0.0113756614	0.0005291005	0.031496063
suicide	0.009569378	0.0235294118	0.0071174377	0	0.1529411765	-0.0768386939	0.0410958904	0.0238095238	0	0	0.0307375692	-0.012806449	0.1219512195
suicide	0	0	0	0.0065789474	0.2244897959	0.02	0.0136986301	0	0.02	0	0.002283105	0.0033333333	0.0251572327
suicide	0	0	0	0	0.1290322581	0.0793753865	0.0204081633	0	0.0285714286	-0.0204081633	0.0081632653	0.0132292311	0.0188679245
suicide	0.0041841004	0.0196078431	0.0053763441	0.0161290323	0.3921568627	0.0860576906	0.0229885057	0	0.0384615385	0.0114942529	0.0085941782	0.0143429484	0.0360655738
suicide	0	0	0	0.0081300813	0.1047619048	-0.0116959064	0.0350877193	0	0	-0.0116959064	0.0116231325	-0.0019493177	0.0511627907
suicide	0.0023640662	0.0322580645	0.0056818182	0	0.9677419355	-0.1261678787	0.0491803279	0	-0.0571428571	-0.0163934426	0.0286854431	-0.0210279798	0.1589958159
suicide	0	0	0	0	0	0.1052876908	0.0256410256	0	-0.0384615385	0.0256410256	0.0170940171	0.0175479485	0.0578778135
suicide	0	0	0	0	0.5660377358	-0.1001851516	0.1	0.0215053763	0.04	-0.0625	0.0329475253	-0.0166975253	0.08
suicide	0	0	0	0.0107526882	0.5090909091	-0.0462260309	0.0581395349	0.0194174757	-0.0188679245	0.011627907	0.0293497518	-0.0077043385	0.0837004405
suicide	0	0	0	0.0102040816	0.7169811321	-0.2848107816	0.1666666667	0.0298507463	-0.04	-0.125	0.0622086894	-0.0474684636	0.0322580645
suicide	0.0042372881	0.012987013	0.0034843206	0.0522648084	0.1818181818	0.0245969203	0.0390625	0	-0.0133333333	0.0234375	0.0222592089	0.0040994867	0.0590405904
suicide	0	0	0	0	0.1884057971	0.023264547	0.0943396226	0	-0.0289855072	0.0094339623	0.0248645331	0.0038774245	0.0896860987
suicide	0	0	0	0.0096618357	0.4230769231	0.1254871626	0.0127388535	0.0152284264	0.0138888889	0.0636942675	0.0166168503	0.0209145271	0.0716723549
suicide	0.022556391	0.04	0.0136363636	0	0.08	0.0170008782	0.0625	0.0078125	-0.0142857143	-0.0089285714	0.0226086797	0.0028334797	0.0322580645
suicide	0	0	0	0	0.3666666667	0.0244836217	0.101010101	0	0.0333333333	-0.0606060606	0.0240813936	0.0040806036	0.0649350649
suicide	0	0	0	0	0.1492537313	-0.1200354161	0.1016949153	0.0070921986	0	-0.0677966102	0.0367879021	-0.0200059027	0.0765306122
suicide	0	0	0	0	0.2280701754	0.0128676236	0.0631578947	0.016	0.0350877193	0.0210526316	0.0252078682	0.0021446039	0.0177514793
suicide	0	0	0	0.1129943503	0.301369863	-0.0754985723	0.0298507463	0.0335195531	-0.0135135135	0.0149253731	0.0270520123	-0.0125830954	0.053164557
suicide	0.0117647059	0.0222222222	0.0117647059	0	0.0888888889	-0.1226009618	0.0709219858	0.0127388535	-0.0470588235	-0.0496453901	0.0272690666	-0.0204334936	0.0885416667
suicide	0	0	0	0	0.1	0.0604993632	0.0243902439	0	-0.023255814	0.0365853659	0.0156929476	0.0100832272	0.0412371134
suicide	0	0	0	0.0220994475	0.42	-0.1126318936	0.0980392157	0.0208333333	0	-0.068627451	0.0287683583	-0.0187719823	0.0573770492
suicide	0	0	0	0.0424028269	0.1090909091	0.1298677051	0.0659340659	0.0091743119	0.0192307692	0.032967033	0.0157543089	0.0216446175	0.0222929936
suicide	0	0	0	0.0097087379	0.2105263158	0.0249529415	0.0396825397	0	-0.0135135135	0.0238095238	0.0136058233	0.0041588236	0.067264574
suicide	0	0	0	0	0.3035714286	-0.1760000028	0.0888888889	0.0173913043	-0.0517241379	-0.0555555556	0.037660916	-0.0293333338	0.0421455939
suicide	0	0	0	0.0553191489	0.5217391304	-0.1476110367	0.0947368421	0.0381679389	0	-0.0421052632	0.0429139992	-0.0246018394	0.0415335463
suicide	0	0	0	0.0179372197	0.3243243243	-0.1321782462	0.046875	0.0470588235	-0.0555555556	-0.015625	0.0376531161	-0.0220297077	0.016
suicide	0	0	0	0	0.0769230769	0.0402230187	0.012345679	0.0215053763	0	0.0617283951	0.007535782	0.0067038365	0.0855263158
suicide	0	0	0	0	0.3529411765	-0.1928478248	0.1123595506	0.0078740157	-0.0192307692	-0.0898876404	0.0373747177	-0.0321413041	0.125
suicide	0	0	0	0.0094043887	0.2231404959	-0.076355209	0.067264574	0.0150943396	-0.0265486726	-0.0224215247	0.0328886801	-0.0127258682	0.0694444444
suicide	0	0	0	0.0211640212	0.1891891892	-0.0143022454	0.0169491525	0.0410958904	0.05	0.0338983051	0.024093578	-0.0023837076	0.0432098765
suicide	0.0086956522	0.0181818182	0.0064102564	0.0448717949	0.1090909091	-0.0601057421	0.0930232558	0	-0.0576923077	-0.023255814	0.0286653599	-0.0100176237	0.0222222222
suicide	0	0	0	0	0.4545454545	-0.0272727273	0.0206185567	0	0	0	0.013190214	-0.0045454545	0.0792079208
suicide	0	0	0	0	0.4897959184	-0.0943555849	0.0674157303	0	-0.02	-0.0449438202	0.022739223	-0.0157259308	0.0871794872
suicide	0	0	0	0	0.2941176471	-0.0217647059	0.0470588235	0	0	-0.0117647059	0.0145778311	-0.003627451	0.1201413428
suicide	0.0061349693	0.015625	0.0063492063	0	0.1484375	-0.0566983966	0.0632411067	0.0064102564	-0.0166666667	-0.0158102767	0.0232723437	-0.0094497328	0.0600522193
suicide	0	0	0	0	0.2	0.0638866243	0.0420168067	0	0.0149253731	0.0420168067	0.0119779255	0.0106477707	0.0814814815
suicide	0	0	0	0.0058139535	0.2463768116	0.0260963007	0.0487804878	0.0065789474	0.0294117647	0.0243902439	0.0211707868	0.0043493834	0.0278745645
suicide	0	0	0	0	0.3125	-0.0905580849	0.1097560976	0.0183486239	0	-0.0609756098	0.0315548685	-0.0150930142	0.085
suicide	0.006514658	0.0208333333	0.0105820106	0.0052910053	0.6145833333	0.0021518925	0.0697674419	0	0	-0.0174418605	0.0249375787	0.0003586488	0.0700808625
suicide	0	0	0	0.0043859649	0.1754385965	-0.0410174621	0.0736842105	0.0341880342	0.0181818182	-0.0421052632	0.0256239674	-0.0068362437	0.012345679
suicide	0.02	0.043956044	0.018018018	0.0045045045	0.1098901099	-0.0059763875	0.0872483221	0.0061349693	0.0333333333	-0.0268456376	0.0237448477	-0.0009960646	0.0643776824
suicide	0	0	0	0.0060240964	0.5254237288	-0.02217349	0.0380952381	0.027972028	0.0175438596	0.019047619	0.0254411789	-0.0036955817	0.0932835821
suicide	0.0090909091	0.0410958904	0.0192307692	0.0064102564	0.1780821918	-0.1916383578	0.1103448276	0.0205128205	-0.0138888889	-0.075862069	0.0400016676	-0.0319397263	0.0243243243
suicide	0.0056338028	0.0169491525	0.0108695652	0	0.0762711864	-0.008	0.0327102804	0.008	0	0	0.0223827388	-0.0013333333	0.1394101877
suicide	0.0129533679	0.0393700787	0.0236966825	0	0.0472440945	-0.0013384891	0.0458715596	0.0039370079	0.0081967213	-0.0137614679	0.0246837185	-0.0002230815	0.2024390244
suicide	0	0	0	0	0.234375	0.0016708438	0.0761904762	0	-0.0158730159	0	0.0238373712	0.000278474	0.0779816514
suicide	0.0080645161	0.0149253731	0.0084745763	0.0084745763	0.0149253731	-0.0037521263	0.0754716981	0	0.0153846154	-0.0188679245	0.0204845993	-0.0006253544	0.1310344828
suicide	0.0050632911	0.0128205128	0.0063091483	0.0410094637	0.1666666667	0.0752345319	0.0381679389	0.0034129693	0.0333333333	0.0419847328	0.0170933215	0.0125390887	0.0972222222
suicide	0.0108108108	0.0198019802	0.012195122	0	0.0792079208	-0.0525708405	0.0517241379	0	-0.0291262136	-0.0287356322	0.0248019194	-0.0087618067	0.1012658228
suicide	0.0175438596	0.0363636364	0.0222222222	0	0.1909090909	0.0068774049	0.0607734807	0.0047169811	-0.0092592593	0.0110497238	0.0218083232	0.0011462342	0.0932835821
suicide	0.0085470085	0.0220588235	0.0176470588	0	0.125	0.0362513326	0.0465116279	0	0.0229007634	0	0.0159485888	0.0060418888	0.1067708333
suicide	0	0	0	0	0.0649350649	-0.03856033	0.0421455939	0.0035460993	0.0132450331	-0.0229885057	0.016843771	-0.0064267217	0.0923076923
suicide	0.0026246719	0.0075757576	0.0040983607	0	0.1136363636	0.0681139122	0.0384615385	0	0.0396825397	0.0128205128	0.0116856999	0.0113523187	0.1348039216
suicide	0	0	0	0.0069444444	0.1693548387	-0.0514475743	0.0256410256	0.0185185185	0	0	0.0229699239	-0.0085745957	0.094017094
suicide	0	0	0	0	0.15	0.0025152159	0.0666666667	0.0048543689	0	-0.0222222222	0.0232840093	0.0004192027	0.103286385
suicide	0.0126582278	0.0319148936	0.0159574468	0	0.2659574468	0.0078982597	0.0301204819	0	-0.0222222222	0.0301204819	0.0160117171	0.0013163766	0.1050724638
suicide	0	0	0	0	0.1393442623	-0.0122613803	0.0220264317	0	-0.0166666667	0.0044052863	0.0173489283	-0.0020435634	0.1528150134
suicide	0	0	0	0.015625	0.1237113402	-0.0845977552	0.0764705882	0.0051282051	-0.043956044	-0.0352941176	0.027213636	-0.0140996259	0.1073825503
suicide	0	0	0	0.0074074074	0.1188811189	-0.0135641543	0.04048583	0.0038022814	-0.0296296296	0.012145749	0.0185973298	-0.0022606924	0.0810055866
suicide	0.0033444816	0.0093457944	0.005988024	0	0.1962616822	-0.0081386867	0.0656565657	0.003968254	0.0102040816	-0.0101010101	0.015441569	-0.0013564478	0.1257142857
suicide	0.0029239766	0.0048076923	0.00625	0	0.0432692308	-0.095430137	0.04	0.0153061224	-0.0427807487	-0.0114285714	0.026880322	-0.0159050228	0.0925
suicide	0.049833887	0.1327433628	0.0769230769	0	0.1327433628	0.0071500902	0.0526315789	0	0.0092592593	-0.014354067	0.0163053135	0.0011916817	0.1151515152
suicide	0.0132890365	0.0330578512	0.0240963855	0	0.0743801653	0.024364131	0.0628019324	0	0.0256410256	-0.0144927536	0.0176334232	0.0040606885	0.0647058824
suicide	0	0	0	0	0.3181818182	-0.0528619529	0.0795454545	0.0074074074	-0.0227272727	-0.0227272727	0.0211535857	-0.0088103255	0.064516129
suicide	0.0089686099	0.0185185185	0.0111111111	0	0.1203703704	-0.0238745687	0.0414507772	0	-0.0094339623	-0.0051813472	0.0170849129	-0.0039790948	0.1169811321
suicide	0.0157728707	0.0406504065	0.0324675325	0	0.1382113821	0.0253584799	0.0547945205	0	0.0170940171	0	0.0169436324	0.0042264133	0.1489971347
suicide	0	0	0	0.0125	0.0595238095	0.0602254113	0.037037037	0	0.0119047619	0.0074074074	0.0172350269	0.0100375686	0.0865800866
suicide	0.0068027211	0.0131578947	0.006557377	0	0.0197368421	-0.0478623164	0.083032491	0	0	-0.0541516245	0.0241462258	-0.0079770527	0.1201201201
suicide	0.0119047619	0.0315789474	0.0173410405	0.0115606936	0.2947368421	-0.0578032648	0.0705882353	0.0050761421	-0.0113636364	-0.0411764706	0.0207845733	-0.0096338775	0.1103896104
suicide	0.0084745763	0.0170940171	0.0089686099	0.0179372197	0.0683760684	-0.0653017307	0.056122449	0.0133333333	-0.0454545455	-0.0153061224	0.0297994833	-0.0108836218	0.1011673152
suicide	0.0038461538	0.0083333333	0.0047393365	0.0568720379	0.15	-0.0584144148	0.0714285714	0.0098522167	-0.0275229358	-0.010989011	0.0278922255	-0.0097357358	0.0680272109
suicide	0.0033222591	0.0095238095	0.0046948357	0.0046948357	0.1428571429	-0.1252746454	0.0549450549	0.0193236715	-0.0404040404	-0.0274725275	0.0330336197	-0.0208791076	0.0798816568
suicide	0	0	0	0.0051546392	0.0975609756	0.0124820474	0.0465116279	0	0.0126582278	-0.007751938	0.0119713473	0.0020803412	0.0984455959
suicide	0	0	0	0	0.0202702703	-0.056372941	0.0557768924	0	-0.0215827338	-0.0199203187	0.0207873275	-0.0093954902	0.1036866359
suicide	0.0113207547	0.025	0.0136363636	0.0181818182	0.075	0.0035122057	0.0426540284	0	-0.0092592593	0.0047393365	0.016048096	0.0005853676	0.0976430976
suicide	0	0	0	0	0.0775862069	-0.0135381118	0.0441176471	0.0131004367	0.0089285714	-0.0049019608	0.0177208711	-0.002256352	0.0776119403
suicide	0.0040322581	0.0103092784	0.0036900369	0.0073800738	0.1546391753	-0.0561371648	0.0606060606	0	-0.0217391304	-0.0181818182	0.0263759807	-0.0093561941	0.1443661972
suicide	0.0033222591	0.0079365079	0.0063694268	0.0318471338	0.126984127	0.0037213061	0.0509259259	0.0038461538	-0.0165289256	0	0.0187318309	0.0006202177	0.1091445428
suicide	0.0046511628	0.0081300813	0.0053191489	0	0.0894308943	0.0749310209	0.0372093023	0.0041666667	0.0254237288	0.0325581395	0.0139581417	0.0124885035	0.148
suicide	0.0025839793	0.0067567568	0.007518797	0.1503759398	0.1148648649	-0.1143678722	0.0367346939	0.0132890365	-0.0416666667	-0.0040816327	0.0325703347	-0.019061312	0.0592105263
suicide	0.0115207373	0.0326797386	0.0263157895	0.0210526316	0.1568627451	-0.1161931036	0.0779661017	0.0160857909	-0.0287769784	-0.0372881356	0.0337422178	-0.0193655173	0.0503144654
suicide	0.0341296928	0.0735294118	0.0485436893	0	0.1029411765	-0.014141399	0.0420168067	0	-0.0076923077	0.0168067227	0.0217911136	-0.0023568998	0.1482649842
suicide	0.014084507	0.0287769784	0.0184331797	0	0.0575539568	0.0151936027	0.05078125	0.0035211268	-0.022556391	0.0234375	0.0258324592	0.0025322671	0.1407185629
suicide	0.0017921147	0.0046511628	0.0029239766	0	0.1023255814	-0.0542555443	0.0498812352	0	-0.0495049505	-0.0047505938	0.027460692	-0.0090425907	0.1182108626
suicide	0.0022026432	0.0064102564	0.0038461538	0	0.1217948718	-0.0743861065	0.059602649	0	-0.0422535211	-0.0264900662	0.0260062712	-0.0123976844	0.1321100917
suicide	0	0	0	0	0.0387596899	-0.0355555556	0.0533333333	0	0	-0.0355555556	0.0187867178	-0.0059259259	0.1540983607
suicide	0.003125	0.0098039216	0.0053475936	0	0.0392156863	-0.0734528547	0.0793650794	0	-0.0434782609	-0.0211640212	0.0252223418	-0.0122421425	0.1205479452
suicide	0.0089686099	0.0222222222	0.0218579235	0	0.1722222222	-0.0081930632	0.0431893688	0	-0.005988024	0.0066445183	0.0241201365	-0.0013655105	0.1687242798
suicide	0.0024752475	0.00456621	0.0051813472	0	0.0821917808	-0.0337692302	0.0391198044	0.0043478261	-0.0304568528	-0.0122249389	0.0191377097	-0.005628205	0.0723404255
suicide	0	0	0	0	0.0632911392	-0.0433362694	0.0641025641	0.0054200542	0.0066666667	-0.0192307692	0.023418089	-0.0072227116	0.11352657
suicide	0.0061349693	0.0136054422	0.0103092784	0	0.1292517007	0.0215679601	0.0355731225	0.0096463023	0.0070422535	0.0276679842	0.0184938131	0.00359466	0.1671388102
suicide	0.0033898305	0.0090497738	0.0055248619	0	0.0995475113	-0.0502942168	0.0455696203	0.0021367521	-0.0366972477	-0.0025316456	0.0273748006	-0.0083823695	0.1265060241
suicide	0.0145530146	0.0358974359	0.0327102804	0.0046728972	0.1025641026	-0.0459285507	0.0407608696	0.0023364486	-0.0165745856	-0.0054347826	0.0240710333	-0.0076547584	0.1
suicide	0.0028818444	0.0090909091	0.0054347826	0.0163043478	0.1	-0.0818239195	0.0655021834	0.0101351351	-0.0097087379	-0.0218340611	0.0310374672	-0.0136373199	0.0853333333
suicide	0	0	0	0	0.019047619	-0.0251951077	0.0705882353	0.0099009901	0.02	-0.0352941176	0.0201600716	-0.0041991846	0.0734463277
suicide	0.0080862534	0.0189873418	0.0175438596	0	0.0696202532	-0.1070916021	0.0688405797	0	-0.064516129	-0.0326086957	0.027666764	-0.0178486003	0.0714285714
