index	artist	drug_words	mpqa_pos_words	love_words	mpqa_neut_words	2-3PTokens	1PTokens	action_verbs	1PSTokens	death_words	mpqa_neg_words	sensual_words	concrete_nouns
1	Bob Dylan	3	32	20	21	41	17	7	17	13	26	16	31
2	Bob Dylan	6	14	14	18	8	23	0	23	2	28	7	34
3	Bob Dylan	1	15	7	18	16	26	0	26	1	18	5	22
4	Bob Dylan	1	27	34	14	6	12	0	1	9	39	10	51
5	Bob Dylan	8	39	27	19	35	57	0	57	8	41	10	85
6	Bob Dylan	4	26	25	27	33	13	1	13	15	24	17	43
7	Bob Dylan	14	34	38	18	50	65	0	65	15	47	14	107
8	Bob Dylan	5	16	6	23	0	31	3	30	2	29	3	32
9	Bob Dylan	2	39	26	13	36	35	0	29	12	44	12	45
10	Bob Dylan	4	41	26	18	41	30	2	29	10	35	18	56
11	Bob Dylan	1	30	21	11	35	16	1	16	30	15	18	30
12	Bob Dylan	7	19	16	26	65	5	0	5	5	16	7	45
13	Bob Dylan	6	15	18	12	21	21	0	21	6	17	11	27
14	Bob Dylan	5	36	26	30	43	16	1	11	6	44	8	54
15	Bob Dylan	8	25	23	30	42	38	0	30	6	37	5	37
16	Bob Dylan	7	32	18	14	46	36	0	36	2	23	8	43
17	Bob Dylan	13	56	31	61	45	36	1	36	35	41	30	108
18	Bob Dylan	15	22	20	12	44	23	0	21	4	14	5	40
19	Bob Dylan	2	51	24	9	34	14	0	12	6	31	7	39
20	Bob Dylan	5	43	16	17	50	27	1	27	22	25	9	48
21	Bob Dylan	3	33	15	15	37	17	0	17	4	32	16	32
22	Bob Dylan	10	35	31	17	33	22	0	22	6	21	6	39
23	Bob Dylan	4	13	9	10	40	32	0	32	4	19	3	49
24	Bob Dylan	3	25	10	13	26	23	0	23	2	25	11	27
25	Bob Dylan	3	20	25	25	85	20	1	20	9	30	12	66
26	Bob Dylan	7	37	34	27	40	52	1	44	8	64	8	86
27	Bob Dylan	3	20	12	12	29	6	1	6	3	34	6	28
28	Bob Dylan	4	21	12	24	22	20	2	17	4	16	6	39
29	Bob Dylan	11	60	27	51	73	47	1	39	7	78	18	79
30	Bob Dylan	13	31	22	18	29	28	3	28	12	31	7	38
31	Bob Dylan	7	26	19	10	12	13	0	12	6	19	11	29
32	Bob Dylan	10	50	38	42	82	8	6	8	19	61	17	112
33	Bob Dylan	2	21	19	20	29	26	0	23	5	20	8	31
34	Bob Dylan	7	45	19	10	36	38	1	36	19	43	15	89
35	Bob Dylan	6	26	13	18	19	21	0	21	5	19	13	31
36	Bob Dylan	9	27	14	14	22	1	1	1	9	43	9	44
37	Bob Dylan	3	13	12	8	41	1	0	1	6	14	4	14
38	Bob Dylan	8	47	37	21	27	24	0	24	51	28	21	67
39	Bob Dylan	1	25	19	4	11	6	2	6	2	19	6	20
40	Bob Dylan	4	25	16	5	9	24	1	24	13	12	13	44
41	Bob Dylan	5	12	17	8	23	21	0	21	2	18	11	44
42	Bob Dylan	20	52	37	22	47	94	2	91	15	60	9	128
43	Bob Dylan	4	19	47	19	18	47	0	47	27	30	8	86
44	Bob Dylan	1	23	20	13	20	6	1	6	10	26	5	37
45	Bob Dylan	8	56	37	40	69	13	4	13	17	81	23	61
46	Bob Dylan	5	19	8	22	32	0	0	0	5	22	4	14
47	Bob Dylan	4	34	42	33	71	0	5	0	16	32	20	32
48	Bob Dylan	10	38	30	7	48	15	3	15	21	32	21	92
49	Bob Dylan	8	14	10	10	9	12	2	12	3	10	5	23
50	Bob Dylan	8	15	21	15	22	22	0	22	12	30	4	34
51	Bob Dylan	3	35	18	31	90	4	0	4	10	29	9	56
52	Bob Dylan	0	16	7	14	36	10	0	10	2	9	12	14
53	Bob Dylan	6	33	13	22	24	16	1	15	10	29	5	46
54	Bob Dylan	4	32	15	18	34	12	0	12	4	32	3	34
55	Bob Dylan	9	47	34	36	78	12	0	12	12	57	16	64
56	Bob Dylan	3	9	7	7	14	0	0	0	4	11	1	13
57	Bob Dylan	3	7	7	3	16	19	0	18	6	13	3	24
58	Bob Dylan	2	9	2	6	10	14	0	14	4	13	1	25
59	Bob Dylan	3	12	4	9	5	8	0	4	4	19	3	11
60	Bob Dylan	16	46	28	18	58	14	0	14	16	39	12	65
61	Bob Dylan	5	9	7	9	13	7	3	7	3	13	2	20
62	Bob Dylan	1	28	15	15	15	16	0	13	4	18	9	20
63	Bob Dylan	2	13	9	6	5	19	1	19	5	17	6	30
64	Bob Dylan	1	9	7	9	10	6	0	6	5	20	3	22
65	Bob Dylan	2	7	6	3	18	2	0	2	3	8	6	13
66	Bob Dylan	1	15	8	1	5	17	0	13	5	17	4	15
67	Bob Dylan	1	8	11	5	12	6	0	4	10	16	5	15
68	Bob Dylan	0	21	14	12	22	12	0	12	13	10	9	20
69	Bob Dylan	2	19	18	13	8	13	0	13	15	11	14	15
70	Bob Dylan	2	10	15	9	23	8	0	8	2	9	18	24
71	Bob Dylan	3	29	13	24	6	20	0	20	16	20	11	38
72	Bob Dylan	1	23	16	14	23	17	0	17	1	11	3	17
73	Bob Dylan	0	12	10	11	6	20	1	20	9	13	11	31
74	Bob Dylan	7	11	5	12	14	21	0	21	7	25	10	32
75	Bob Dylan	0	17	24	7	21	11	0	11	8	7	8	24
76	Bob Dylan	6	18	27	20	8	23	0	22	6	14	1	43
77	Bob Dylan	4	32	14	8	5	3	0	1	13	19	4	24
78	Bob Dylan	5	13	14	6	21	9	0	9	2	11	5	33
79	Bob Dylan	4	19	13	6	6	8	0	7	8	14	14	22
80	Bob Dylan	4	32	10	14	10	6	1	5	12	13	7	24
81	Bob Dylan	0	15	7	8	11	2	0	2	5	7	5	17
82	Bob Dylan	0	11	6	4	10	6	0	6	4	10	5	18
83	Bob Dylan	3	19	9	24	13	9	0	5	24	35	8	24
84	Bob Dylan	0	13	27	7	8	13	0	13	5	9	4	21
85	Bob Dylan	4	11	6	4	5	0	0	0	3	11	0	25
86	Bob Dylan	1	5	2	4	0	3	0	0	3	12	1	45
87	Bob Dylan	1	14	11	6	18	1	0	1	3	12	3	8
88	Bob Dylan	1	11	5	2	3	8	0	8	1	24	4	32
89	Bob Dylan	4	28	21	24	39	2	0	2	15	35	10	28
90	Bob Dylan	1	11	4	7	14	0	0	0	3	11	5	9
91	Bob Dylan	3	25	25	15	10	14	1	12	5	34	7	29
92	Bob Dylan	0	20	9	8	7	22	0	22	9	8	5	37
93	Bob Dylan	3	30	17	12	17	15	0	15	12	21	11	46
94	Bob Dylan	2	15	9	11	12	11	0	11	4	8	10	20
95	Bob Dylan	0	15	5	5	17	16	0	16	8	8	8	27
96	Bob Dylan	0	46	21	26	21	0	0	0	9	6	10	19
97	Bob Dylan	6	23	12	10	18	27	0	24	3	36	7	36
98	Bob Dylan	6	17	14	19	26	13	0	13	16	13	7	28
99	Bob Dylan	1	4	9	6	9	6	1	6	3	10	3	12
100	Bob Dylan	3	36	38	42	38	42	2	39	30	31	21	51
101	Bob Dylan	0	15	8	12	12	3	0	3	3	15	2	39
102	Bob Dylan	0	14	13	6	13	11	0	11	2	15	10	22
103	Bob Dylan	3	38	18	25	49	23	1	23	15	37	14	56
104	Bob Dylan	7	21	24	21	12	35	0	34	11	28	8	46
105	Bob Dylan	5	12	9	7	10	20	1	20	11	18	3	40
106	Bob Dylan	6	47	35	17	46	46	0	46	11	71	31	103
107	Bob Dylan	15	26	11	14	27	24	1	23	16	26	11	49
108	Bob Dylan	0	21	10	7	4	28	1	14	5	27	2	31
109	Bob Dylan	0	8	4	4	7	8	1	5	1	14	5	24
110	Bob Dylan	2	3	4	5	6	10	0	10	1	9	5	13
111	Bob Dylan	13	51	31	33	38	60	1	57	17	44	8	104
112	Bob Dylan	3	33	17	12	11	21	1	21	13	23	10	24
113	Bob Dylan	17	31	26	19	29	56	1	55	9	40	7	91
114	Bob Dylan	1	25	12	10	30	0	1	0	11	22	19	26
115	Bob Dylan	9	23	13	17	53	0	0	0	9	29	4	44
116	Bob Dylan	3	30	21	16	32	25	0	17	10	56	7	51
117	Bob Dylan	3	11	6	4	6	14	0	13	4	20	3	25
118	Bob Dylan	5	21	17	11	19	16	0	16	12	28	10	55
119	Bob Dylan	1	24	21	7	45	0	4	0	11	39	13	46
120	Bob Dylan	3	31	22	19	19	30	0	30	13	10	10	43
121	Bob Dylan	3	41	12	26	19	2	0	0	12	18	32	60
122	Bob Dylan	4	29	19	21	29	0	3	0	15	32	11	68
123	Bob Dylan	6	29	10	31	13	34	0	31	18	43	11	64
1	Bob Marley	0	25	4	21	42	3	0	3	8	31	10	24
2	Bob Marley	5	22	11	26	35	24	0	23	16	37	27	54
3	Bob Marley	10	18	12	23	13	7	0	7	0	17	7	8
4	Bob Marley	8	24	23	16	25	26	0	26	6	2	12	24
5	Bob Marley	2	24	11	20	17	7	0	7	8	7	0	16
6	Bob Marley	4	8	17	16	0	18	0	18	4	12	13	35
7	Bob Marley	5	25	14	12	27	18	0	17	6	17	6	27
8	Bob Marley	1	24	16	14	26	6	1	6	12	33	8	37
9	Bob Marley	6	34	20	19	8	24	0	24	14	15	15	33
10	Bob Marley	1	12	7	23	13	9	0	7	8	36	1	40
11	Bob Marley	0	20	26	79	52	25	0	7	7	33	47	11
12	Bob Marley	2	51	29	60	41	14	0	13	0	42	50	23
13	Bob Marley	4	31	12	28	17	24	0	24	15	37	60	45
14	Bob Marley	4	19	11	67	3	38	3	0	53	107	49	4
15	Bob Marley	9	15	6	10	26	24	0	24	3	48	26	25
16	Bob Marley	3	73	22	62	29	10	0	2	14	129	6	17
17	Bob Marley	4	17	8	36	16	47	0	47	23	21	13	63
18	Bob Marley	4	21	15	28	12	17	0	8	7	33	5	27
19	Bob Marley	0	19	15	13	25	9	2	4	7	30	2	21
20	Bob Marley	4	28	7	26	10	31	0	25	1	22	1	11
21	Bob Marley	2	13	6	18	17	15	1	13	17	41	10	54
22	Bob Marley	0	26	7	21	22	22	0	22	1	49	12	25
23	Bob Marley	8	27	8	15	13	4	1	3	6	33	4	38
24	Bob Marley	0	9	25	16	15	17	0	17	0	36	1	13
25	Bob Marley	3	28	6	25	22	5	0	5	6	15	3	28
26	Bob Marley	2	31	11	30	10	6	3	6	31	23	17	23
27	Bob Marley	2	27	26	88	32	8	0	8	17	62	9	27
28	Bob Marley	0	8	10	25	19	2	0	2	3	21	0	10
29	Bob Marley	0	34	5	17	21	1	0	1	8	42	4	42
30	Bob Marley	1	32	5	51	11	21	0	3	2	47	3	11
31	Bob Marley	0	46	23	17	25	52	0	21	9	60	20	36
32	Bob Marley	1	75	81	17	26	76	0	76	11	39	19	93
33	Bob Marley	18	57	29	18	21	27	0	24	14	27	19	29
34	Bob Marley	0	15	27	2	2	6	0	6	10	27	11	17
35	Bob Marley	1	42	40	25	5	6	1	6	15	47	38	30
36	Bob Marley	5	77	44	25	12	43	10	30	6	34	42	49
37	Bob Marley	4	68	44	35	39	59	0	58	4	31	34	41
38	Bob Marley	2	10	8	11	47	23	1	21	6	6	5	16
39	Bob Marley	15	38	15	22	24	39	0	39	7	28	4	34
40	Bob Marley	0	59	12	38	44	1	0	1	22	56	7	28
41	Bob Marley	4	20	13	16	67	11	1	11	56	29	0	45
42	Bob Marley	12	39	2	52	29	4	0	4	12	22	9	52
1	Fiona Apple	16	49	21	25	29	44	3	44	14	35	18	54
2	Fiona Apple	0	19	16	17	24	34	0	34	5	35	2	37
3	Fiona Apple	4	25	22	12	39	20	0	20	9	15	7	33
4	Fiona Apple	3	17	8	14	7	25	1	25	6	14	4	27
5	Fiona Apple	0	33	25	23	20	29	3	27	13	31	18	41
6	Fiona Apple	9	22	11	16	27	31	0	23	4	24	5	20
7	Fiona Apple	3	29	20	27	28	47	0	47	20	32	7	64
8	Fiona Apple	4	24	18	15	18	23	2	23	5	17	7	22
9	Fiona Apple	6	63	7	28	30	22	0	9	18	35	37	16
10	Fiona Apple	0	21	11	15	14	20	0	20	0	21	2	29
11	Fiona Apple	8	27	30	17	15	24	2	24	11	33	17	49
12	Fiona Apple	3	11	4	12	11	7	0	7	3	10	1	14
13	Fiona Apple	13	43	29	24	35	34	1	33	19	35	21	67
14	Fiona Apple	7	9	6	8	7	18	0	18	3	12	5	23
15	Fiona Apple	2	40	28	19	27	31	0	31	6	33	12	25
16	Fiona Apple	18	53	39	31	14	50	0	50	11	51	25	65
17	Fiona Apple	1	31	30	20	25	27	2	27	9	35	19	34
18	Fiona Apple	2	20	15	12	11	16	0	15	5	17	13	16
19	Fiona Apple	1	27	13	18	33	33	0	33	7	26	17	39
20	Fiona Apple	3	18	14	8	4	21	0	21	10	23	7	25
21	Fiona Apple	3	17	12	7	11	19	0	19	4	14	9	27
22	Fiona Apple	6	30	29	18	15	26	1	25	31	9	16	33
23	Fiona Apple	7	31	6	46	18	36	1	36	5	24	16	32
24	Fiona Apple	2	47	49	11	29	32	1	32	5	24	33	23
25	Fiona Apple	5	16	23	16	35	32	0	32	17	42	16	36
26	Fiona Apple	5	16	14	11	17	22	1	19	6	20	7	35
27	Fiona Apple	7	37	47	24	30	29	0	29	4	56	16	52
28	Fiona Apple	11	25	18	19	6	38	0	38	4	16	4	43
29	Fiona Apple	5	51	18	55	44	34	0	34	13	41	16	68
30	Fiona Apple	0	23	12	21	17	31	0	30	4	20	6	39
31	Fiona Apple	19	35	27	17	39	38	0	38	10	35	1	50
32	Fiona Apple	7	37	13	32	23	21	0	21	4	27	8	30
1	Johnny Cash	4	23	15	9	13	33	0	33	10	16	5	30
2	Johnny Cash	1	23	18	14	29	14	0	14	19	16	10	31
3	Johnny Cash	4	7	32	7	49	3	0	3	16	23	4	55
4	Johnny Cash	3	23	12	4	18	22	0	22	11	14	11	42
5	Johnny Cash	4	15	7	8	5	24	3	24	7	21	5	41
6	Johnny Cash	2	30	32	11	23	5	0	5	11	22	12	46
7	Johnny Cash	1	8	6	39	9	20	0	20	3	43	30	65
8	Johnny Cash	8	28	34	12	16	25	0	19	4	50	7	48
9	Johnny Cash	4	23	13	21	13	21	3	17	8	25	14	34
10	Johnny Cash	0	16	22	7	33	15	1	15	12	49	13	22
11	Johnny Cash	5	16	7	2	5	9	1	0	4	20	4	12
12	Johnny Cash	5	16	15	6	37	7	1	7	2	46	21	31
13	Johnny Cash	2	30	35	7	23	25	0	25	12	21	13	20
14	Johnny Cash	0	9	13	10	19	21	0	21	5	16	0	47
15	Johnny Cash	4	30	5	17	12	16	1	16	6	20	16	35
16	Johnny Cash	3	16	17	15	5	20	1	8	9	24	9	33
17	Johnny Cash	30	30	13	27	6	19	1	5	3	23	5	71
18	Johnny Cash	2	11	14	7	16	0	1	0	8	11	2	37
19	Johnny Cash	0	6	9	11	7	17	0	15	1	7	8	35
20	Johnny Cash	6	19	23	7	43	4	0	4	8	21	5	39
21	Johnny Cash	7	35	17	12	28	15	0	14	7	19	8	66
22	Johnny Cash	0	8	8	0	6	9	0	7	2	9	4	36
1	Mike Ness	3	15	29	3	10	23	0	23	11	57	9	25
2	Mike Ness	1	22	17	17	33	12	0	12	5	21	8	34
3	Mike Ness	3	39	25	22	23	10	0	10	5	32	14	40
4	Mike Ness	9	5	12	31	16	24	0	23	19	39	4	39
5	Mike Ness	3	29	17	15	30	21	1	19	12	21	8	41
6	Mike Ness	0	16	48	19	114	6	0	4	62	10	2	19
7	Mike Ness	5	30	24	29	1	44	0	43	19	25	11	76
8	Mike Ness	3	30	25	31	16	12	0	12	13	14	19	42
9	Mike Ness	5	17	16	13	4	10	7	9	3	12	5	36
10	Mike Ness	0	11	25	13	15	25	0	24	16	12	8	30
11	Mike Ness	2	29	17	21	22	17	0	16	6	24	11	19
12	Mike Ness	2	28	9	32	5	27	0	27	8	14	4	53
13	Mike Ness	2	19	31	10	6	32	2	24	6	45	5	29
14	Mike Ness	2	37	6	23	16	15	0	9	15	30	17	40
15	Mike Ness	0	17	30	4	29	11	3	11	8	32	13	25
16	Mike Ness	4	18	18	15	13	21	0	21	11	27	5	25
17	Mike Ness	7	33	36	15	34	21	0	17	25	38	14	39
18	Mike Ness	0	10	7	43	8	9	0	9	19	44	0	13
19	Mike Ness	3	35	9	11	46	35	0	34	26	42	29	44
20	Mike Ness	5	29	23	22	17	21	0	20	12	33	3	44
21	Mike Ness	1	12	6	10	12	2	0	1	1	23	4	14
22	Mike Ness	9	12	51	9	3	29	0	29	65	17	18	71
23	Mike Ness	13	24	7	9	20	31	0	31	7	9	4	37
24	Mike Ness	0	16	7	10	52	5	0	5	5	31	7	14
25	Mike Ness	0	13	13	5	5	16	0	6	2	17	7	15
26	Mike Ness	16	12	6	6	11	0	14	0	8	7	19	22
27	Mike Ness	4	24	21	15	6	26	0	26	7	36	15	37
28	Mike Ness	35	30	16	5	28	3	0	3	13	54	7	20
29	Mike Ness	7	22	23	13	21	23	0	23	11	39	7	46
30	Mike Ness	9	10	27	11	16	45	0	45	4	18	12	38
31	Mike Ness	2	11	6	8	13	22	3	22	4	20	4	26
32	Mike Ness	1	17	20	4	7	23	1	23	3	16	10	25
33	Mike Ness	1	17	11	8	3	58	0	58	3	18	4	86
34	Mike Ness	3	48	47	15	8	16	0	16	23	36	17	20
35	Mike Ness	2	13	19	6	21	6	2	6	19	34	3	25
36	Mike Ness	4	22	17	16	12	67	0	67	1	50	5	55
37	Mike Ness	1	19	15	10	12	24	1	24	1	30	11	33
38	Mike Ness	2	23	23	9	3	33	0	33	9	28	10	47
39	Mike Ness	4	23	12	34	23	6	0	6	5	33	3	10
40	Mike Ness	2	13	7	10	13	14	0	14	12	9	9	32
41	Mike Ness	7	28	27	25	35	4	1	4	14	56	13	23
42	Mike Ness	0	17	10	8	27	11	0	5	8	23	8	9
43	Mike Ness	3	29	26	24	11	12	1	10	18	43	10	25
1	Trent Reznor	3	34	14	13	9	17	1	17	10	23	4	20
2	Trent Reznor	8	26	47	16	30	41	0	40	20	41	35	23
3	Trent Reznor	4	19	11	11	25	9	1	9	4	19	5	17
4	Trent Reznor	6	17	15	8	14	29	0	29	5	27	8	27
5	Trent Reznor	3	26	17	15	24	19	0	19	13	25	6	20
6	Trent Reznor	4	15	14	12	14	20	0	20	4	19	15	26
7	Trent Reznor	1	35	34	18	58	18	2	18	59	48	17	22
8	Trent Reznor	0	29	20	19	15	28	0	27	24	54	23	23
9	Trent Reznor	2	36	17	15	31	48	0	48	5	42	7	68
10	Trent Reznor	3	19	9	14	29	29	0	29	7	7	9	35
11	Trent Reznor	13	55	18	29	22	37	0	37	28	12	6	53
12	Trent Reznor	3	22	9	14	10	21	0	20	4	10	1	26
13	Trent Reznor	5	18	13	3	18	19	0	19	8	20	9	18
14	Trent Reznor	0	8	6	10	9	31	0	30	3	24	4	28
15	Trent Reznor	2	30	12	50	10	31	0	30	0	31	8	48
16	Trent Reznor	2	12	10	9	13	20	0	20	4	15	13	45
17	Trent Reznor	4	24	12	16	44	45	1	45	13	24	23	77
18	Trent Reznor	2	14	9	29	4	41	0	41	0	3	0	46
19	Trent Reznor	5	19	6	3	26	9	0	9	16	40	3	25
20	Trent Reznor	3	33	20	17	28	12	0	12	13	28	13	23
21	Trent Reznor	11	27	16	8	26	37	0	37	2	22	10	19
22	Trent Reznor	1	19	13	41	48	23	0	23	6	41	9	21
23	Trent Reznor	2	23	8	19	30	44	1	44	23	37	3	35
24	Trent Reznor	4	62	43	34	18	61	0	61	6	26	17	74
25	Trent Reznor	1	11	6	18	12	49	1	49	0	10	30	61
26	Trent Reznor	1	2	2	2	8	12	0	12	1	16	2	0
27	Trent Reznor	0	15	9	25	7	24	0	24	4	24	7	9
28	Trent Reznor	1	4	2	7	5	1	0	1	1	11	1	6
29	Trent Reznor	2	16	3	20	10	25	3	25	6	21	8	25
30	Trent Reznor	1	14	31	9	29	32	1	32	4	28	2	32
31	Trent Reznor	0	3	3	4	9	21	1	21	4	2	1	4
32	Trent Reznor	5	9	1	16	10	19	0	8	10	21	4	16
33	Trent Reznor	0	20	7	12	25	51	3	42	3	16	6	42
34	Trent Reznor	4	19	11	16	5	16	0	14	7	16	8	32
35	Trent Reznor	1	11	1	17	11	33	0	30	6	16	6	35
36	Trent Reznor	3	14	11	16	12	45	1	37	1	17	9	44
37	Trent Reznor	4	17	20	13	20	20	0	18	7	24	3	33
38	Trent Reznor	1	30	9	32	24	24	0	4	6	23	15	28
39	Trent Reznor	2	15	7	16	25	10	2	1	8	14	4	8
40	Trent Reznor	3	48	17	24	36	26	0	7	9	39	22	45
41	Trent Reznor	4	19	18	17	25	10	4	2	8	27	11	12
42	Trent Reznor	1	13	1	5	15	4	0	0	4	9	3	7
43	Trent Reznor	0	19	6	12	16	9	1	9	4	11	4	22
44	Trent Reznor	1	19	8	15	23	7	0	5	5	13	4	23
45	Trent Reznor	0	46	15	34	16	34	2	7	9	42	14	45
1	Elliott Smith	5	25	8	16	23	0	4	0	3	14	6	13
2	Elliott Smith	1	16	12	4	39	3	1	3	3	12	8	13
3	Elliott Smith	1	20	24	14	25	1	0	1	6	18	2	18
4	Elliott Smith	7	15	6	15	24	11	0	11	5	16	12	28
5	Elliott Smith	1	17	9	18	9	14	1	13	13	37	6	22
6	Elliott Smith	2	7	5	2	4	4	0	4	8	13	1	11
7	Elliott Smith	2	13	15	4	12	13	0	13	4	18	3	23
8	Elliott Smith	8	17	12	6	10	7	1	7	2	16	4	19
9	Elliott Smith	2	13	11	5	11	7	0	5	6	17	3	14
10	Elliott Smith	1	3	4	13	12	26	0	26	11	36	10	7
11	Elliott Smith	7	11	10	6	12	13	0	12	3	16	3	24
12	Elliott Smith	1	14	10	7	11	12	0	11	8	14	8	25
13	Elliott Smith	5	14	12	10	19	12	0	12	5	17	6	41
14	Elliott Smith	2	10	7	7	10	12	0	12	5	13	3	17
15	Elliott Smith	3	10	10	12	11	3	0	3	3	15	2	8
16	Elliott Smith	1	13	4	5	17	6	0	6	3	8	3	14
17	Elliott Smith	3	9	6	7	15	3	0	1	5	15	4	17
18	Elliott Smith	1	13	3	7	22	3	0	3	3	24	2	22
19	Elliott Smith	1	10	5	5	12	1	1	1	1	11	0	8
20	Elliott Smith	4	10	4	9	30	12	0	12	5	18	6	30
21	Elliott Smith	5	17	4	14	15	9	0	9	3	14	3	21
22	Elliott Smith	4	27	18	17	29	14	0	14	5	11	4	27
23	Elliott Smith	0	26	12	12	19	8	0	8	9	19	7	20
24	Elliott Smith	3	8	7	6	6	10	1	8	6	12	6	14
25	Elliott Smith	6	13	10	10	2	10	0	10	4	18	2	22
26	Elliott Smith	1	26	12	15	18	14	0	14	11	16	10	23
27	Elliott Smith	8	30	19	11	23	10	0	9	7	20	9	27
28	Elliott Smith	1	3	2	6	12	10	0	10	1	6	1	9
29	Elliott Smith	0	3	11	2	3	10	0	10	2	3	1	13
30	Elliott Smith	4	17	9	7	14	14	2	14	16	16	4	30
31	Elliott Smith	2	10	8	6	8	8	0	8	7	7	3	22
32	Elliott Smith	1	7	5	6	4	6	0	6	1	14	1	14
33	Elliott Smith	5	15	10	14	22	10	0	10	4	17	2	16
34	Elliott Smith	1	24	9	6	9	8	1	7	8	9	9	29
35	Elliott Smith	4	13	5	8	3	9	0	8	5	10	6	21
36	Elliott Smith	8	24	9	19	28	13	0	13	16	18	12	25
37	Elliott Smith	1	8	5	1	6	4	0	4	1	5	6	13
38	Elliott Smith	0	23	19	13	10	29	0	29	19	18	10	40
39	Elliott Smith	12	29	13	5	11	4	0	4	0	18	0	8
40	Elliott Smith	8	24	22	22	40	24	0	23	11	29	5	48
41	Elliott Smith	1	12	13	2	4	13	0	13	3	13	2	21
42	Elliott Smith	1	13	17	16	9	13	0	13	3	20	8	14
43	Elliott Smith	1	20	5	7	11	18	0	17	12	20	8	34
44	Elliott Smith	6	16	2	11	9	21	1	21	3	19	3	27
45	Elliott Smith	3	53	31	10	18	12	0	12	3	32	1	23
46	Elliott Smith	5	25	11	16	16	23	3	23	12	26	9	41
47	Elliott Smith	9	17	13	11	25	18	0	18	6	12	8	27
48	Elliott Smith	3	16	17	23	0	12	0	12	4	12	2	17
49	Elliott Smith	6	13	7	8	11	17	0	16	9	15	3	17
50	Elliott Smith	9	20	11	13	19	8	0	8	7	27	10	20
51	Elliott Smith	2	18	14	16	30	5	1	5	11	25	7	32
52	Elliott Smith	6	12	11	11	8	9	1	9	13	29	5	16
53	Elliott Smith	1	22	11	10	11	12	1	12	4	12	6	22
54	Elliott Smith	2	10	10	9	9	5	0	5	0	14	6	9
55	Elliott Smith	5	13	9	17	39	11	2	11	16	25	3	27
56	Elliott Smith	11	27	15	20	13	28	1	28	12	22	4	50
57	Elliott Smith	6	23	16	23	12	22	1	22	12	27	9	39
58	Elliott Smith	7	33	22	21	21	25	0	24	10	33	8	39
59	Elliott Smith	3	12	12	12	12	7	0	7	4	12	0	11
60	Elliott Smith	4	10	11	3	6	10	0	10	1	11	5	19
61	Elliott Smith	6	25	10	18	30	5	1	5	1	18	6	15
62	Elliott Smith	2	8	4	9	18	11	0	11	0	7	5	12
63	Elliott Smith	2	28	7	9	12	3	1	3	14	19	3	30
64	Elliott Smith	5	9	9	5	14	19	0	17	10	13	5	28
65	Elliott Smith	4	7	7	5	17	12	0	11	4	11	4	20
66	Elliott Smith	5	21	14	15	18	10	1	10	7	11	4	17
67	Elliott Smith	5	24	12	8	26	13	0	13	7	19	9	16
68	Elliott Smith	3	36	12	23	53	24	1	24	13	34	9	36
69	Elliott Smith	1	12	17	9	8	11	0	11	12	19	7	12
70	Elliott Smith	4	18	11	3	28	5	2	5	1	17	4	18
71	Elliott Smith	9	31	17	11	19	10	1	10	1	34	22	19
72	Elliott Smith	0	12	14	9	15	10	1	10	9	17	8	18
73	Elliott Smith	2	10	2	13	11	6	2	5	3	12	3	16
74	Elliott Smith	1	18	6	8	13	13	0	13	9	17	13	35
75	Elliott Smith	2	10	6	12	20	5	0	5	5	23	3	12
76	Elliott Smith	3	7	6	11	25	7	0	6	1	11	1	9
77	Elliott Smith	5	13	12	4	19	7	0	7	2	13	0	17
78	Elliott Smith	3	17	13	4	16	17	0	16	6	19	6	24
79	Elliott Smith	15	14	17	12	33	13	0	12	3	31	5	32
80	Elliott Smith	2	10	3	4	20	9	0	9	4	18	1	20
81	Elliott Smith	1	24	7	11	15	4	0	4	11	12	5	11
82	Elliott Smith	1	3	6	6	3	7	0	3	4	13	5	7
83	Elliott Smith	3	17	1	12	19	1	0	1	0	16	2	16
84	Elliott Smith	2	16	7	6	24	6	2	4	3	22	3	15
85	Elliott Smith	9	36	31	20	62	43	4	43	14	30	16	48
86	Elliott Smith	2	10	13	5	8	8	0	8	2	13	1	17
87	Elliott Smith	6	13	8	4	15	5	0	5	4	21	0	14
88	Elliott Smith	9	22	26	22	27	20	0	20	7	16	6	34
89	Elliott Smith	5	27	10	8	30	5	0	4	10	21	6	30
90	Elliott Smith	3	14	7	8	16	17	0	17	6	15	2	22
91	Elliott Smith	4	15	3	6	9	4	1	4	10	6	2	11
92	Elliott Smith	8	30	14	17	10	16	0	16	3	29	5	22
93	Elliott Smith	2	4	3	3	2	12	0	9	2	8	0	13
94	Elliott Smith	5	38	25	10	6	8	0	8	8	11	2	20
95	Elliott Smith	8	13	13	10	8	6	0	6	7	15	2	14
96	Elliott Smith	2	7	9	9	19	5	0	5	6	22	3	21
97	Elliott Smith	3	34	10	29	38	10	2	9	3	35	3	15
98	Elliott Smith	6	19	9	12	20	3	0	3	3	16	6	29
99	Elliott Smith	2	16	14	5	7	17	1	16	7	10	6	27
1	Ian Curtis	2	12	13	12	11	3	2	3	10	11	6	31
2	Ian Curtis	0	14	8	3	4	10	0	10	1	18	3	12
3	Ian Curtis	3	23	12	15	7	12	5	11	8	14	8	24
4	Ian Curtis	2	26	8	4	25	7	0	5	6	24	3	30
5	Ian Curtis	1	16	8	7	17	24	0	19	5	13	11	32
6	Ian Curtis	8	27	24	18	4	8	4	7	8	33	17	28
7	Ian Curtis	2	21	15	19	4	14	0	13	6	25	7	20
8	Ian Curtis	4	9	8	5	5	3	2	3	4	19	1	12
9	Ian Curtis	2	4	6	1	10	10	0	0	0	12	2	7
10	Ian Curtis	3	56	15	12	1	8	1	1	3	21	5	51
11	Ian Curtis	0	5	4	1	3	1	0	1	7	12	1	7
12	Ian Curtis	0	3	3	5	9	18	1	18	4	2	1	3
13	Ian Curtis	0	12	5	10	3	6	1	5	0	13	4	7
14	Ian Curtis	13	37	20	18	4	16	0	3	5	16	31	10
15	Ian Curtis	2	22	12	16	6	13	1	12	4	15	2	26
16	Ian Curtis	2	15	15	13	10	1	0	0	3	23	6	12
17	Ian Curtis	12	4	13	11	11	11	0	11	39	33	9	33
18	Ian Curtis	9	3	16	17	23	0	2	0	15	21	0	17
19	Ian Curtis	1	11	11	13	17	7	0	6	11	18	16	19
20	Ian Curtis	1	24	18	15	17	1	0	0	13	13	6	21
21	Ian Curtis	4	22	10	21	2	8	0	4	10	20	1	15
22	Ian Curtis	0	17	15	14	28	6	1	1	3	22	3	5
23	Ian Curtis	3	9	8	6	8	3	0	2	3	8	2	5
24	Ian Curtis	0	7	1	11	10	0	1	0	6	8	2	4
25	Ian Curtis	0	11	6	6	2	7	0	5	2	6	5	24
26	Ian Curtis	3	10	9	10	10	11	0	11	1	20	9	13
27	Ian Curtis	2	11	9	5	23	2	0	1	11	10	1	9
28	Ian Curtis	0	8	16	6	3	7	0	3	7	25	4	5
29	Ian Curtis	1	6	3	6	49	0	1	0	1	48	2	49
30	Ian Curtis	1	15	6	11	12	21	0	21	7	4	1	21
31	Ian Curtis	4	19	19	19	11	13	1	12	9	21	5	16
32	Ian Curtis	0	24	2	41	24	5	0	4	21	10	17	37
33	Ian Curtis	1	12	17	10	13	15	1	12	3	22	5	11
34	Ian Curtis	3	25	11	19	11	19	0	13	6	20	4	21
35	Ian Curtis	2	8	9	14	6	8	4	6	8	14	3	12
36	Ian Curtis	2	10	10	4	30	17	1	16	4	18	24	43
37	Ian Curtis	2	7	12	7	10	6	0	6	3	8	1	22
38	Ian Curtis	0	7	0	9	14	9	0	9	0	8	0	21
39	Ian Curtis	6	19	32	19	6	22	3	22	14	23	5	34
40	Ian Curtis	1	11	18	6	3	13	1	5	7	36	9	9
1	Kurt Cobain	6	13	29	3	22	11	0	8	0	33	5	8
2	Kurt Cobain	0	5	2	1	1	20	2	20	3	10	6	26
3	Kurt Cobain	3	17	8	5	14	27	0	27	7	7	5	31
4	Kurt Cobain	8	24	0	16	32	8	0	8	13	0	0	25
5	Kurt Cobain	0	17	19	18	18	18	0	18	2	4	23	14
6	Kurt Cobain	2	10	10	11	12	20	0	20	3	11	3	30
7	Kurt Cobain	6	36	33	30	2	24	0	18	84	50	32	113
8	Kurt Cobain	30	54	0	0	12	57	0	57	21	16	0	24
9	Kurt Cobain	6	33	33	30	51	0	0	0	15	24	21	18
10	Kurt Cobain	2	20	6	4	16	28	4	28	6	14	10	40
11	Kurt Cobain	0	16	25	0	39	0	1	0	8	13	10	18
12	Kurt Cobain	6	14	4	23	11	12	0	12	10	16	8	18
13	Kurt Cobain	6	20	12	12	7	13	5	13	4	26	9	21
14	Kurt Cobain	2	8	4	22	7	9	17	8	16	32	1	13
15	Kurt Cobain	0	10	7	0	6	6	0	6	18	23	3	16
16	Kurt Cobain	0	35	14	3	26	24	0	24	4	22	1	38
17	Kurt Cobain	1	7	3	2	5	38	0	38	0	17	1	15
18	Kurt Cobain	1	24	12	14	23	14	1	11	0	42	2	21
19	Kurt Cobain	2	29	6	24	4	50	0	48	5	29	5	55
20	Kurt Cobain	7	12	7	9	4	12	0	12	1	22	5	22
21	Kurt Cobain	1	11	7	6	9	15	4	12	1	20	5	33
22	Kurt Cobain	7	3	0	6	0	14	0	14	2	15	5	29
23	Kurt Cobain	2	20	8	11	10	36	0	34	0	26	3	17
24	Kurt Cobain	2	22	18	5	0	11	0	9	4	16	18	7
25	Kurt Cobain	0	70	4	76	2	33	1	13	3	27	5	50
26	Kurt Cobain	4	16	11	26	19	15	0	12	14	21	10	31
27	Kurt Cobain	8	29	19	18	9	28	7	15	2	52	15	23
28	Kurt Cobain	0	19	14	12	45	13	0	6	1	10	13	31
29	Kurt Cobain	0	12	4	1	7	13	0	13	13	4	6	30
30	Kurt Cobain	15	28	35	9	33	51	0	39	14	56	6	53
31	Kurt Cobain	1	28	32	14	21	66	0	62	2	28	8	67
32	Kurt Cobain	8	37	19	5	27	44	0	41	7	24	17	34
33	Kurt Cobain	0	5	24	2	5	15	0	15	0	6	2	19
34	Kurt Cobain	5	19	24	13	36	18	0	18	5	16	6	30
35	Kurt Cobain	5	26	13	22	23	46	1	42	7	34	5	51
36	Kurt Cobain	4	25	4	22	2	18	0	18	27	28	5	29
37	Kurt Cobain	4	31	13	30	15	53	2	53	4	31	7	58
38	Kurt Cobain	0	4	2	11	4	6	0	6	0	2	2	39
39	Kurt Cobain	2	10	4	0	1	7	0	7	8	7	0	18
40	Kurt Cobain	1	9	2	11	3	34	0	34	2	7	4	26
41	Kurt Cobain	2	7	48	2	5	56	0	56	46	3	4	23
42	Kurt Cobain	12	3	6	6	24	4	0	4	0	14	0	25
43	Kurt Cobain	1	3	2	33	32	0	0	0	4	2	2	21
44	Kurt Cobain	1	11	12	19	36	3	0	3	15	24	6	15
45	Kurt Cobain	0	25	36	0	15	12	0	12	8	4	28	2
46	Kurt Cobain	0	8	0	3	11	11	0	3	25	26	0	55
47	Kurt Cobain	2	14	13	6	9	73	0	66	3	20	8	50
48	Kurt Cobain	5	6	7	10	11	12	1	12	0	6	2	30
49	Kurt Cobain	8	8	14	2	44	32	0	32	2	24	0	22
50	Kurt Cobain	0	21	4	13	18	4	1	0	5	13	6	15
51	Kurt Cobain	0	3	1	11	8	17	0	9	0	22	7	16
52	Kurt Cobain	16	20	18	4	50	42	0	42	0	27	59	6
53	Kurt Cobain	0	25	6	20	29	13	0	13	4	11	12	32
1	Pete Ham	1	31	20	28	13	19	0	14	5	19	18	20
2	Pete Ham	0	13	2	4	0	44	0	0	2	54	3	7
3	Pete Ham	4	8	4	6	13	17	0	16	1	19	3	18
4	Pete Ham	5	41	36	17	12	27	0	23	12	32	18	28
5	Pete Ham	1	26	8	15	37	2	0	2	3	9	0	10
6	Pete Ham	5	13	34	59	47	23	8	23	4	22	26	39
7	Pete Ham	0	14	7	10	27	11	0	9	4	25	5	13
8	Pete Ham	1	4	2	10	29	15	0	15	2	7	2	26
9	Pete Ham	10	19	33	31	12	14	0	14	11	15	18	40
10	Pete Ham	3	30	7	38	54	63	0	61	2	26	1	21
11	Pete Ham	0	17	15	14	1	26	0	25	8	23	4	35
12	Pete Ham	3	24	18	13	15	31	0	29	4	6	12	41
13	Pete Ham	6	37	9	33	19	28	1	28	16	34	16	54
14	Pete Ham	1	10	7	6	16	13	1	3	4	10	3	7
15	Pete Ham	12	27	13	22	32	15	2	4	18	36	12	27
16	Pete Ham	1	16	12	10	22	16	0	15	2	14	3	28
17	Pete Ham	2	29	13	13	25	12	0	12	14	11	38	23
18	Pete Ham	1	26	37	22	49	46	0	46	38	19	1	63
19	Pete Ham	2	17	10	8	22	0	0	0	12	8	8	15
20	Pete Ham	0	28	8	21	28	9	0	9	22	4	16	34
21	Pete Ham	3	36	5	6	27	35	0	35	9	27	0	44
22	Pete Ham	8	11	19	16	14	18	0	18	19	22	7	26
23	Pete Ham	0	41	6	17	41	18	0	18	30	34	3	41
24	Pete Ham	6	17	30	24	39	38	0	33	14	17	10	48
25	Pete Ham	0	12	9	12	8	12	0	12	3	20	9	9
26	Pete Ham	0	18	7	4	7	19	0	16	11	16	12	31
27	Pete Ham	9	23	19	18	25	6	0	4	19	13	4	12
28	Pete Ham	1	19	13	27	22	43	2	34	13	39	8	35
29	Pete Ham	13	11	11	7	19	18	0	18	18	15	5	10
30	Pete Ham	4	37	13	30	11	6	3	3	19	22	12	12
31	Pete Ham	0	28	10	24	24	14	0	8	0	19	5	11
32	Pete Ham	8	16	10	15	36	17	1	15	33	35	18	20
33	Pete Ham	3	33	27	19	49	7	0	2	12	29	20	22
34	Pete Ham	0	20	14	13	42	10	0	2	12	43	2	8
1	Phil Ochs	0	21	28	13	12	45	0	38	15	30	19	48
2	Phil Ochs	6	23	21	21	21	19	0	3	11	40	1	26
3	Phil Ochs	2	13	8	13	8	0	0	0	11	24	6	37
4	Phil Ochs	2	21	17	9	18	30	0	8	15	27	5	17
5	Phil Ochs	0	31	15	4	30	0	0	0	4	25	3	40
6	Phil Ochs	4	31	43	20	45	1	8	1	19	33	8	57
7	Phil Ochs	2	31	27	11	25	21	1	21	15	33	7	51
8	Phil Ochs	2	26	10	2	20	22	1	22	21	27	19	53
9	Phil Ochs	2	15	12	11	45	1	1	1	6	51	3	44
10	Phil Ochs	5	21	15	9	14	2	2	2	14	20	5	31
11	Phil Ochs	6	15	18	6	14	2	1	2	17	31	2	54
12	Phil Ochs	2	18	10	15	9	26	2	26	2	16	6	37
13	Phil Ochs	0	9	3	1	3	12	0	12	1	1	1	37
14	Phil Ochs	1	47	30	26	21	49	1	49	26	20	17	73
15	Phil Ochs	2	16	9	8	17	0	2	0	1	19	5	28
16	Phil Ochs	0	21	10	21	6	0	3	0	15	35	8	21
17	Phil Ochs	5	23	18	17	48	0	1	0	14	38	5	51
18	Phil Ochs	10	20	18	10	11	13	1	5	7	26	4	24
19	Phil Ochs	9	14	14	15	22	2	0	0	12	34	7	63
20	Phil Ochs	0	14	6	15	10	11	0	2	6	17	3	22
21	Phil Ochs	1	21	13	25	7	19	0	19	7	14	25	27
22	Phil Ochs	2	24	14	17	12	1	0	0	1	18	6	21
23	Phil Ochs	2	17	21	12	17	30	2	30	10	21	5	45
24	Phil Ochs	6	46	36	17	22	7	0	4	3	23	11	26
25	Phil Ochs	0	12	15	21	24	3	0	1	21	39	7	31
26	Phil Ochs	9	25	23	9	17	17	3	8	9	38	3	46
27	Phil Ochs	1	33	23	15	41	3	0	0	7	8	7	33
28	Phil Ochs	2	15	17	9	30	2	0	0	11	58	7	32
29	Phil Ochs	0	11	9	14	21	19	0	19	7	13	7	32
30	Phil Ochs	0	17	20	17	23	0	0	0	3	30	3	36
31	Phil Ochs	0	16	3	5	4	24	0	24	5	9	6	33
32	Phil Ochs	1	10	15	3	40	1	0	1	6	16	5	31
33	Phil Ochs	2	14	18	28	6	37	1	30	4	25	13	45
34	Phil Ochs	1	15	11	8	8	26	0	23	2	12	4	55
35	Phil Ochs	4	23	11	18	8	32	0	32	8	20	14	36
36	Phil Ochs	3	34	14	15	29	14	3	14	13	19	11	21
37	Phil Ochs	1	9	3	8	10	11	0	9	3	17	5	28
38	Phil Ochs	4	14	13	3	21	22	0	19	2	28	8	53
39	Phil Ochs	6	29	8	9	16	22	0	11	5	33	5	29
40	Phil Ochs	0	15	7	15	18	11	0	11	22	9	1	39
41	Phil Ochs	0	27	22	16	14	30	1	26	16	22	10	48
42	Phil Ochs	1	11	9	11	10	4	3	0	4	25	4	17
43	Phil Ochs	2	32	24	17	6	60	3	60	15	41	8	101
44	Phil Ochs	8	32	26	24	57	23	2	23	19	33	2	44
45	Phil Ochs	0	17	18	14	12	4	1	3	7	20	3	33
46	Phil Ochs	1	17	21	8	19	2	10	1	15	21	2	27
47	Phil Ochs	6	26	28	22	47	13	0	13	11	49	19	78
48	Phil Ochs	1	24	17	19	58	0	0	0	12	20	31	66
49	Phil Ochs	2	6	4	5	2	18	0	0	3	33	2	36
50	Phil Ochs	8	28	26	31	18	1	3	0	10	52	17	50
51	Phil Ochs	7	30	21	18	33	19	1	12	7	34	5	51
52	Phil Ochs	1	25	30	10	44	0	0	0	8	41	8	41
53	Phil Ochs	3	17	14	19	18	1	1	1	2	16	5	32
54	Phil Ochs	8	40	44	22	49	1	3	1	16	36	23	57
1	Stuart Adamson	1	10	15	7	6	28	0	28	5	15	4	34
2	Stuart Adamson	10	60	35	35	54	28	0	26	14	40	7	46
3	Stuart Adamson	6	36	38	11	41	14	0	12	6	31	31	19
4	Stuart Adamson	5	33	23	18	15	24	1	12	9	44	4	36
5	Stuart Adamson	4	38	19	20	16	66	2	64	15	26	13	75
6	Stuart Adamson	0	76	62	19	15	18	2	16	7	13	48	25
7	Stuart Adamson	2	25	23	17	10	70	0	53	15	49	14	80
8	Stuart Adamson	6	40	31	27	26	11	0	4	17	50	15	47
9	Stuart Adamson	23	46	52	67	19	44	0	42	10	42	27	40
10	Stuart Adamson	1	16	13	42	12	35	0	24	35	39	23	39
11	Stuart Adamson	2	79	27	26	16	29	0	28	20	60	49	49
12	Stuart Adamson	2	86	15	19	1	47	0	10	33	27	7	43
13	Stuart Adamson	1	36	8	19	10	49	8	49	8	27	15	43
14	Stuart Adamson	3	17	9	15	56	30	0	30	2	28	3	37
15	Stuart Adamson	3	18	12	16	6	17	0	16	1	9	7	25
16	Stuart Adamson	1	42	15	24	7	38	0	21	20	47	18	32
17	Stuart Adamson	9	19	13	26	36	5	1	5	14	27	4	25
18	Stuart Adamson	7	33	33	23	28	32	2	30	10	28	24	46
19	Stuart Adamson	2	40	14	19	18	20	0	16	12	23	16	37
