file	diff between sums across all n-grams	% suicide 1-grams	% suicide 2-grams	% suicide 3-grams	% suicide 4-grams	% suicide 5-grams	% suicide 6-grams	% non-suicide 1-grams	% non-suicide 2-grams	% non-suicide 3-grams	% non-suicide 4-grams	% non-suicide 5-grams	% non-suicide 6-grams	diff for 1-gram %s	diff for 2-gram %s	diff for 3-gram %s	diff for 4-gram %s	diff for 5-gram %s	diff for 6-gram %s	average for all suicide n-gram %s	average for all non-suicide n-gram %s	diff between n-gram % averages
elliott_smith.txt.tkzd.txt.POStagged.txt.lem.1.txt	0.0455572349	0.0449438202	0.0884353741	0.0709677419	0.0189873418	0.00625	0	0.0561797753	0.1020408163	0.0258064516	0	0	0	-0.0112359551	-0.0136054422	0.0451612903	0.0189873418	0.00625	0	0.0382640463	0.0306711739	0.0075928725
elliott_smith.txt.tkzd.txt.POStagged.txt.lem.10.txt	0.0005293406	0.0416666667	0.0657894737	0.0243902439	0.0229885057	0	0	0	0.1184210526	0.0243902439	0.0114942529	0	0	0.0416666667	-0.0526315789	0	0.0114942529	0	0	0.025805815	0.0257175916	8.82234321436E-005
elliott_smith.txt.tkzd.txt.POStagged.txt.lem.11.txt	-0.2115963847	0.018018018	0.0540540541	0.0050505051	0.0049261084	0	0	0.0810810811	0.0972972973	0.0808080808	0.0295566502	0.0049019608	0	-0.0630630631	-0.0432432432	-0.0757575758	-0.0246305419	-0.0049019608	0	0.0136747809	0.048940845	-0.0352660641
elliott_smith.txt.tkzd.txt.POStagged.txt.lem.12.txt	-0.0935064935	0.0543478261	0.0714285714	0.0242424242	0	0	0	0.0543478261	0.1103896104	0.0787878788	0	0	0	0	-0.038961039	-0.0545454545	0	0	0	0.025003137	0.0405875525	-0.0155844156
elliott_smith.txt.tkzd.txt.POStagged.txt.lem.13.txt	-0.1998351423	0.0471698113	0.0473684211	0.0390243902	0.0047169811	0	0	0.1226415094	0.0947368421	0.087804878	0.0283018868	0.0046296296	0	-0.0754716981	-0.0473684211	-0.0487804878	-0.0235849057	-0.0046296296	0	0.0230466006	0.0563524577	-0.033305857
elliott_smith.txt.tkzd.txt.POStagged.txt.lem.14.txt	-0.1358288124	0	0.0531914894	0.0792079208	0.0485436893	0.0096153846	0	0.0819672131	0.1063829787	0.1089108911	0.0291262136	0	0	-0.0819672131	-0.0531914894	-0.0297029703	0.0194174757	0.0096153846	0	0.0317597473	0.0543978828	-0.0226381354
elliott_smith.txt.tkzd.txt.POStagged.txt.lem.15.txt	-0.012490087	0.0405405405	0.0714285714	0.052173913	0	0	0	0	0.1071428571	0.0608695652	0.0086206897	0	0	0.0405405405	-0.0357142857	-0.0086956522	-0.0086206897	0	0	0.0273571708	0.029438852	-0.0020816812
elliott_smith.txt.tkzd.txt.POStagged.txt.lem.16.txt	-0.0266399166	0.0461538462	0.1150442478	0.0564516129	0	0	0	0.0615384615	0.0796460177	0.064516129	0.0234375	0.0151515152	0	-0.0153846154	0.0353982301	-0.0080645161	-0.0234375	-0.0151515152	0	0.0362749511	0.0407149372	-0.0044399861
elliott_smith.txt.tkzd.txt.POStagged.txt.lem.17.txt	-0.0225455606	0.0675675676	0.0277777778	0.025862069	0.0168067227	0.0083333333	0	0.0405405405	0.1111111111	0.0172413793	0	0	0	0.027027027	-0.0833333333	0.0086206897	0.0168067227	0.0083333333	0	0.0243912451	0.0281488385	-0.0037575934
elliott_smith.txt.tkzd.txt.POStagged.txt.lem.18.txt	-0.1028649971	0.0579710145	0.0093457944	0.0085470085	0	0	0	0.0434782609	0.0841121495	0.0427350427	0.0084033613	0	0	0.0144927536	-0.0747663551	-0.0341880342	-0.0084033613	0	0	0.0126439696	0.0297881357	-0.0171441662
elliott_smith.txt.tkzd.txt.POStagged.txt.lem.19.txt	-0.0461479819	0.0508474576	0.0581395349	0.0555555556	0.0108695652	0	0	0.0508474576	0.1046511628	0.0222222222	0.0217391304	0.010989011	0.0111111111	0	-0.0465116279	0.0333333333	-0.0108695652	-0.010989011	-0.0111111111	0.0292353522	0.0369266825	-0.0076913303
elliott_smith.txt.tkzd.txt.POStagged.txt.lem.2.txt	0.0177550777	0.0666666667	0.05	0.0405405405	0.0066225166	0	0	0.0333333333	0.0857142857	0.027027027	0	0	0	0.0333333333	-0.0357142857	0.0135135135	0.0066225166	0	0	0.027304954	0.0243457743	0.0029591796
elliott_smith.txt.tkzd.txt.POStagged.txt.lem.20.txt	-0.0256008359	0.0142857143	0.0873015873	0.0620689655	0.0194805195	0	0	0.0428571429	0.1111111111	0.0482758621	0.0064935065	0	0	-0.0285714286	-0.0238095238	0.0137931034	0.012987013	0	0	0.0305227978	0.0347896038	-0.004266806
elliott_smith.txt.tkzd.txt.POStagged.txt.lem.21.txt	-0.0049802878	0.0322580645	0.0410958904	0.0519480519	0.0189873418	0.0062111801	0	0.0215053763	0.0821917808	0.0454545455	0.0063291139	0	0	0.0107526882	-0.0410958904	0.0064935065	0.0126582278	0.0062111801	0	0.0250834215	0.0259134694	-0.000830048
elliott_smith.txt.tkzd.txt.POStagged.txt.lem.22.txt	0.0344552034	0.0447761194	0.0377358491	0.0446428571	0.0170940171	0	0	0	0.0566037736	0.0446428571	0.0085470085	0	0	0.0447761194	-0.0188679245	0	0.0085470085	0	0	0.0240414738	0.0182989399	0.0057425339
elliott_smith.txt.tkzd.txt.POStagged.txt.lem.23.txt	-0.1169956156	0.023255814	0.0890410959	0.0566037736	0.0303030303	0.005988024	0	0.0348837209	0.1506849315	0.0943396226	0.0303030303	0.0119760479	0	-0.011627907	-0.0616438356	-0.0377358491	0	-0.005988024	0	0.0341986229	0.0536978922	-0.0194992693
elliott_smith.txt.tkzd.txt.POStagged.txt.lem.24.txt	-0.0919014452	0.0735294118	0.128440367	0.0504201681	0	0	0	0.0735294118	0.1376146789	0.0840336134	0.0409836066	0.0081300813	0	0	-0.0091743119	-0.0336134454	-0.0409836066	-0.0081300813	0	0.0420649911	0.0573818987	-0.0153169075
elliott_smith.txt.tkzd.txt.POStagged.txt.lem.25.txt	0.1257753114	0.0617283951	0.1417322835	0.0791366906	0.0275862069	0.0205479452	0	0.0617283951	0.0866141732	0.035971223	0.0137931034	0.0068493151	0	0	0.0551181102	0.0431654676	0.0137931034	0.0136986301	0	0.0551219202	0.0341593683	0.0209625519
elliott_smith.txt.tkzd.txt.POStagged.txt.lem.26.txt	-0.0853725263	0	0.0731707317	0.037593985	0.0144927536	0.0070921986	0	0	0.1138211382	0.0676691729	0.0362318841	0	0	0	-0.0406504065	-0.030075188	-0.0217391304	0.0070921986	0	0.0220582781	0.0362870325	-0.0142287544
elliott_smith.txt.tkzd.txt.POStagged.txt.lem.27.txt	0.0133409881	0.0518518519	0.0848214286	0.0209205021	0.0041493776	0.0041322314	0	0.0518518519	0.0714285714	0.0251046025	0.0041493776	0	0	0	0.0133928571	-0.0041841004	0	0.0041322314	0	0.0276458986	0.0254224006	0.002223498
elliott_smith.txt.tkzd.txt.POStagged.txt.lem.28.txt	0.0114590804	0.05	0.0337078652	0.0212765957	0	0	0	0.0166666667	0.0449438202	0.0319148936	0	0	0	0.0333333333	-0.0112359551	-0.0106382979	0	0	0	0.0174974102	0.0155875634	0.0019098467
elliott_smith.txt.tkzd.txt.POStagged.txt.lem.29.txt	-0.0792030949	0.0701754386	0.075	0.0119047619	0	0	0	0.0526315789	0.1125	0.0595238095	0.011627907	0	0	0.0175438596	-0.0375	-0.0476190476	-0.011627907	0	0	0.0261800334	0.0393805492	-0.0132005158
elliott_smith.txt.tkzd.txt.POStagged.txt.lem.3.txt	-0.019801507	0.0113636364	0.0902777778	0.0526315789	0	0	0	0.0113636364	0.1041666667	0.0394736842	0.0128205128	0.00625	0	0	-0.0138888889	0.0131578947	-0.0128205128	-0.00625	0	0.0257121655	0.0290124167	-0.0033002512
elliott_smith.txt.tkzd.txt.POStagged.txt.lem.30.txt	-0.0236691816	0.0333333333	0.0314465409	0.0877192982	0.0287356322	0	0	0.0111111111	0.1006289308	0.0701754386	0.0229885057	0	0	0.0222222222	-0.0691823899	0.0175438596	0.0057471264	0	0	0.0302058008	0.0341506644	-0.0039448636
elliott_smith.txt.tkzd.txt.POStagged.txt.lem.31.txt	-0.0059532568	0.0263157895	0.1048387097	0.0757575758	0.0072992701	0	0	0.0657894737	0.0725806452	0.0454545455	0.0291970803	0.0071428571	0	-0.0394736842	0.0322580645	0.0303030303	-0.0218978102	-0.0071428571	0	0.0357018908	0.0366941003	-0.0009922095
elliott_smith.txt.tkzd.txt.POStagged.txt.lem.32.txt	-0.0669548119	0.0487804878	0.072	0.023255814	0.0152671756	0	0	0.0609756098	0.088	0.0620155039	0.0152671756	0	0	-0.012195122	-0.016	-0.0387596899	0	0	0	0.0265505796	0.0377097149	-0.0111591353
elliott_smith.txt.tkzd.txt.POStagged.txt.lem.33.txt	0.0320266834	0.0930232558	0.078125	0.0287769784	0.006993007	0.0068965517	0	0.0465116279	0.078125	0.0431654676	0.013986014	0	0	0.0465116279	0	-0.0143884892	-0.006993007	0.0068965517	0	0.0356357988	0.0302980183	0.0053377806
elliott_smith.txt.tkzd.txt.POStagged.txt.lem.34.txt	-0.0008462913	0.0208333333	0.0709677419	0.0479041916	0.0116959064	0	0	0.0520833333	0.064516129	0.0239520958	0.0116959064	0	0	-0.03125	0.0064516129	0.0239520958	0	0	0	0.0252335289	0.0253745774	-0.0001410485
elliott_smith.txt.tkzd.txt.POStagged.txt.lem.35.txt	0.0245071939	0.0298507463	0.0917431193	0.0172413793	0.0084745763	0	0	0.0149253731	0.0733944954	0.0344827586	0	0	0	0.0149253731	0.0183486239	-0.0172413793	0.0084745763	0	0	0.0245516369	0.0204671045	0.0040845323
elliott_smith.txt.tkzd.txt.POStagged.txt.lem.36.txt	-0.0512275411	0.024691358	0.0563380282	0.0753424658	0.0201342282	0	0	0.012345679	0.1267605634	0.0684931507	0.0201342282	0	0	0.012345679	-0.0704225352	0.0068493151	0	0	0	0.02941768	0.0379556035	-0.0085379235
elliott_smith.txt.tkzd.txt.POStagged.txt.lem.37.txt	-0.0157995045	0.0454545455	0.0707070707	0.0660377358	0.0272727273	0	0	0.0757575758	0.1212121212	0.0283018868	0	0	0	-0.0303030303	-0.0505050505	0.0377358491	0.0272727273	0	0	0.0349120132	0.037545264	-0.0026332507
elliott_smith.txt.tkzd.txt.POStagged.txt.lem.38.txt	-0.088484335	0.0652173913	0.0666666667	0.0824175824	0.0157068063	0	0	0.0326086957	0.1151515152	0.0934065934	0.0471204188	0.0203045685	0.0099009901	0.0326086957	-0.0484848485	-0.010989011	-0.0314136126	-0.0203045685	-0.0099009901	0.0383347411	0.0530821303	-0.0147473892
elliott_smith.txt.tkzd.txt.POStagged.txt.lem.39.txt	0.027854251	0.08	0.0769230769	0.0350877193	0	0	0	0.04	0.1153846154	0.0087719298	0	0	0	0.04	-0.0384615385	0.0263157895	0	0	0	0.0320017994	0.0273594242	0.0046423752
elliott_smith.txt.tkzd.txt.POStagged.txt.lem.4.txt	-0.0984316227	0.011627907	0.0759493671	0.0517241379	0.0055555556	0	0	0.0348837209	0.1455696203	0.0517241379	0.0111111111	0	0	-0.023255814	-0.0696202532	0	-0.0055555556	0	0	0.0241428279	0.0405480984	-0.0164052704
elliott_smith.txt.tkzd.txt.POStagged.txt.lem.40.txt	-0.0243535666	0.0272727273	0.0821917808	0.0553359684	0.0185185185	0	0	0.0454545455	0.095890411	0.0553359684	0.0074074074	0.0035842294	0	-0.0181818182	-0.0136986301	0	0.0111111111	-0.0035842294	0	0.0305531658	0.0346120936	-0.0040589278
elliott_smith.txt.tkzd.txt.POStagged.txt.lem.41.txt	-0.0968216659	0.0357142857	0.0722891566	0.0215053763	0	0	0	0	0.0722891566	0.0860215054	0.0202020202	0.0291262136	0.0186915888	0.0357142857	0	-0.064516129	-0.0202020202	-0.0291262136	-0.0186915888	0.0215848031	0.0377217474	-0.0161369443
elliott_smith.txt.tkzd.txt.POStagged.txt.lem.42.txt	-0.0267098107	0.0166666667	0.01	0.0636363636	0.0263157895	0.0170940171	0.0083333333	0.0666666667	0.03	0.0545454545	0.0175438596	0	0	-0.05	-0.02	0.0090909091	0.0087719298	0.0170940171	0.0083333333	0.0236743617	0.0281259968	-0.0044516351
elliott_smith.txt.tkzd.txt.POStagged.txt.lem.43.txt	-0.0186222732	0.0641025641	0.0746268657	0.0689655172	0.0133333333	0	0	0.0512820513	0.1194029851	0.0689655172	0	0	0	0.0128205128	-0.0447761194	0	0.0133333333	0	0	0.0368380467	0.0399417589	-0.0031037122
elliott_smith.txt.tkzd.txt.POStagged.txt.lem.44.txt	-0.2854185994	0.0117647059	0.0583941606	0.0065789474	0.0063694268	0.0062111801	0	0.1058823529	0.0948905109	0.0921052632	0.050955414	0.0186335404	0.0122699387	-0.0941176471	-0.0364963504	-0.0855263158	-0.0445859873	-0.0124223602	-0.0122699387	0.0148864035	0.06245617	-0.0475697666
elliott_smith.txt.tkzd.txt.POStagged.txt.lem.45.txt	0.0350053478	0.0943396226	0.0790960452	0.0618556701	0.0147783251	0.004784689	0	0.0471698113	0.0960451977	0.0618556701	0.0147783251	0	0	0.0471698113	-0.0169491525	0	0	0.004784689	0	0.0424757253	0.0366415007	0.0058342246
elliott_smith.txt.tkzd.txt.POStagged.txt.lem.46.txt	-0.1551277139	0.0220994475	0.0534591195	0.0260115607	0.0114285714	0.0057142857	0	0.0939226519	0.0849056604	0.063583815	0.0257142857	0.0057142857	0	-0.0718232044	-0.0314465409	-0.0375722543	-0.0142857143	0	0	0.0197854975	0.0456401165	-0.025854619
elliott_smith.txt.tkzd.txt.POStagged.txt.lem.47.txt	-0.0655505342	0.0306122449	0.1005586592	0.0338164251	0.0137614679	0	0	0.0204081633	0.1284916201	0.0724637681	0.0229357798	0	0	0.0102040816	-0.0279329609	-0.038647343	-0.0091743119	0	0	0.0297914662	0.0407165552	-0.010925089
elliott_smith.txt.tkzd.txt.POStagged.txt.lem.48.txt	-0.0681265666	0.0555555556	0.075	0.0348837209	0	0	0	0.0740740741	0.125	0.023255814	0.0112359551	0	0	-0.0185185185	-0.05	0.011627907	-0.0112359551	0	0	0.0275732127	0.0389276405	-0.0113544278
elliott_smith.txt.tkzd.txt.POStagged.txt.lem.49.txt	0.0827580064	0.0465116279	0.1095890411	0.0621118012	0.0182926829	0	0	0.023255814	0.0684931507	0.0559006211	0.006097561	0	0	0.023255814	0.0410958904	0.0062111801	0.012195122	0	0	0.0394175255	0.0256245245	0.0137930011
elliott_smith.txt.tkzd.txt.POStagged.txt.lem.5.txt	-0.0716792547	0.0215053763	0.0653594771	0.0432098765	0.005988024	0	0	0.0322580645	0.091503268	0.037037037	0.0239520958	0.011627907	0.0113636364	-0.0107526882	-0.0261437908	0.0061728395	-0.0179640719	-0.011627907	-0.0113636364	0.0226771257	0.0346236681	-0.0119465425
elliott_smith.txt.tkzd.txt.POStagged.txt.lem.50.txt	-0.181773994	0.0222222222	0.0372670807	0.0517241379	0.0222222222	0.0054347826	0	0.0555555556	0.1180124224	0.0862068966	0.05	0.0108695652	0	-0.0333333333	-0.0807453416	-0.0344827586	-0.0277777778	-0.0054347826	0	0.0231450743	0.0534407399	-0.0302956657
elliott_smith.txt.tkzd.txt.POStagged.txt.lem.51.txt	-0.0352657047	0.032	0.0776255708	0.0209205021	0	0	0	0.024	0.095890411	0.0376569038	0.0082644628	0	0	0.008	-0.0182648402	-0.0167364017	-0.0082644628	0	0	0.0217576788	0.0276352963	-0.0058776174
elliott_smith.txt.tkzd.txt.POStagged.txt.lem.52.txt	0.007165168	0.0543478261	0.1075949367	0.0946745562	0.0292397661	0.011627907	0.011627907	0.097826087	0.1392405063	0.0473372781	0.0175438596	0	0	-0.0434782609	-0.0316455696	0.0473372781	0.0116959064	0.011627907	0.011627907	0.0515188165	0.0503246218	0.0011941947
elliott_smith.txt.tkzd.txt.POStagged.txt.lem.53.txt	-0.2140198253	0.023255814	0.0263157895	0.0186335404	0	0	0	0.0697674419	0.1447368421	0.0434782609	0.0242424242	0	0	-0.0465116279	-0.1184210526	-0.0248447205	-0.0242424242	0	0	0.011367524	0.0470374948	-0.0356699709
elliott_smith.txt.tkzd.txt.POStagged.txt.lem.54.txt	-0.0589673984	0.0212765957	0.0806451613	0.0461538462	0	0	0	0.0638297872	0.1129032258	0.0153846154	0.0149253731	0	0	-0.0425531915	-0.0322580645	0.0307692308	-0.0149253731	0	0	0.0246792672	0.0345071669	-0.0098278997
elliott_smith.txt.tkzd.txt.POStagged.txt.lem.55.txt	-0.0604158557	0.0476190476	0.0774647887	0.0448717949	0.0188679245	0.0061728395	0	0.0595238095	0.1126760563	0.0769230769	0.0062893082	0	0	-0.0119047619	-0.0352112676	-0.0320512821	0.0125786164	0.0061728395	0	0.0324993992	0.0425687085	-0.0100693093
elliott_smith.txt.tkzd.txt.POStagged.txt.lem.56.txt	-0.1207531476	0.010989011	0.08125	0.043956044	0.0104166667	0	0	0.021978022	0.175	0.0549450549	0.0104166667	0.0050251256	0	-0.010989011	-0.09375	-0.010989011	0	-0.0050251256	0	0.0244352869	0.0445608115	-0.0201255246
elliott_smith.txt.tkzd.txt.POStagged.txt.lem.57.txt	-0.0327842743	0.0310077519	0.0785123967	0.0452830189	0.0073529412	0	0	0.0310077519	0.1115702479	0.0377358491	0.0110294118	0.0035971223	0	0	-0.0330578512	0.0075471698	-0.0036764706	-0.0035971223	0	0.0270260181	0.0324900638	-0.0054640457
elliott_smith.txt.tkzd.txt.POStagged.txt.lem.58.txt	-0.0814685315	0.0542635659	0.0288461538	0.0227272727	0	0	0	0.0542635659	0.1057692308	0.0272727273	0	0	0	0	-0.0769230769	-0.0045454545	0	0	0	0.0176394987	0.0312175873	-0.0135780886
elliott_smith.txt.tkzd.txt.POStagged.txt.lem.59.txt	0.050068622	0.067961165	0.0960451977	0.057591623	0.0102564103	0	0	0.0388349515	0.0960451977	0.0366492147	0.0102564103	0	0	0.0291262136	0	0.0209424084	0	0	0	0.0386423993	0.030297629	0.0083447703
elliott_smith.txt.tkzd.txt.POStagged.txt.lem.6.txt	-0.0480347695	0.0161290323	0.0918367347	0.0392156863	0	0	0	0.0161290323	0.1020408163	0.0392156863	0.0285714286	0.0092592593	0	0	-0.0102040816	0	-0.0285714286	-0.0092592593	0	0.0245302422	0.0325360371	-0.0080057949
elliott_smith.txt.tkzd.txt.POStagged.txt.lem.60.txt	-0.0513866628	0.0481927711	0.0942028986	0.0202702703	0.0198675497	0.0064935065	0	0.0722891566	0.0942028986	0.0540540541	0.0198675497	0	0	-0.0240963855	0	-0.0337837838	0	0.0064935065	0	0.0315044993	0.0400689432	-0.0085644438
elliott_smith.txt.tkzd.txt.POStagged.txt.lem.61.txt	-0.0708978498	0.0373831776	0.0652173913	0.0253807107	0	0	0	0.0560747664	0.0923913043	0.0406091371	0.0098039216	0	0	-0.0186915888	-0.027173913	-0.0152284264	-0.0098039216	0	0	0.0213302133	0.0331465216	-0.0118163083
elliott_smith.txt.tkzd.txt.POStagged.txt.lem.62.txt	-0.0550649653	0.0327868852	0.0510204082	0.0555555556	0.0175438596	0	0	0.0163934426	0.112244898	0.0833333333	0	0	0	0.0163934426	-0.0612244898	-0.0277777778	0.0175438596	0	0	0.0261511181	0.0353286123	-0.0091774942
elliott_smith.txt.tkzd.txt.POStagged.txt.lem.63.txt	0.020013032	0.0210526316	0.0604026846	0.0718954248	0.0194805195	0.0064516129	0	0.0526315789	0.0805369128	0.0196078431	0.0064935065	0	0	-0.0315789474	-0.0201342282	0.0522875817	0.012987013	0.0064516129	0	0.0298804789	0.0265449736	0.0033355053
elliott_smith.txt.tkzd.txt.POStagged.txt.lem.64.txt	-0.0195353248	0.0540540541	0.0631578947	0.0346534653	0.0048543689	0	0	0.0630630631	0.0736842105	0.0346534653	0.0048543689	0	0	-0.009009009	-0.0105263158	0	0	0	0	0.0261199638	0.0293758513	-0.0032558875
elliott_smith.txt.tkzd.txt.POStagged.txt.lem.65.txt	-0.1705458505	0.0144927536	0.0540540541	0.0243902439	0	0	0	0.0434782609	0.1081081081	0.081300813	0.0230769231	0.007518797	0	-0.0289855072	-0.0540540541	-0.0569105691	-0.0230769231	-0.007518797	0	0.0154895086	0.043913817	-0.0284243084
elliott_smith.txt.tkzd.txt.POStagged.txt.lem.66.txt	-0.0119863518	0.0636363636	0.0578947368	0.039800995	0.0099009901	0	0	0.0545454545	0.0789473684	0.0447761194	0.004950495	0	0	0.0090909091	-0.0210526316	-0.0049751244	0.004950495	0	0	0.0285388476	0.0305365729	-0.0019977253
elliott_smith.txt.tkzd.txt.POStagged.txt.lem.67.txt	-0.0673965661	0	0.0769230769	0.0442477876	0	0	0	0.0307692308	0.0961538462	0.0530973451	0.0085470085	0	0	-0.0307692308	-0.0192307692	-0.0088495575	-0.0085470085	0	0	0.0201951441	0.0314279051	-0.011232761
elliott_smith.txt.tkzd.txt.POStagged.txt.lem.68.txt	-0.1474804859	0.0333333333	0.0679012346	0.0386740331	0.0106382979	0	0	0.0444444444	0.1234567901	0.0773480663	0.0372340426	0.0155440415	0	-0.0111111111	-0.0555555556	-0.0386740331	-0.0265957447	-0.0155440415	0	0.0250911498	0.0496712308	-0.024580081
elliott_smith.txt.tkzd.txt.POStagged.txt.lem.69.txt	-0.1485324927	0.027027027	0.0530973451	0.0254237288	0.0165289256	0	0	0.027027027	0.1681415929	0.0508474576	0.0165289256	0.0080645161	0	0	-0.1150442478	-0.0254237288	0	-0.0080645161	0	0.0203461711	0.0451015866	-0.0247554155
elliott_smith.txt.tkzd.txt.POStagged.txt.lem.7.txt	0.0075060814	0.0490196078	0.0828402367	0.0457142857	0.0056497175	0	0	0.0294117647	0.100591716	0.0457142857	0	0	0	0.0196078431	-0.0177514793	0	0.0056497175	0	0	0.030537308	0.0292862944	0.0012510136
elliott_smith.txt.tkzd.txt.POStagged.txt.lem.70.txt	-0.0112519431	0.043956044	0.0602409639	0.0494505495	0.0106382979	0.0052083333	0	0.010989011	0.1204819277	0.043956044	0.0053191489	0	0	0.032967033	-0.0602409639	0.0054945055	0.0053191489	0.0052083333	0	0.0282490314	0.0301243553	-0.0018753239
elliott_smith.txt.tkzd.txt.POStagged.txt.lem.71.txt	-0.0520099256	0.0470588235	0.0307692308	0.0277777778	0.0133333333	0.0064516129	0	0.0470588235	0.0692307692	0.0277777778	0.0333333333	0	0	0	-0.0384615385	0	-0.02	0.0064516129	0	0.0208984631	0.029566784	-0.0086683209
elliott_smith.txt.tkzd.txt.POStagged.txt.lem.72.txt	-0.1159560906	0.0112359551	0.0740740741	0.041958042	0.0068965517	0.0068027211	0.0067114094	0.0337078652	0.1185185185	0.0839160839	0.0206896552	0.0068027211	0	-0.0224719101	-0.0444444444	-0.041958042	-0.0137931034	0	0.0067114094	0.0246131255	0.0439391406	-0.0193260151
elliott_smith.txt.tkzd.txt.POStagged.txt.lem.73.txt	-0.1392665269	0.03	0.04	0.025477707	0.0062893082	0.0062111801	0	0.07	0.12	0.050955414	0.0062893082	0	0	-0.04	-0.08	-0.025477707	0	0.0062111801	0	0.0179963659	0.0412074537	-0.0232110878
elliott_smith.txt.tkzd.txt.POStagged.txt.lem.74.txt	0.0475861962	0.037037037	0.0942408377	0.0560747664	0.017699115	0	0	0.0277777778	0.0785340314	0.046728972	0.0044247788	0	0	0.0092592593	0.0157068063	0.0093457944	0.0132743363	0	0	0.0341752927	0.02624426	0.0079310327
elliott_smith.txt.tkzd.txt.POStagged.txt.lem.75.txt	0.0072040422	0.0240963855	0.0863309353	0.0445859873	0.0310559006	0.018404908	0.0060606061	0.0240963855	0.1223021583	0.0445859873	0.0062111801	0.0061349693	0	0	-0.035971223	0	0.0248447205	0.0122699387	0.0060606061	0.0350891205	0.0338884468	0.0012006737
elliott_smith.txt.tkzd.txt.POStagged.txt.lem.76.txt	-0.0589130168	0.0256410256	0.0818181818	0.0526315789	0	0	0	0.0384615385	0.1454545455	0.0350877193	0	0	0	-0.0128205128	-0.0636363636	0.0175438596	0	0	0	0.0266817977	0.0365006339	-0.0098188361
elliott_smith.txt.tkzd.txt.POStagged.txt.lem.77.txt	-0.1154470707	0.0128205128	0.071942446	0.0326797386	0.0124223602	0.0060240964	0	0.0256410256	0.071942446	0.0980392157	0.049689441	0.0060240964	0	-0.0128205128	0	-0.0653594771	-0.0372670807	0	0	0.0226481923	0.0418893708	-0.0192411784
elliott_smith.txt.tkzd.txt.POStagged.txt.lem.78.txt	-0.0579927952	0.0185185185	0.0952380952	0.0333333333	0	0	0	0.0555555556	0.0833333333	0.0555555556	0.0106382979	0	0	-0.037037037	0.0119047619	-0.0222222222	-0.0106382979	0	0	0.0245149912	0.0341804571	-0.0096654659
elliott_smith.txt.tkzd.txt.POStagged.txt.lem.79.txt	-0.0079476338	0.0443037975	0.0820189274	0.0495626822	0.0115273775	0.0028653295	0.0028490028	0.0506329114	0.1009463722	0.0437317784	0.0057636888	0	0	-0.0063291139	-0.0189274448	0.0058309038	0.0057636888	0.0028653295	0.0028490028	0.0321878528	0.0335124585	-0.0013246056
elliott_smith.txt.tkzd.txt.POStagged.txt.lem.8.txt	-0.1251595599	0.021978022	0.0526315789	0.0571428571	0.0141843972	0	0	0.043956044	0.1203007519	0.0714285714	0.0283687943	0.0070422535	0	-0.021978022	-0.0676691729	-0.0142857143	-0.0141843972	-0.0070422535	0	0.0243228092	0.0451827359	-0.0208599266
elliott_smith.txt.tkzd.txt.POStagged.txt.lem.80.txt	-0.0923691302	0.0352941176	0.085106383	0.0196078431	0.0062893082	0	0	0.0941176471	0.0992907801	0.0326797386	0.0125786164	0	0	-0.0588235294	-0.0141843972	-0.0130718954	-0.0062893082	0	0	0.024382942	0.039777797	-0.015394855
elliott_smith.txt.tkzd.txt.POStagged.txt.lem.81.txt	-0.1072952078	0.0212765957	0.0700636943	0.0290697674	0	0	0	0.0106382979	0.0955414013	0.0755813953	0.0402298851	0.0057142857	0	0.0106382979	-0.025477707	-0.0465116279	-0.0402298851	-0.0057142857	0	0.0200683429	0.0379508775	-0.0178825346
elliott_smith.txt.tkzd.txt.POStagged.txt.lem.82.txt	-0.0342970522	0	0.0833333333	0.0379746835	0	0	0	0.0204081633	0.0972222222	0.0379746835	0	0	0	-0.0204081633	-0.0138888889	0	0	0	0	0.0202180028	0.0259341782	-0.0057161754
elliott_smith.txt.tkzd.txt.POStagged.txt.lem.83.txt	0.0382611339	0.0266666667	0.1008403361	0.0634920635	0.007751938	0	0	0.0133333333	0.0840336134	0.0476190476	0.015503876	0	0	0.0133333333	0.0168067227	0.0158730159	-0.007751938	0	0	0.0331251674	0.0267483117	0.0063768557
elliott_smith.txt.tkzd.txt.POStagged.txt.lem.84.txt	-0.1721720736	0.0326086957	0.0538922156	0.0227272727	0.0055248619	0	0	0.097826087	0.1497005988	0.0284090909	0.0055248619	0.0054644809	0	-0.0652173913	-0.0958083832	-0.0056818182	0	-0.0054644809	0	0.0191255076	0.0478208532	-0.0286953456
elliott_smith.txt.tkzd.txt.POStagged.txt.lem.85.txt	-0.1551269569	0.030075188	0.0431654676	0.0278637771	0.0089820359	0.0029154519	0	0.0601503759	0.118705036	0.0743034056	0.0149700599	0	0	-0.030075188	-0.0755395683	-0.0464396285	-0.005988024	0.0029154519	0	0.0188336534	0.0446881462	-0.0258544928
elliott_smith.txt.tkzd.txt.POStagged.txt.lem.86.txt	0.0388150003	0.0722891566	0.0681818182	0.0144927536	0.0071428571	0	0	0.0481927711	0.0606060606	0.0144927536	0	0	0	0.0240963855	0.0075757576	0	0.0071428571	0	0	0.0270177643	0.0205485976	0.0064691667
elliott_smith.txt.tkzd.txt.POStagged.txt.lem.87.txt	-0.0765156598	0.038961039	0.0763358779	0.0583941606	0.0144927536	0	0	0.012987013	0.0916030534	0.1094890511	0.0362318841	0.0143884892	0	0.025974026	-0.0152671756	-0.0510948905	-0.0217391304	-0.0143884892	0	0.0313639718	0.0441165818	-0.01275261
elliott_smith.txt.tkzd.txt.POStagged.txt.lem.88.txt	-0.0084062252	0.0614035088	0.0970873786	0.0538116592	0.0043103448	0	0	0.0350877193	0.0970873786	0.0627802691	0.025862069	0.0042016807	0	0.0263157895	0	-0.0089686099	-0.0215517241	-0.0042016807	0	0.0361021486	0.0375031861	-0.0014010375
elliott_smith.txt.tkzd.txt.POStagged.txt.lem.89.txt	-0.1059479317	0.0610687023	0.0509259259	0.0307017544	0.0086956522	0.0043103448	0	0.0763358779	0.1064814815	0.0657894737	0.0130434783	0	0	-0.0152671756	-0.0555555556	-0.0350877193	-0.0043478261	0.0043103448	0	0.0259503966	0.0436083852	-0.0176579886
elliott_smith.txt.tkzd.txt.POStagged.txt.lem.9.txt	0.0047542175	0.0117647059	0.074829932	0.0533333333	0.0131578947	0	0	0.0470588235	0.0680272109	0.0266666667	0.0065789474	0	0	-0.0352941176	0.0068027211	0.0266666667	0.0065789474	0	0	0.025514311	0.0247219414	0.0007923696
elliott_smith.txt.tkzd.txt.POStagged.txt.lem.90.txt	0.0471577126	0.0617283951	0.085106383	0.091503268	0.0192307692	0	0	0.012345679	0.1134751773	0.0653594771	0.0192307692	0	0	0.049382716	-0.0283687943	0.0261437908	0	0	0	0.0429281359	0.0350685171	0.0078596188
elliott_smith.txt.tkzd.txt.POStagged.txt.lem.91.txt	-0.0257478956	0.0655737705	0.0909090909	0.0642201835	0.0089285714	0	0	0.0491803279	0.0707070707	0.0642201835	0.0625	0.0087719298	0	0.0163934426	0.0202020202	0	-0.0535714286	-0.0087719298	0	0.0382719361	0.042563252	-0.0042913159
elliott_smith.txt.tkzd.txt.POStagged.txt.lem.92.txt	-0.0166891605	0.0458715596	0.0461538462	0.0416666667	0.0177777778	0.0086206897	0.0042372881	0.0550458716	0.0717948718	0.0277777778	0.0177777778	0.0086206897	0	-0.0091743119	-0.0256410256	0.0138888889	0	0	0.0042372881	0.0273879713	0.0301694981	-0.0027815268
elliott_smith.txt.tkzd.txt.POStagged.txt.lem.93.txt	-0.0504526125	0.0517241379	0.0777777778	0.0879120879	0.021978022	0.010989011	0	0.0689655172	0.1	0.0989010989	0.032967033	0	0	-0.0172413793	-0.0222222222	-0.010989011	-0.010989011	0.010989011	0	0.0417301728	0.0501389415	-0.0084087688
elliott_smith.txt.tkzd.txt.POStagged.txt.lem.94.txt	0.1044958604	0.0714285714	0.1098901099	0.0571428571	0.017699115	0	0	0.0178571429	0.0879120879	0.0285714286	0.0088495575	0.0084745763	0	0.0535714286	0.021978022	0.0285714286	0.0088495575	-0.0084745763	0	0.0426934423	0.0252774655	0.0174159767
elliott_smith.txt.tkzd.txt.POStagged.txt.lem.95.txt	0.0692236789	0.0361445783	0.0757575758	0.0571428571	0.0069444444	0	0	0.0120481928	0.0454545455	0.0285714286	0.0138888889	0.0068027211	0	0.0240963855	0.0303030303	0.0285714286	-0.0069444444	-0.0068027211	0	0.0293315759	0.0177942961	0.0115372798
elliott_smith.txt.tkzd.txt.POStagged.txt.lem.96.txt	-0.2334251818	0.0256410256	0.0597014925	0.04	0	0	0	0.0897435897	0.1567164179	0.0866666667	0.0256410256	0	0	-0.0641025641	-0.0970149254	-0.0466666667	-0.0256410256	0	0	0.0208904197	0.0597946167	-0.038904197
elliott_smith.txt.tkzd.txt.POStagged.txt.lem.97.txt	-0.079059108	0.0459770115	0.0816326531	0.05625	0.0242424242	0.0060240964	0	0.091954023	0.1088435374	0.05	0.0363636364	0.0060240964	0	-0.0459770115	-0.0272108844	0.00625	-0.0121212121	0	0	0.0356876975	0.0488642155	-0.013176518
elliott_smith.txt.tkzd.txt.POStagged.txt.lem.98.txt	-0.0052987564	0.06	0.0573248408	0.0416666667	0.0176470588	0.0058139535	0	0.07	0.076433121	0.0178571429	0.0176470588	0.0058139535	0	-0.01	-0.0191082803	0.0238095238	0	0	0	0.0304087533	0.0312918794	-0.0008831261
elliott_smith.txt.tkzd.txt.POStagged.txt.lem.99.txt	-0.0150515517	0.0229885057	0.0827586207	0.0324675325	0.0127388535	0.0062893082	0	0.0574712644	0.075862069	0.038961039	0	0	0	-0.0344827586	0.0068965517	-0.0064935065	0.0127388535	0.0062893082	0	0.0262071368	0.0287157287	-0.002508592
ian_curtis.txt.tkzd.txt.POStagged.txt.lem.1.txt	-0.0765798736	0.0280373832	0.0459770115	0.0273224044	0.0053475936	0	0	0.0373831776	0.0862068966	0.043715847	0.0106951872	0.0052631579	0	-0.0093457944	-0.0402298851	-0.0163934426	-0.0053475936	-0.0052631579	0	0.0177807321	0.0305440444	-0.0127633123
ian_curtis.txt.tkzd.txt.POStagged.txt.lem.10.txt	0.0042465153	0.0625	0.0652173913	0.0466666667	0.0064935065	0	0	0	0.1304347826	0.0333333333	0.0064935065	0.0063694268	0	0.0625	-0.0652173913	0.0133333333	0	-0.0063694268	0	0.0301462607	0.0294385082	0.0007077525
ian_curtis.txt.tkzd.txt.POStagged.txt.lem.11.txt	-0.064883082	0.0178571429	0.1125	0.0348837209	0.010989011	0	0	0.0178571429	0.2	0.023255814	0	0	0	0	-0.0875	0.011627907	0.010989011	0	0	0.0293716458	0.0401854928	-0.010813847
ian_curtis.txt.tkzd.txt.POStagged.txt.lem.12.txt	-0.0117753623	0.0652173913	0.03125	0.0144927536	0	0	0	0	0.09375	0.0289855072	0	0	0	0.0652173913	-0.0625	-0.0144927536	0	0	0	0.0184933575	0.0204559179	-0.0019625604
ian_curtis.txt.tkzd.txt.POStagged.txt.lem.13.txt	0.076015519	0.0568181818	0.0859375	0.052238806	0.0149253731	0	0	0.0340909091	0.0625	0.0373134328	0	0	0	0.0227272727	0.0234375	0.0149253731	0.0149253731	0	0	0.0349866435	0.0223173903	0.0126692532
ian_curtis.txt.tkzd.txt.POStagged.txt.lem.14.txt	-0.0265872201	0.0487804878	0.0603448276	0.0245901639	0	0	0	0.0243902439	0.1034482759	0.0245901639	0.0078740157	0	0	0.0243902439	-0.0431034483	0	-0.0078740157	0	0	0.0222859132	0.0267171166	-0.0044312034
ian_curtis.txt.tkzd.txt.POStagged.txt.lem.15.txt	0.0653136085	0.0470588235	0.0935251799	0.0569620253	0	0	0	0.0588235294	0.035971223	0.0253164557	0.0121212121	0	0	-0.0117647059	0.0575539568	0.0316455696	-0.0121212121	0	0	0.0329243381	0.0220387367	0.0108856014
ian_curtis.txt.tkzd.txt.POStagged.txt.lem.16.txt	0.0835164263	0.0925925926	0.1156069364	0.0534759358	0.0104166667	0.0051546392	0	0.0740740741	0.098265896	0.0213903743	0	0	0	0.0185185185	0.0173410405	0.0320855615	0.0104166667	0.0051546392	0	0.0462077951	0.0322883907	0.0139194044
ian_curtis.txt.tkzd.txt.POStagged.txt.lem.17.txt	0.0500802078	0.0384615385	0.1111111111	0.0736842105	0	0	0	0	0.1111111111	0.0526315789	0.0094339623	0	0	0.0384615385	0	0.0210526316	-0.0094339623	0	0	0.0372094767	0.0288627754	0.0083467013
ian_curtis.txt.tkzd.txt.POStagged.txt.lem.18.txt	0.0530276952	0.0681818182	0.0714285714	0.0361445783	0	0	0	0.0227272727	0.1	0	0	0	0	0.0454545455	-0.0285714286	0.0361445783	0	0	0	0.0292924947	0.0204545455	0.0088379492
ian_curtis.txt.tkzd.txt.POStagged.txt.lem.19.txt	-0.0396622167	0.05	0.1265060241	0.0342857143	0	0	0	0.04	0.1204819277	0.04	0.0279329609	0.0165745856	0.0054644809	0.01	0.0060240964	-0.0057142857	-0.0279329609	-0.0165745856	-0.0054644809	0.0351319564	0.0417423259	-0.0066103695
ian_curtis.txt.tkzd.txt.POStagged.txt.lem.2.txt	0.1874786244	0.0563380282	0.0619469027	0.0833333333	0.064516129	0.0317460317	0.0078125	0.014084507	0.0707964602	0.0333333333	0	0	0	0.0422535211	-0.0088495575	0.05	0.064516129	0.0317460317	0.0078125	0.0509488208	0.0197023834	0.0312464374
ian_curtis.txt.tkzd.txt.POStagged.txt.lem.20.txt	-0.0351353282	0.0537634409	0.0943396226	0.0174418605	0	0	0	0.0430107527	0.1006289308	0.0465116279	0	0.0053475936	0.0051813472	0.0107526882	-0.0062893082	-0.0290697674	0	-0.0053475936	-0.0051813472	0.0275908207	0.0334467087	-0.005855888
ian_curtis.txt.tkzd.txt.POStagged.txt.lem.21.txt	0.028662493	0.0153846154	0.1009174312	0.0420168067	0.0238095238	0.0076335878	0	0.0461538462	0.0825688073	0.0168067227	0.0079365079	0.0076335878	0	-0.0307692308	0.0183486239	0.025210084	0.0158730159	0	0	0.0316269941	0.026849912	0.0047770822
ian_curtis.txt.tkzd.txt.POStagged.txt.lem.22.txt	-0.0098467895	0.0235294118	0.0700636943	0.0571428571	0.0108108108	0.0052910053	0	0.0235294118	0.0636942675	0.0571428571	0.027027027	0.0052910053	0	0	0.0063694268	0	-0.0162162162	0	0	0.0278062965	0.0294474281	-0.0016411316
ian_curtis.txt.tkzd.txt.POStagged.txt.lem.23.txt	-0.0881522239	0.0483870968	0.0444444444	0.0206185567	0	0	0	0.0161290323	0.1444444444	0.0309278351	0.0101010101	0	0	0.0322580645	-0.1	-0.0103092784	-0.0101010101	0	0	0.0189083497	0.033600387	-0.0146920373
ian_curtis.txt.tkzd.txt.POStagged.txt.lem.24.txt	0.1188580949	0.0350877193	0.075	0.0602409639	0.0235294118	0	0	0	0.075	0	0	0	0	0.0350877193	0	0.0602409639	0.0235294118	0	0	0.0323096825	0.0125	0.0198096825
ian_curtis.txt.tkzd.txt.POStagged.txt.lem.25.txt	-0.027027027	0.0377358491	0.0675675676	0.0243902439	0.0114942529	0	0	0.0377358491	0.0945945946	0.0243902439	0.0114942529	0	0	0	-0.027027027	0	0	0	0	0.0235313189	0.0280358234	-0.0045045045
ian_curtis.txt.tkzd.txt.POStagged.txt.lem.26.txt	-0.0569032777	0.0163934426	0.0520833333	0.0183486239	0.0085470085	0	0	0.0163934426	0.0729166667	0.0458715596	0.0170940171	0	0	0	-0.0208333333	-0.0275229358	-0.0085470085	0	0	0.0158954014	0.025379281	-0.0094838796
ian_curtis.txt.tkzd.txt.POStagged.txt.lem.27.txt	0.049382716	0.0217391304	0.0740740741	0.0202020202	0	0	0	0.0217391304	0.024691358	0.0202020202	0	0	0	0	0.049382716	0	0	0	0	0.0193358708	0.0111054181	0.0082304527
ian_curtis.txt.tkzd.txt.POStagged.txt.lem.28.txt	0.0115692431	0.0196078431	0.0875	0.043956044	0	0	0	0.0588235294	0.0375	0.032967033	0.0102040816	0	0	-0.0392156863	0.05	0.010989011	-0.0102040816	0	0	0.0251773145	0.0232491073	0.0019282072
ian_curtis.txt.tkzd.txt.POStagged.txt.lem.29.txt	-0.0839611872	0	0.0684931507	0.025	0	0	0	0.0416666667	0.1232876712	0.0125	0	0	0	-0.0416666667	-0.0547945205	0.0125	0	0	0	0.0155821918	0.029575723	-0.0139935312
ian_curtis.txt.tkzd.txt.POStagged.txt.lem.3.txt	0.035971911	0.0341880342	0.0738916256	0.0328638498	0.0186046512	0.0092165899	0.004587156	0.0256410256	0.0837438424	0.014084507	0.0093023256	0.0046082949	0	0.0085470085	-0.0098522167	0.0187793427	0.0093023256	0.0046082949	0.004587156	0.0288919844	0.0228966659	0.0059953185
ian_curtis.txt.tkzd.txt.POStagged.txt.lem.30.txt	0.0047619048	0.05	0.0561797753	0.06	0.0095238095	0	0	0.0166666667	0.0561797753	0.06	0.0380952381	0	0	0.0333333333	0	0	-0.0285714286	0	0	0.0292839308	0.02849028	0.0007936508
ian_curtis.txt.tkzd.txt.POStagged.txt.lem.31.txt	0.0221359101	0.0476190476	0.0961538462	0.0287356322	0.021978022	0.0052631579	0	0.0119047619	0.108974359	0.0459770115	0.0054945055	0.0052631579	0	0.0357142857	-0.0128205128	-0.0172413793	0.0164835165	0	0	0.0332916176	0.0296022993	0.0036893183
ian_curtis.txt.tkzd.txt.POStagged.txt.lem.32.txt	0.0407535322	0.08	0.0839694656	0.0408163265	0.0128205128	0.0061728395	0	0	0.0839694656	0.0544217687	0.0384615385	0.0061728395	0	0.08	0	-0.0136054422	-0.0256410256	0	0	0.0372965241	0.0305042687	0.0067922554
ian_curtis.txt.tkzd.txt.POStagged.txt.lem.33.txt	0.0174444454	0.05	0.0676691729	0.0567375887	0.0410958904	0.0202702703	0.0067114094	0.0375	0.0827067669	0.0638297872	0.0342465753	0.0067567568	0	0.0125	-0.015037594	-0.0070921986	0.0068493151	0.0135135135	0.0067114094	0.0404140553	0.0375066477	0.0029074076
ian_curtis.txt.tkzd.txt.POStagged.txt.lem.34.txt	-0.0109588788	0.0235294118	0.12	0.0828402367	0.0282485876	0.0054945055	0	0.0588235294	0.0733333333	0.0769230769	0.0564971751	0.0054945055	0	-0.0352941176	0.0466666667	0.0059171598	-0.0282485876	0	0	0.0433521236	0.0451786034	-0.0018264798
ian_curtis.txt.tkzd.txt.POStagged.txt.lem.35.txt	0.046337601	0.0449438202	0.0863309353	0.0405405405	0.0132450331	0.0065789474	0	0.0112359551	0.0935251799	0.0405405405	0	0	0	0.0337078652	-0.0071942446	0	0.0132450331	0.0065789474	0	0.0319398794	0.0242169459	0.0077229335
ian_curtis.txt.tkzd.txt.POStagged.txt.lem.36.txt	-0.0401177313	0.02	0.0617977528	0.0343137255	0.0045454545	0.0042735043	0	0.01	0.106741573	0.0392156863	0.0090909091	0	0	0.01	-0.0449438202	-0.0049019608	-0.0045454545	0.0042735043	0	0.0208217395	0.0275080281	-0.0066862885
ian_curtis.txt.tkzd.txt.POStagged.txt.lem.37.txt	0.0426666667	0.04	0.104	0.0507246377	0.0070422535	0	0	0.0133333333	0.088	0.0507246377	0.0070422535	0	0	0.0266666667	0.016	0	0	0	0	0.0336278152	0.0265167041	0.0071111111
ian_curtis.txt.tkzd.txt.POStagged.txt.lem.38.txt	0.0298758327	0.0408163265	0.0821917808	0.0365853659	0	0	0	0.0612244898	0.0684931507	0	0	0	0	-0.0204081633	0.0136986301	0.0365853659	0	0	0	0.0265989122	0.0216196067	0.0049793055
ian_curtis.txt.tkzd.txt.POStagged.txt.lem.39.txt	0.0640784912	0.0757575758	0.0733590734	0.048951049	0.0100334448	0.0032679739	0	0.0303030303	0.0926640927	0.020979021	0.0033444816	0	0	0.0454545455	-0.0193050193	0.027972028	0.0066889632	0.0032679739	0	0.0352281861	0.0245484376	0.0106797485
ian_curtis.txt.tkzd.txt.POStagged.txt.lem.4.txt	0.0371351769	0.049382716	0.0592592593	0.0342465753	0.0132450331	0.0063694268	0	0.037037037	0.0814814815	0.0068493151	0	0	0	0.012345679	-0.0222222222	0.0273972603	0.0132450331	0.0063694268	0	0.0270838351	0.0208946389	0.0061891962
ian_curtis.txt.tkzd.txt.POStagged.txt.lem.40.txt	0.1237113346	0.0909090909	0.0963855422	0.0434782609	0	0	0	0.0181818182	0.0481927711	0.0108695652	0.0202020202	0.0096153846	0	0.0727272727	0.0481927711	0.0326086957	-0.0202020202	-0.0096153846	0	0.038462149	0.0178435932	0.0206185558
ian_curtis.txt.tkzd.txt.POStagged.txt.lem.5.txt	-0.0031111243	0.025	0.0840336134	0.0708661417	0.007518797	0	0	0.075	0.0840336134	0.031496063	0	0	0	-0.05	0	0.0393700787	0.007518797	0	0	0.0312364254	0.0317549461	-0.0005185207
ian_curtis.txt.tkzd.txt.POStagged.txt.lem.6.txt	0.0913389254	0.0625	0.0880503145	0.0476190476	0.0173410405	0	0	0.0520833333	0.0251572327	0.0238095238	0.0231213873	0	0	0.0104166667	0.0628930818	0.0238095238	-0.0057803468	0	0	0.0359184004	0.0206952462	0.0152231542
ian_curtis.txt.tkzd.txt.POStagged.txt.lem.7.txt	0.1525135907	0.0683760684	0.118556701	0.0731707317	0.0144230769	0.004784689	0	0.0256410256	0.0670103093	0.0341463415	0	0	0	0.0427350427	0.0515463918	0.0390243902	0.0144230769	0.004784689	0	0.0465518778	0.0211329461	0.0254189318
ian_curtis.txt.tkzd.txt.POStagged.txt.lem.8.txt	0.0336980271	0.0659340659	0.1041666667	0.0131578947	0	0	0	0.032967033	0.0902777778	0.0263157895	0	0	0	0.032967033	0.0138888889	-0.0131578947	0	0	0	0.0305431046	0.0249267667	0.0056163379
ian_curtis.txt.tkzd.txt.POStagged.txt.lem.9.txt	-0.0144927536	0.0289855072	0.1166666667	0.0157480315	0	0	0	0.0434782609	0.1166666667	0.0157480315	0	0	0	-0.0144927536	0	0	0	0	0	0.0269000342	0.0293154932	-0.0024154589
kurt_cobain.txt.tkzd.txt.POStagged.txt.lem.1.txt	0.0347421584	0	0.1296296296	0.05	0.0151515152	0	0	0.0526315789	0.0740740741	0.0333333333	0	0	0	-0.0526315789	0.0555555556	0.0166666667	0.0151515152	0	0	0.0324635241	0.0266731644	0.0057903597
kurt_cobain.txt.tkzd.txt.POStagged.txt.lem.10.txt	-0.0694167287	0.0545454545	0.0581395349	0.043956044	0	0	0	0.0545454545	0.1279069767	0.032967033	0.0106382979	0	0	0	-0.0697674419	0.010989011	-0.0106382979	0	0	0.0261068389	0.0376762937	-0.0115694548
kurt_cobain.txt.tkzd.txt.POStagged.txt.lem.11.txt	0.0145299145	0.1111111111	0.0192307692	0.0333333333	0	0	0	0.0555555556	0.0769230769	0.0166666667	0	0	0	0.0555555556	-0.0576923077	0.0166666667	0	0	0	0.0272792023	0.0248575499	0.0024216524
kurt_cobain.txt.tkzd.txt.POStagged.txt.lem.12.txt	-0.0050969428	0.0526315789	0.0606060606	0.0394736842	0.0120481928	0	0	0	0.0909090909	0.0789473684	0	0	0	0.0526315789	-0.0303030303	-0.0394736842	0.0120481928	0	0	0.0274599194	0.0283094099	-0.0008494905
kurt_cobain.txt.tkzd.txt.POStagged.txt.lem.13.txt	-0.0628700482	0.0574712644	0.0236220472	0.0310077519	0	0	0	0.0574712644	0.0787401575	0.0310077519	0.007751938	0	0	0	-0.0551181102	0	-0.007751938	0	0	0.0186835106	0.029161852	-0.0104783414
kurt_cobain.txt.tkzd.txt.POStagged.txt.lem.14.txt	-0.1520296539	0.0128205128	0.0598290598	0.0403225806	0	0	0	0.1025641026	0.0427350427	0.0725806452	0.0393700787	0.007751938	0	-0.0897435897	0.0170940171	-0.0322580645	-0.0393700787	-0.007751938	0	0.0188286922	0.0441669679	-0.0253382756
kurt_cobain.txt.tkzd.txt.POStagged.txt.lem.15.txt	-0.02754884	0.0634920635	0.0520833333	0.0096153846	0.0093457944	0	0	0.0317460317	0.0729166667	0.0480769231	0.0093457944	0	0	0.0317460317	-0.0208333333	-0.0384615385	0	0	0	0.0224227626	0.027014236	-0.0045914733
kurt_cobain.txt.tkzd.txt.POStagged.txt.lem.16.txt	-0.123365082	0.0540540541	0.0380952381	0.0175438596	0	0	0	0.0405405405	0.1238095238	0.0350877193	0.0254237288	0.0081967213	0	0.0135135135	-0.0857142857	-0.0175438596	-0.0254237288	-0.0081967213	0	0.018282192	0.038843039	-0.020560847
kurt_cobain.txt.tkzd.txt.POStagged.txt.lem.17.txt	-0.1022957516	0	0.0588235294	0.0476190476	0.0571428571	0.0266666667	0.0125	0.09375	0.1176470588	0.0793650794	0.0142857143	0	0	-0.09375	-0.0588235294	-0.0317460317	0.0428571429	0.0266666667	0.0125	0.0337920168	0.0508413087	-0.0170492919
kurt_cobain.txt.tkzd.txt.POStagged.txt.lem.18.txt	-0.1227477477	0.027027027	0.0540540541	0.0166666667	0.0078740157	0	0	0.0540540541	0.1081081081	0.0583333333	0.0078740157	0	0	-0.027027027	-0.0540540541	-0.0416666667	0	0	0	0.0176036272	0.0380615852	-0.020457958
kurt_cobain.txt.tkzd.txt.POStagged.txt.lem.19.txt	-0.0271689731	0.0307692308	0.0833333333	0.0708661417	0.0364963504	0	0	0.0307692308	0.1481481481	0.0551181102	0.0145985401	0	0	0	-0.0648148148	0.0157480315	0.0218978102	0	0	0.0369108427	0.0414390049	-0.0045281622
kurt_cobain.txt.tkzd.txt.POStagged.txt.lem.2.txt	-0.0177391255	0.0615384615	0.0421052632	0.0476190476	0.0183486239	0	0	0.0769230769	0.0631578947	0.0380952381	0.0091743119	0	0	-0.0153846154	-0.0210526316	0.0095238095	0.0091743119	0	0	0.028268566	0.0312250869	-0.0029565209
kurt_cobain.txt.tkzd.txt.POStagged.txt.lem.20.txt	0.0491731588	0	0.0821917808	0.0697674419	0.010989011	0	0	0.0363636364	0.0547945205	0.011627907	0.010989011	0	0	-0.0363636364	0.0273972603	0.0581395349	0	0	0	0.0271580389	0.0189625125	0.0081955265
kurt_cobain.txt.tkzd.txt.POStagged.txt.lem.21.txt	0.1136080255	0.1	0.0782608696	0.0234375	0.0076335878	0.0075757576	0	0.0285714286	0.0434782609	0.03125	0	0	0	0.0714285714	0.0347826087	-0.0078125	0.0076335878	0.0075757576	0	0.0361512858	0.0172166149	0.0189346709
kurt_cobain.txt.tkzd.txt.POStagged.txt.lem.22.txt	0.1702034419	0.0625	0.0746268657	0.0657894737	0.037037037	0	0	0.0416666667	0.0149253731	0.0131578947	0	0	0	0.0208333333	0.0597014925	0.0526315789	0.037037037	0	0	0.0399922294	0.0116249891	0.0283672403
kurt_cobain.txt.tkzd.txt.POStagged.txt.lem.23.txt	-0.1173427158	0.0273972603	0.037593985	0.0277777778	0.0066666667	0	0	0.0273972603	0.0601503759	0.0833333333	0.0266666667	0.0192307692	0	0	-0.022556391	-0.0555555556	-0.02	-0.0192307692	0	0.0165726149	0.0361297342	-0.0195571193
kurt_cobain.txt.tkzd.txt.POStagged.txt.lem.24.txt	-0.0955016893	0	0.0307692308	0.0506329114	0.0112359551	0	0	0.0227272727	0.0923076923	0.0506329114	0.0224719101	0	0	-0.0227272727	-0.0615384615	0	-0.0112359551	0	0	0.0154396829	0.0313566311	-0.0159169482
kurt_cobain.txt.tkzd.txt.POStagged.txt.lem.25.txt	-0.0353562043	0.0338983051	0.0392156863	0.0775862069	0.0241935484	0.0076923077	0	0	0.1176470588	0.0603448276	0.0322580645	0.0076923077	0	0.0338983051	-0.0784313725	0.0172413793	-0.0080645161	0	0	0.0304310091	0.0363237098	-0.0058927007
kurt_cobain.txt.tkzd.txt.POStagged.txt.lem.26.txt	-0.1081070823	0.0277777778	0.0592334495	0.0224358974	0	0	0	0.0625	0.0975609756	0.0512820513	0.0062111801	0	0	-0.0347222222	-0.0383275261	-0.0288461538	-0.0062111801	0	0	0.0182411874	0.0362590345	-0.0180178471
kurt_cobain.txt.tkzd.txt.POStagged.txt.lem.27.txt	-0.096298615	0.0465116279	0.0684931507	0.025	0	0	0	0.023255814	0.1095890411	0.05625	0.0357142857	0.0114942529	0	0.023255814	-0.0410958904	-0.03125	-0.0357142857	-0.0114942529	0	0.0233341298	0.0393838989	-0.0160497692
kurt_cobain.txt.tkzd.txt.POStagged.txt.lem.28.txt	-0.0472594822	0.0344827586	0.0823529412	0.0537634409	0.02	0	0	0.0689655172	0.1058823529	0.0430107527	0.02	0	0	-0.0344827586	-0.0235294118	0.0107526882	0	0	0	0.0317665234	0.0396431038	-0.0078765804
kurt_cobain.txt.tkzd.txt.POStagged.txt.lem.29.txt	-0.0368658743	0.0263157895	0.0571428571	0.0588235294	0.0206185567	0	0	0.0526315789	0.0142857143	0.0823529412	0.0412371134	0.0092592593	0	-0.0263157895	0.0428571429	-0.0235294118	-0.0206185567	-0.0092592593	0	0.0271501221	0.0332944345	-0.0061443124
kurt_cobain.txt.tkzd.txt.POStagged.txt.lem.3.txt	-0.1060893809	0.0188679245	0.0722891566	0.0520833333	0.0186915888	0	0	0.0377358491	0.1204819277	0.0729166667	0.0280373832	0.0088495575	0	-0.0188679245	-0.0481927711	-0.0208333333	-0.0093457944	-0.0088495575	0	0.0269886672	0.0446702307	-0.0176815635
kurt_cobain.txt.tkzd.txt.POStagged.txt.lem.30.txt	-0.108524081	0	0.1139240506	0.067961165	0.0082644628	0	0	0.0256410256	0.0759493671	0.1165048544	0.0578512397	0.0227272727	0	-0.0256410256	0.0379746835	-0.0485436893	-0.0495867769	-0.0227272727	0	0.0316916131	0.0497789599	-0.0180873468
kurt_cobain.txt.tkzd.txt.POStagged.txt.lem.31.txt	-0.1822857651	0	0.0756302521	0.0486111111	0.0242424242	0	0	0.0285714286	0.1176470588	0.0902777778	0.0666666667	0.0168539326	0.0107526882	-0.0285714286	-0.0420168067	-0.0416666667	-0.0424242424	-0.0168539326	-0.0107526882	0.0247472979	0.0551282588	-0.0303809609
kurt_cobain.txt.tkzd.txt.POStagged.txt.lem.32.txt	-0.191721998	0	0.0725806452	0.035971223	0.0208333333	0	0	0.0746268657	0.1612903226	0.0575539568	0.0208333333	0.0068027211	0	-0.0746268657	-0.0887096774	-0.0215827338	0	-0.0068027211	0	0.0215642003	0.0535178666	-0.0319536663
kurt_cobain.txt.tkzd.txt.POStagged.txt.lem.33.txt	-0.0661449973	0	0.0357142857	0.0674157303	0	0	0	0.0178571429	0.0952380952	0.0561797753	0	0	0	-0.0178571429	-0.0595238095	0.0112359551	0	0	0	0.017188336	0.0282125022	-0.0110241662
kurt_cobain.txt.tkzd.txt.POStagged.txt.lem.34.txt	-0.0296638102	0.0135135135	0.0975609756	0.0287769784	0.0069444444	0	0	0.0675675676	0.0731707317	0.0287769784	0.0069444444	0	0	-0.0540540541	0.0243902439	0	0	0	0	0.0244659853	0.0294099537	-0.0049439684
kurt_cobain.txt.tkzd.txt.POStagged.txt.lem.35.txt	0.0257425179	0.011627907	0.0866666667	0.1011904762	0.0224719101	0.0054644809	0	0.0813953488	0.0733333333	0.0357142857	0.0112359551	0	0	-0.0697674419	0.0133333333	0.0654761905	0.0112359551	0.0054644809	0	0.0379035735	0.0336131538	0.0042904196
kurt_cobain.txt.tkzd.txt.POStagged.txt.lem.36.txt	0.0107323232	0.0833333333	0.0694444444	0.0344827586	0	0	0	0.0208333333	0.1111111111	0.0344827586	0.0101010101	0	0	0.0625	-0.0416666667	0	-0.0101010101	0	0	0.0312100894	0.0294213689	0.0017887205
kurt_cobain.txt.tkzd.txt.POStagged.txt.lem.37.txt	0.04917566	0.0322580645	0.125	0.0677966102	0.0218579235	0.0053191489	0	0.0322580645	0.13125	0.0395480226	0	0	0	0	-0.00625	0.0282485876	0.0218579235	0.0053191489	0	0.0420386245	0.0338426812	0.0081959433
kurt_cobain.txt.tkzd.txt.POStagged.txt.lem.38.txt	-0.0054838955	0.0666666667	0.0169491525	0.046875	0	0	0	0.0222222222	0.0677966102	0.03125	0.0147058824	0	0	0.0444444444	-0.0508474576	0.015625	-0.0147058824	0	0	0.0217484699	0.0226624525	-0.0009139826
kurt_cobain.txt.tkzd.txt.POStagged.txt.lem.39.txt	0.1644174604	0.1025641026	0.1290322581	0.0845070423	0	0	0	0	0.0967741935	0.0422535211	0.0126582278	0	0	0.1025641026	0.0322580645	0.0422535211	-0.0126582278	0	0	0.0526839005	0.0252809904	0.0274029101
kurt_cobain.txt.tkzd.txt.POStagged.txt.lem.4.txt	-0.0461309524	0	0	0.0357142857	0.03125	0	0	0	0.0416666667	0.0714285714	0	0	0	0	-0.0416666667	-0.0357142857	0.03125	0	0	0.0111607143	0.0188492063	-0.0076884921
kurt_cobain.txt.tkzd.txt.POStagged.txt.lem.40.txt	0.0490782442	0.0857142857	0.131147541	0.0769230769	0.021978022	0	0	0.0571428571	0.1967213115	0.0128205128	0	0	0	0.0285714286	-0.0655737705	0.0641025641	0.021978022	0	0	0.0526271543	0.0444474469	0.0081797074
kurt_cobain.txt.tkzd.txt.POStagged.txt.lem.41.txt	-0.3270514094	0.0142857143	0.018018018	0.041322314	0.0080645161	0	0	0.1	0.1621621622	0.0743801653	0.0564516129	0.0157480315	0	-0.0857142857	-0.1441441441	-0.0330578512	-0.0483870968	-0.0157480315	0	0.0136150937	0.068123662	-0.0545085682
kurt_cobain.txt.tkzd.txt.POStagged.txt.lem.42.txt	-0.2136904762	0	0.0285714286	0.0238095238	0.0416666667	0	0	0.125	0.1142857143	0.0476190476	0.0208333333	0	0	-0.125	-0.0857142857	-0.0238095238	0.0208333333	0	0	0.0156746032	0.0512896825	-0.0356150794
kurt_cobain.txt.tkzd.txt.POStagged.txt.lem.43.txt	-0.1402900378	0.027027027	0.0384615385	0.0327868852	0	0	0	0.027027027	0.2115384615	0	0	0	0	0	-0.1730769231	0.0327868852	0	0	0	0.0163792418	0.0397609148	-0.023381673
kurt_cobain.txt.tkzd.txt.POStagged.txt.lem.44.txt	-0.1543174811	0.0136986301	0.0620155039	0.0516129032	0.0115606936	0	0	0.0136986301	0.1782945736	0.0838709677	0.0173410405	0	0	0	-0.1162790698	-0.0322580645	-0.0057803468	0	0	0.0231479551	0.0488675353	-0.0257195802
kurt_cobain.txt.tkzd.txt.POStagged.txt.lem.45.txt	-0.1797784502	0	0.0967741935	0	0	0	0	0	0.1612903226	0.0882352941	0.027027027	0	0	0	-0.064516129	-0.0882352941	-0.027027027	0	0	0.0161290323	0.0460921073	-0.029963075
kurt_cobain.txt.tkzd.txt.POStagged.txt.lem.46.txt	-0.0346345788	0.0256410256	0.1166666667	0.0447761194	0	0	0	0	0.15	0.0298507463	0.0281690141	0.0136986301	0	0.0256410256	-0.0333333333	0.0149253731	-0.0281690141	-0.0136986301	0	0.0311806353	0.0369530651	-0.0057724298
kurt_cobain.txt.tkzd.txt.POStagged.txt.lem.47.txt	-0.1490187733	0.0166666667	0.0666666667	0.047008547	0.016194332	0	0	0.075	0.0761904762	0.0769230769	0.04048583	0.019379845	0.0075757576	-0.0583333333	-0.0095238095	-0.0299145299	-0.024291498	-0.019379845	-0.0075757576	0.0244227021	0.0492591643	-0.0248364622
kurt_cobain.txt.tkzd.txt.POStagged.txt.lem.48.txt	0.0159727521	0.0609756098	0.0172413793	0.0330578512	0.0080645161	0	0	0.0609756098	0.025862069	0.0165289256	0	0	0	0	-0.0086206897	0.0165289256	0.0080645161	0	0	0.0198898927	0.0172277674	0.0026621253
kurt_cobain.txt.tkzd.txt.POStagged.txt.lem.49.txt	-0.0119807093	0.0238095238	0.0263157895	0.0202020202	0.0087719298	0	0	0.0476190476	0.0131578947	0.0303030303	0	0	0	-0.0238095238	0.0131578947	-0.0101010101	0.0087719298	0	0	0.0131832106	0.0151799954	-0.0019967849
kurt_cobain.txt.tkzd.txt.POStagged.txt.lem.5.txt	0.0501519757	0	0.1428571429	0.0666666667	0	0	0	0	0.0714285714	0.0666666667	0.0212765957	0	0	0	0.0714285714	0	-0.0212765957	0	0	0.0349206349	0.0265619723	0.0083586626
kurt_cobain.txt.tkzd.txt.POStagged.txt.lem.50.txt	-0.0895768656	0.0481927711	0.0684931507	0.0185185185	0.0119047619	0.0057803468	0	0.0481927711	0.0684931507	0.0617283951	0.0297619048	0.0173410405	0.0169491525	0	0	-0.0432098765	-0.0178571429	-0.0115606936	-0.0169491525	0.0254815915	0.0404110691	-0.0149294776
kurt_cobain.txt.tkzd.txt.POStagged.txt.lem.51.txt	0.032987013	0.02	0.0821917808	0.012987013	0	0	0	0	0.0821917808	0	0	0	0	0.02	0	0.012987013	0	0	0	0.0191964656	0.0136986301	0.0054978355
kurt_cobain.txt.tkzd.txt.POStagged.txt.lem.52.txt	0.0997835498	0.0571428571	0.0816326531	0.0909090909	0.0166666667	0	0	0.0285714286	0.0816326531	0.0363636364	0	0	0	0.0285714286	0	0.0545454545	0.0166666667	0	0	0.0410585446	0.024427953	0.0166305916
kurt_cobain.txt.tkzd.txt.POStagged.txt.lem.53.txt	0.0741493397	0.0576923077	0.0689655172	0.046728972	0.0241935484	0	0	0.0192307692	0.0574712644	0.046728972	0	0	0	0.0384615385	0.0114942529	0	0.0241935484	0	0	0.0329300575	0.0205718343	0.0123582233
kurt_cobain.txt.tkzd.txt.POStagged.txt.lem.6.txt	-0.0397333864	0.0291262136	0.0643274854	0.0276243094	0.0054347826	0	0	0.0291262136	0.081871345	0.0552486188	0	0	0	0	-0.0175438596	-0.0276243094	0.0054347826	0	0	0.0210854652	0.0277076962	-0.0066222311
kurt_cobain.txt.tkzd.txt.POStagged.txt.lem.7.txt	-0.1949771971	0	0.0327868852	0.0263157895	0	0	0	0.0571428571	0.131147541	0.0657894737	0	0	0	-0.0571428571	-0.0983606557	-0.0394736842	0	0	0	0.0098504458	0.0423466453	-0.0324961995
kurt_cobain.txt.tkzd.txt.POStagged.txt.lem.8.txt	0.1052876908	0.0384615385	0.0769230769	0.0638297872	0.037037037	0.0172413793	0	0.0769230769	0.0512820513	0	0	0	0	-0.0384615385	0.0256410256	0.0638297872	0.037037037	0.0172413793	0	0.0389154698	0.0213675214	0.0175479485
kurt_cobain.txt.tkzd.txt.POStagged.txt.lem.9.txt	-0.1001851516	0.06	0.075	0.0337078652	0	0	0	0.02	0.1375	0.0898876404	0.0215053763	0	0	0.04	-0.0625	-0.0561797753	-0.0215053763	0	0	0.0281179775	0.0448155028	-0.0166975253
pete_ham.txt.tkzd.txt.POStagged.txt.lem.1.txt	-0.0908184897	0.0188679245	0.1162790698	0.1030927835	0.0194174757	0	0	0.0377358491	0.1395348837	0.1134020619	0.0485436893	0.0092592593	0	-0.0188679245	-0.023255814	-0.0103092784	-0.0291262136	-0.0092592593	0	0.0429428756	0.0580792905	-0.0151364149
pete_ham.txt.tkzd.txt.POStagged.txt.lem.10.txt	-0.3665547264	0	0.0520833333	0.0416666667	0.052238806	0.0205479452	0.0063694268	0.04	0.1979166667	0.2	0.0746268657	0.0205479452	0.0063694268	-0.04	-0.1458333333	-0.1583333333	-0.0223880597	0	0	0.0288176963	0.0899101507	-0.0610924544
pete_ham.txt.tkzd.txt.POStagged.txt.lem.11.txt	0.0322869528	0.0666666667	0.1015625	0.0507246377	0	0	0	0.08	0.078125	0.0217391304	0.0068027211	0	0	-0.0133333333	0.0234375	0.0289855072	-0.0068027211	0	0	0.0364923007	0.0311111419	0.0053811588
pete_ham.txt.tkzd.txt.POStagged.txt.lem.12.txt	-0.0752932496	0	0.1320754717	0.0775862069	0.0083333333	0	0	0.0289855072	0.179245283	0.0517241379	0.0333333333	0	0	-0.0289855072	-0.0471698113	0.025862069	-0.025	0	0	0.036332502	0.0488813769	-0.0125488749
pete_ham.txt.tkzd.txt.POStagged.txt.lem.13.txt	0.1502080161	0.0416666667	0.127388535	0.1373626374	0.0507614213	0.004784689	0	0.0277777778	0.0828025478	0.0659340659	0.0304568528	0.004784689	0	0.0138888889	0.0445859873	0.0714285714	0.0203045685	0	0	0.0603273249	0.0352926555	0.0250346694
pete_ham.txt.tkzd.txt.POStagged.txt.lem.14.txt	-0.0353342866	0.0428571429	0.0803571429	0.0491803279	0.03125	0	0	0.0571428571	0.1339285714	0.0245901639	0.015625	0.0076923077	0	-0.0142857143	-0.0535714286	0.0245901639	0.015625	-0.0076923077	0	0.0339407689	0.0398298167	-0.0058890478
pete_ham.txt.tkzd.txt.POStagged.txt.lem.15.txt	0.0288977912	0.0333333333	0.0909090909	0.0782608696	0.0384615385	0.0141843972	0.0068027211	0	0.1313131313	0.0869565217	0.0076923077	0.0070921986	0	0.0333333333	-0.0404040404	-0.0086956522	0.0307692308	0.0070921986	0.0068027211	0.0436586584	0.0388423599	0.0048162985
pete_ham.txt.tkzd.txt.POStagged.txt.lem.16.txt	-0.1428931579	0.0447761194	0.0762711864	0.0447761194	0.0212765957	0.0068493151	0.0066225166	0.0447761194	0.1440677966	0.1194029851	0.0283687943	0.0068493151	0	0	-0.0677966102	-0.0746268657	-0.0070921986	0	0.0066225166	0.0334286421	0.0572441684	-0.0238155263
pete_ham.txt.tkzd.txt.POStagged.txt.lem.17.txt	0.1051474932	0.0526315789	0.1473684211	0.0818181818	0.016	0.0072463768	0	0.0175438596	0.0947368421	0.0636363636	0.024	0	0	0.0350877193	0.0526315789	0.0181818182	-0.008	0.0072463768	0	0.0508440931	0.0333195109	0.0175245822
pete_ham.txt.tkzd.txt.POStagged.txt.lem.18.txt	-0.1466842928	0	0.0970149254	0.049382716	0.0111731844	0	0	0.0135135135	0.0820895522	0.1049382716	0.0726256983	0.0310880829	0	-0.0135135135	0.0149253731	-0.0555555556	-0.061452514	-0.0310880829	0	0.0262618043	0.0507091864	-0.0244473821
pete_ham.txt.tkzd.txt.POStagged.txt.lem.19.txt	-0.1985621414	0	0.0425531915	0.0328947368	0.0063694268	0	0	0.0470588235	0.1418439716	0.0723684211	0.0191082803	0	0	-0.0470588235	-0.0992907801	-0.0394736842	-0.0127388535	0	0	0.0136362258	0.0467299161	-0.0330936902
pete_ham.txt.tkzd.txt.POStagged.txt.lem.2.txt	0.126587829	0.0465116279	0.1707317073	0.0660377358	0.0078740157	0	0	0.0697674419	0.0853658537	0.0094339623	0	0	0	-0.023255814	0.0853658537	0.0566037736	0.0078740157	0	0	0.0485258478	0.0274278763	0.0210979715
pete_ham.txt.tkzd.txt.POStagged.txt.lem.20.txt	-0.1908787718	0	0.0588235294	0.062992126	0.0138888889	0	0	0	0.1568627451	0.1023622047	0.0416666667	0.0194805195	0.0062111801	0	-0.0980392157	-0.0393700787	-0.0277777778	-0.0194805195	-0.0062111801	0.022617424	0.0544305527	-0.0318131286
pete_ham.txt.tkzd.txt.POStagged.txt.lem.21.txt	0.1906806785	0.0192307692	0.1428571429	0.1553398058	0.0183486239	0	0	0	0.0879120879	0.0388349515	0.0183486239	0	0	0.0192307692	0.0549450549	0.1165048544	0	0	0	0.0559627236	0.0241826105	0.0317801131
pete_ham.txt.tkzd.txt.POStagged.txt.lem.22.txt	0.0302519006	0.0135135135	0.0873015873	0.052238806	0.0143884892	0	0	0.027027027	0.0952380952	0.0149253731	0	0	0	-0.0135135135	-0.0079365079	0.0373134328	0.0143884892	0	0	0.027907066	0.0228650826	0.0050419834
pete_ham.txt.tkzd.txt.POStagged.txt.lem.23.txt	-0.1673043506	0	0.1	0.0388349515	0.0260869565	0.0079365079	0	0.0517241379	0.1555555556	0.1067961165	0.0260869565	0	0	-0.0517241379	-0.0555555556	-0.067961165	0	0.0079365079	0	0.028809736	0.0566937944	-0.0278840584
pete_ham.txt.tkzd.txt.POStagged.txt.lem.24.txt	-0.1406180297	0.04	0.0736842105	0.0517241379	0.0152671756	0.006993007	0	0.04	0.1157894737	0.1120689655	0.0534351145	0.006993007	0	0	-0.0421052632	-0.0603448276	-0.0381679389	0	0	0.0312780885	0.0547144268	-0.0234363383
pete_ham.txt.tkzd.txt.POStagged.txt.lem.25.txt	-0.0775922072	0	0.0625	0.1038961039	0.0352941176	0	0	0.0555555556	0.0625	0.0909090909	0.0588235294	0.0114942529	0	-0.0555555556	0	0.012987013	-0.0235294118	-0.0114942529	0	0.0336150369	0.0465470715	-0.0129320345
pete_ham.txt.tkzd.txt.POStagged.txt.lem.26.txt	0.1637612686	0	0.1234567901	0.1136363636	0.0430107527	0.0104166667	0	0	0.049382716	0.0454545455	0.0215053763	0.0104166667	0	0	0.0740740741	0.0681818182	0.0215053763	0	0	0.0484200955	0.0211265508	0.0272935448
pete_ham.txt.tkzd.txt.POStagged.txt.lem.27.txt	-0.1951552084	0	0.0449438202	0.0357142857	0	0	0	0.0192307692	0.1460674157	0.0803571429	0.0078740157	0.015037594	0.0072463768	-0.0192307692	-0.1011235955	-0.0446428571	-0.0078740157	-0.015037594	-0.0072463768	0.0134430177	0.0459688857	-0.0325258681
pete_ham.txt.tkzd.txt.POStagged.txt.lem.28.txt	-0.1105991651	0.0442477876	0.0627802691	0.0522088353	0.0150943396	0.003649635	0	0.0707964602	0.1031390135	0.0883534137	0.0226415094	0.003649635	0	-0.0265486726	-0.0403587444	-0.0361445783	-0.0075471698	0	0	0.0296634778	0.048096672	-0.0184331942
pete_ham.txt.tkzd.txt.POStagged.txt.lem.29.txt	0.0637137068	0.05	0.1016949153	0.0882352941	0.0136986301	0	0	0	0.0338983051	0.0882352941	0.0547945205	0.012987013	0	0.05	0.0677966102	0	-0.0410958904	-0.012987013	0	0.0422714733	0.0316525221	0.0106189511
pete_ham.txt.tkzd.txt.POStagged.txt.lem.3.txt	-0.1152764497	0	0.1046511628	0.0638297872	0.0306122449	0	0	0.0576923077	0.1511627907	0.085106383	0.0204081633	0	0	-0.0576923077	-0.0465116279	-0.0212765957	0.0102040816	0	0	0.0331821992	0.0523949408	-0.0192127416
pete_ham.txt.tkzd.txt.POStagged.txt.lem.30.txt	-0.0431483751	0.03125	0.0515463918	0.0090909091	0	0	0	0.03125	0.0412371134	0.0454545455	0.0170940171	0	0	0	0.0103092784	-0.0363636364	-0.0170940171	0	0	0.0153145501	0.022505946	-0.0071913959
pete_ham.txt.tkzd.txt.POStagged.txt.lem.31.txt	-0.17860755	0	0.0337078652	0.0392156863	0.0092592593	0	0	0.02	0.1348314607	0.0784313725	0.0185185185	0.009009009	0	-0.02	-0.1011235955	-0.0392156863	-0.0092592593	-0.009009009	0	0.0136971351	0.0434650601	-0.029767925
pete_ham.txt.tkzd.txt.POStagged.txt.lem.32.txt	-0.0417647059	0.0204081633	0.0705882353	0.02	0	0	0	0.0204081633	0.0823529412	0.05	0	0	0	0	-0.0117647059	-0.03	0	0	0	0.0184993998	0.0254601841	-0.0069607843
pete_ham.txt.tkzd.txt.POStagged.txt.lem.33.txt	-0.116237893	0.0083333333	0.0632411067	0.0380622837	0.0128205128	0	0	0.025	0.1146245059	0.0830449827	0.016025641	0	0	-0.0166666667	-0.0513833992	-0.044982699	-0.0032051282	0	0	0.0204095394	0.0397825216	-0.0193729822
pete_ham.txt.tkzd.txt.POStagged.txt.lem.34.txt	0.1426986217	0.0298507463	0.1596638655	0.0746268657	0.0138888889	0	0	0.0149253731	0.0756302521	0.0447761194	0	0	0	0.0149253731	0.0840336134	0.0298507463	0.0138888889	0	0	0.0463383944	0.0225552908	0.0237831036
pete_ham.txt.tkzd.txt.POStagged.txt.lem.4.txt	0.0260963007	0.0588235294	0.1056910569	0.0422535211	0.0065789474	0	0	0.0294117647	0.081300813	0.0633802817	0.0131578947	0	0	0.0294117647	0.0243902439	-0.0211267606	-0.0065789474	0	0	0.0355578425	0.031208459	0.0043493834
pete_ham.txt.tkzd.txt.POStagged.txt.lem.5.txt	-0.1808583501	0	0.0853658537	0.0510204082	0.0183486239	0	0	0	0.1707317073	0.1020408163	0.0458715596	0.0169491525	0	0	-0.0853658537	-0.0510204082	-0.0275229358	-0.0169491525	0	0.0257891476	0.055932206	-0.0301430584
pete_ham.txt.tkzd.txt.POStagged.txt.lem.6.txt	-0.0466099623	0.0543478261	0.0697674419	0.0612244898	0.0187793427	0	0	0.0543478261	0.1162790698	0.0663265306	0.0093896714	0.0043859649	0	0	-0.0465116279	-0.0051020408	0.0093896714	-0.0043859649	0	0.0340198501	0.0417881771	-0.007768327
pete_ham.txt.tkzd.txt.POStagged.txt.lem.7.txt	-0.0168375943	0.0181818182	0.0526315789	0.0733944954	0.0341880342	0.0162601626	0	0	0.0947368421	0.0825688073	0.0341880342	0	0	0.0181818182	-0.0421052632	-0.0091743119	0	0.0162601626	0	0.0324426816	0.0352489473	-0.0028062657
pete_ham.txt.tkzd.txt.POStagged.txt.lem.8.txt	0.0146950516	0.0444444444	0.1140939597	0.0696202532	0.0122699387	0	0	0.0111111111	0.1208053691	0.0759493671	0.0061349693	0.005952381	0.0057803468	0.0333333333	-0.0067114094	-0.0063291139	0.0061349693	-0.005952381	-0.0057803468	0.0400714327	0.0376222574	0.0024491753
pete_ham.txt.tkzd.txt.POStagged.txt.lem.9.txt	-0.0470768323	0.0350877193	0.0666666667	0.078125	0.020979021	0.0065359477	0	0.0175438596	0.0571428571	0.078125	0.0629370629	0.0261437908	0.0125786164	0.0175438596	0.0095238095	0	-0.041958042	-0.0196078431	-0.0125786164	0.0345657258	0.0424118645	-0.0078461387
phil_ochs.txt.tkzd.txt.POStagged.txt.lem.1.txt	-0.2240537405	0.0138888889	0.0413793103	0.0224719101	0.0153846154	0.0047169811	0	0.0277777778	0.1379310345	0.106741573	0.0307692308	0.0141509434	0.0045248869	-0.0138888889	-0.0965517241	-0.0842696629	-0.0153846154	-0.0094339623	-0.0045248869	0.016306951	0.0536492411	-0.0373422901
phil_ochs.txt.tkzd.txt.POStagged.txt.lem.10.txt	-0.0208640017	0.0683760684	0.0607476636	0.0378151261	0.004	0	0	0.0683760684	0.0700934579	0.0294117647	0.02	0.0039215686	0	0	-0.0093457944	0.0084033613	-0.016	-0.0039215686	0	0.0284898097	0.0319671433	-0.0034773336
phil_ochs.txt.tkzd.txt.POStagged.txt.lem.11.txt	0.054972149	0.0901639344	0.0825688073	0.0408163265	0.0078740157	0	0	0.0819672131	0.0642201835	0.0163265306	0.0039370079	0	0	0.0081967213	0.0183486239	0.0244897959	0.0039370079	0	0	0.0369038473	0.0277418225	0.0091620248
phil_ochs.txt.tkzd.txt.POStagged.txt.lem.12.txt	-0.0034880824	0.0158730159	0.1047619048	0.0877192982	0.0254237288	0.0082644628	0	0.0317460317	0.1523809524	0.0614035088	0	0	0	-0.0158730159	-0.0476190476	0.0263157895	0.0254237288	0.0082644628	0	0.0403404018	0.0409217488	-0.0005813471
phil_ochs.txt.tkzd.txt.POStagged.txt.lem.13.txt	-0.0920509699	0.0461538462	0.0754716981	0.025	0.0080645161	0	0	0.0307692308	0.141509434	0.0583333333	0.0161290323	0	0	0.0153846154	-0.0660377358	-0.0333333333	-0.0080645161	0	0	0.0257816767	0.0411235051	-0.0153418283
phil_ochs.txt.tkzd.txt.POStagged.txt.lem.14.txt	0.1004341714	0.0733333333	0.1145038168	0.0454545455	0.0102389078	0.0033444816	0	0.04	0.0648854962	0.027972028	0.0102389078	0.0033444816	0	0.0333333333	0.0496183206	0.0174825175	0	0	0	0.0411458475	0.0244068189	0.0167390286
phil_ochs.txt.tkzd.txt.POStagged.txt.lem.15.txt	-0.0678780771	0.067961165	0.0517241379	0.0052910053	0	0	0	0.0970873786	0.0747126437	0.0158730159	0.0051813472	0	0	-0.0291262136	-0.0229885057	-0.0105820106	-0.0051813472	0	0	0.0208293847	0.0321423976	-0.0113130128
phil_ochs.txt.tkzd.txt.POStagged.txt.lem.16.txt	0.0454487922	0.0462962963	0.1325966851	0.0343137255	0.0141509434	0.004587156	0.0045045045	0.0555555556	0.1160220994	0.0147058824	0.0047169811	0	0	-0.0092592593	0.0165745856	0.0196078431	0.0094339623	0.004587156	0.0045045045	0.0394082185	0.0318334197	0.0075747987
phil_ochs.txt.tkzd.txt.POStagged.txt.lem.17.txt	-0.0077723423	0.0687022901	0.0775193798	0.0202702703	0.0032154341	0	0	0.0458015267	0.1046511628	0.027027027	0	0	0	0.0229007634	-0.0271317829	-0.0067567568	0.0032154341	0	0	0.0282845624	0.0295799528	-0.0012953904
phil_ochs.txt.tkzd.txt.POStagged.txt.lem.18.txt	-0.0763678786	0.0397350993	0.0421455939	0.0144404332	0	0	0	0.0264900662	0.0957854406	0.0433212996	0.0070921986	0	0	0.0132450331	-0.0536398467	-0.0288808664	-0.0070921986	0	0	0.0160535211	0.0287815008	-0.0127279798
phil_ochs.txt.tkzd.txt.POStagged.txt.lem.19.txt	0.0639158227	0.0634920635	0.1111111111	0.0352941176	0.0038461538	0	0	0.0238095238	0.1025641026	0.0196078431	0.0038461538	0	0	0.0396825397	0.0085470085	0.0156862745	0	0	0	0.0356239077	0.0249712706	0.0106526371
phil_ochs.txt.tkzd.txt.POStagged.txt.lem.2.txt	-0.0826655442	0.0420168067	0.0512820513	0.0234741784	0.0092592593	0	0	0.0420168067	0.0358974359	0.0892018779	0.0324074074	0.0091743119	0	0	0.0153846154	-0.0657276995	-0.0231481481	-0.0091743119	0	0.0210053826	0.0347829733	-0.0137775907
phil_ochs.txt.tkzd.txt.POStagged.txt.lem.20.txt	0.0156577896	0.0631578947	0.0777777778	0.040201005	0.0194174757	0.0048076923	0	0.0631578947	0.1166666667	0.0050251256	0.0048543689	0	0	0	-0.0388888889	0.0351758794	0.0145631068	0.0048076923	0	0.0342269743	0.0316173427	0.0026096316
phil_ochs.txt.tkzd.txt.POStagged.txt.lem.21.txt	0.0791359407	0.0222222222	0.1204819277	0.0752688172	0.0051546392	0.005	0	0.0444444444	0.0722891566	0.0322580645	0	0	0	-0.0222222222	0.0481927711	0.0430107527	0.0051546392	0.005	0	0.0380212677	0.0248319443	0.0131893235
phil_ochs.txt.tkzd.txt.POStagged.txt.lem.22.txt	-0.0017073728	0.0583333333	0.0660792952	0.0106007067	0	0	0	0.075	0.0440528634	0.0176678445	0	0	0	-0.0166666667	0.0220264317	-0.0070671378	0	0	0	0.0225022225	0.0227867847	-0.0002845621
phil_ochs.txt.tkzd.txt.POStagged.txt.lem.23.txt	-0.1147636677	0.010989011	0.0941176471	0.0534759358	0.0102564103	0	0	0.0549450549	0.1647058824	0.0588235294	0.0051282051	0	0	-0.043956044	-0.0705882353	-0.0053475936	0.0051282051	0	0	0.028139834	0.047267112	-0.019127278
phil_ochs.txt.tkzd.txt.POStagged.txt.lem.24.txt	-0.0852958886	0.0222222222	0.0566801619	0.0347490347	0	0	0	0.0518518519	0.0971659919	0.0347490347	0.0114068441	0.0037735849	0	-0.0296296296	-0.04048583	0	-0.0114068441	-0.0037735849	0	0.0189419032	0.0331578846	-0.0142159814
phil_ochs.txt.tkzd.txt.POStagged.txt.lem.25.txt	-0.0205706991	0.0204081633	0.0858585859	0.0427350427	0.003968254	0	0	0.0102040816	0.1212121212	0.0341880342	0.0079365079	0	0	0.0102040816	-0.0353535354	0.0085470085	-0.003968254	0	0	0.0254950076	0.0289234575	-0.0034284499
phil_ochs.txt.tkzd.txt.POStagged.txt.lem.26.txt	-0.096834552	0.0320855615	0.0542857143	0.0207792208	0.0051020408	0.0050761421	0.0025316456	0.0748663102	0.08	0.0363636364	0.0178571429	0.0050761421	0.0025316456	-0.0427807487	-0.0257142857	-0.0155844156	-0.012755102	0	0	0.0199767208	0.0361158128	-0.016139092
phil_ochs.txt.tkzd.txt.POStagged.txt.lem.27.txt	-0.0072039768	0.0462962963	0.0956937799	0.0367346939	0	0	0	0.037037037	0.1244019139	0.0244897959	0	0	0	0.0092592593	-0.028708134	0.012244898	0	0	0	0.0297874617	0.0309881245	-0.0012006628
phil_ochs.txt.tkzd.txt.POStagged.txt.lem.28.txt	0.0174050555	0.0598290598	0.077294686	0.0572687225	0	0	0	0.0341880342	0.1207729469	0.0220264317	0	0	0	0.0256410256	-0.0434782609	0.0352422907	0	0	0	0.0323987447	0.0294979021	0.0029008426
phil_ochs.txt.tkzd.txt.POStagged.txt.lem.29.txt	-0.0602693603	0	0.1022727273	0.0344827586	0	0	0	0.0227272727	0.125	0.0344827586	0.0148148148	0	0	-0.0227272727	-0.0227272727	0	-0.0148148148	0	0	0.022792581	0.0328374744	-0.0100448934
phil_ochs.txt.tkzd.txt.POStagged.txt.lem.3.txt	0.0050710322	0.0377358491	0.0880829016	0.0185185185	0.0087719298	0	0	0.0471698113	0.0777202073	0.0231481481	0	0	0	-0.0094339623	0.0103626943	-0.0046296296	0.0087719298	0	0	0.0255181998	0.0246730278	0.000845172
phil_ochs.txt.tkzd.txt.POStagged.txt.lem.30.txt	-0.0490700075	0.0598290598	0.0821917808	0.0330578512	0.0040650407	0	0	0.0427350427	0.1689497717	0.0165289256	0	0	0	0.0170940171	-0.0867579909	0.0165289256	0.0040650407	0	0	0.0298572888	0.0380356233	-0.0081783346
phil_ochs.txt.tkzd.txt.POStagged.txt.lem.31.txt	0.0676328187	0.0714285714	0.0888888889	0.0479452055	0.0066666667	0	0	0.0595238095	0.0740740741	0.0136986301	0	0	0	0.0119047619	0.0148148148	0.0342465753	0.0066666667	0	0	0.0358215554	0.024549419	0.0112721365
phil_ochs.txt.tkzd.txt.POStagged.txt.lem.32.txt	-0.0763941385	0.0555555556	0.0613718412	0.0377358491	0.0061919505	0.0030769231	0	0.0555555556	0.1407942238	0.0408805031	0.0030959752	0	0	0	-0.0794223827	-0.0031446541	0.0030959752	0.0030769231	0	0.0273220199	0.0400543763	-0.0127323564
phil_ochs.txt.tkzd.txt.POStagged.txt.lem.33.txt	-0.0708063608	0.0113636364	0.0411764706	0.0578947368	0.0050761421	0	0	0.0227272727	0.1058823529	0.0526315789	0.0050761421	0	0	-0.0113636364	-0.0647058824	0.0052631579	0	0	0	0.019251831	0.0310528911	-0.0118010601
phil_ochs.txt.tkzd.txt.POStagged.txt.lem.34.txt	-0.0863674903	0.0363636364	0.0612244898	0.0550458716	0.0133333333	0.0043478261	0	0.0818181818	0.1020408163	0.0550458716	0.0177777778	0	0	-0.0454545455	-0.0408163265	0	-0.0044444444	0.0043478261	0	0.0283858595	0.0427804412	-0.0143945817
phil_ochs.txt.tkzd.txt.POStagged.txt.lem.35.txt	-0.0376974555	0.0183486239	0.1098901099	0.0804020101	0.0098522167	0	0	0.0458715596	0.1153846154	0.0703517588	0.0197044335	0.0048780488	0	-0.0275229358	-0.0054945055	0.0100502513	-0.0098522167	-0.0048780488	0	0.0364154934	0.0426984027	-0.0062829093
phil_ochs.txt.tkzd.txt.POStagged.txt.lem.36.txt	-0.224791071	0.0303030303	0.043956044	0.0252525253	0.0048309179	0	0	0.0707070707	0.1208791209	0.0757575758	0.0338164251	0.014084507	0.0138888889	-0.0404040404	-0.0769230769	-0.0505050505	-0.0289855072	-0.014084507	-0.0138888889	0.0173904196	0.0548555981	-0.0374651785
phil_ochs.txt.tkzd.txt.POStagged.txt.lem.37.txt	0.0053717217	0.0379746835	0.0697674419	0.0151515152	0	0	0	0.0253164557	0.0620155039	0.0227272727	0.0074626866	0	0	0.0126582278	0.007751938	-0.0075757576	-0.0074626866	0	0	0.0204822734	0.0195869865	0.0008952869
phil_ochs.txt.tkzd.txt.POStagged.txt.lem.38.txt	-0.0495785438	0.0287769784	0.0836653386	0.029739777	0.0036101083	0	0	0.0503597122	0.1115537849	0.0334572491	0	0	0	-0.0215827338	-0.0278884462	-0.0037174721	0.0036101083	0	0	0.0242987004	0.032561791	-0.0082630906
phil_ochs.txt.tkzd.txt.POStagged.txt.lem.39.txt	-0.0083459681	0.0277777778	0.0900473934	0.0290456432	0.0080321285	0	0	0.037037037	0.0805687204	0.0456431535	0	0	0	-0.0092592593	0.009478673	-0.0165975104	0.0080321285	0	0	0.0258171571	0.0272081518	-0.0013909947
phil_ochs.txt.tkzd.txt.POStagged.txt.lem.4.txt	-0.0328577	0.0267857143	0.0588235294	0.0446428571	0.0043668122	0	0	0.0178571429	0.0833333333	0.0401785714	0.0218340611	0.0042735043	0	0.0089285714	-0.0245098039	0.0044642857	-0.0174672489	-0.0042735043	0	0.0224364855	0.0279127688	-0.0054762833
phil_ochs.txt.tkzd.txt.POStagged.txt.lem.40.txt	-0.032325883	0.0434782609	0.1090909091	0.0540540541	0.0051813472	0	0	0.0652173913	0.1090909091	0.0594594595	0.0103626943	0	0	-0.0217391304	0	-0.0054054054	-0.0051813472	0	0	0.0353007619	0.040688409	-0.0053876472
phil_ochs.txt.tkzd.txt.POStagged.txt.lem.41.txt	0.0438210212	0.0330578512	0.0972222222	0.0522088353	0.0192307692	0	0	0.0495867769	0.0648148148	0.0281124498	0.0153846154	0	0	-0.0165289256	0.0324074074	0.0240963855	0.0038461538	0	0	0.0336199463	0.0263164428	0.0073035035
phil_ochs.txt.tkzd.txt.POStagged.txt.lem.42.txt	0.0977023387	0.0508474576	0.1162790698	0.0466101695	0.0083333333	0	0	0.0254237288	0.0651162791	0.0296610169	0.0041666667	0	0	0.0254237288	0.0511627907	0.0169491525	0.0041666667	0	0	0.0370116717	0.0207279486	0.0162837231
phil_ochs.txt.tkzd.txt.POStagged.txt.lem.43.txt	-0.1298298663	0.0277777778	0.0612244898	0.0415224913	0.0033222591	0.0032894737	0	0.0694444444	0.0775510204	0.0934256055	0.023255814	0.0032894737	0	-0.0416666667	-0.0163265306	-0.0519031142	-0.0199335548	0	0	0.022856082	0.044494393	-0.021638311
phil_ochs.txt.tkzd.txt.POStagged.txt.lem.44.txt	-0.1645630138	0.0287769784	0.0677966102	0.0423728814	0.0053619303	0	0	0.0575539568	0.1457627119	0.0734463277	0.0294906166	0.002617801	0	-0.0287769784	-0.0779661017	-0.0310734463	-0.0241286863	-0.002617801	0	0.0240514	0.051478569	-0.027427169
phil_ochs.txt.tkzd.txt.POStagged.txt.lem.45.txt	-0.0006379456	0.0461538462	0.1008403361	0.0503875969	0.0073800738	0	0	0.0538461538	0.1050420168	0.0465116279	0	0	0	-0.0076923077	-0.0042016807	0.003875969	0.0073800738	0	0	0.0341269755	0.0342332998	-0.0001063243
phil_ochs.txt.tkzd.txt.POStagged.txt.lem.46.txt	-0.0082438973	0.0601503759	0.11328125	0.0431654676	0.0105633803	0	0	0.0827067669	0.11328125	0.0323741007	0.0070422535	0	0	-0.022556391	0	0.0107913669	0.0035211268	0	0	0.037860079	0.0392340619	-0.0013739829
phil_ochs.txt.tkzd.txt.POStagged.txt.lem.47.txt	-0.0683037873	0.0495049505	0.0617577197	0.0277777778	0.0037523452	0	0	0.099009901	0.0902612827	0.0218253968	0	0	0	-0.0495049505	-0.0285035629	0.005952381	0.0037523452	0	0	0.0237987989	0.0351827634	-0.0113839645
phil_ochs.txt.tkzd.txt.POStagged.txt.lem.48.txt	-0.0989898417	0.0352112676	0.0562913907	0.0298102981	0.0049751244	0	0	0.0774647887	0.1125827815	0.0352303523	0	0	0	-0.0422535211	-0.0562913907	-0.0054200542	0.0049751244	0	0	0.0210480135	0.0375463204	-0.0164983069
phil_ochs.txt.tkzd.txt.POStagged.txt.lem.49.txt	-0.0711111111	0.0555555556	0.0488888889	0.0153256705	0	0	0	0.0555555556	0.12	0.0153256705	0	0	0	0	-0.0711111111	0	0	0	0	0.0199616858	0.0318135377	-0.0118518519
phil_ochs.txt.tkzd.txt.POStagged.txt.lem.5.txt	-0.1316306045	0.0108695652	0.0952380952	0.0088105727	0	0	0	0.0543478261	0.1481481481	0.0440528634	0	0	0	-0.0434782609	-0.0529100529	-0.0352422907	0	0	0	0.0191530389	0.0410914729	-0.0219384341
phil_ochs.txt.tkzd.txt.POStagged.txt.lem.50.txt	-0.0388382087	0.0778443114	0.0664451827	0.017699115	0	0	0	0.0838323353	0.096345515	0.0206489676	0	0	0	-0.005988024	-0.0299003322	-0.0029498525	0	0	0	0.0269981015	0.0334711363	-0.0064730348
phil_ochs.txt.tkzd.txt.POStagged.txt.lem.51.txt	-0.0731112591	0.0253807107	0.0464547677	0.0421286031	0.002173913	0.0021598272	0	0.0558375635	0.0782396088	0.0421286031	0.0130434783	0.0021598272	0	-0.0304568528	-0.0317848411	0	-0.0108695652	0	0	0.0197163036	0.0319015135	-0.0121852098
phil_ochs.txt.tkzd.txt.POStagged.txt.lem.52.txt	-0.052456553	0.0466666667	0.0801282051	0.014084507	0	0	0	0.04	0.1057692308	0.0394366197	0.0081300813	0	0	0.0066666667	-0.0256410256	-0.0253521127	-0.0081300813	0	0	0.0234798965	0.0322226553	-0.0087427588
phil_ochs.txt.tkzd.txt.POStagged.txt.lem.53.txt	0.0361350784	0.0492957746	0.1027667984	0.0469798658	0.0160771704	0	0	0.0422535211	0.0869565217	0.0369127517	0.0128617363	0	0	0.0070422535	0.0158102767	0.0100671141	0.0032154341	0	0	0.0358532682	0.0298307551	0.0060225131
phil_ochs.txt.tkzd.txt.POStagged.txt.lem.54.txt	-0.0674167304	0.0642201835	0.0708860759	0.015625	0.0021367521	0	0	0.1009174312	0.0860759494	0.0290178571	0.0042735043	0	0	-0.0366972477	-0.0151898734	-0.0133928571	-0.0021367521	0	0	0.0254780019	0.0367141237	-0.0112361217
phil_ochs.txt.tkzd.txt.POStagged.txt.lem.6.txt	-0.0745029687	0.0607734807	0.0543478261	0.0215827338	0.0046728972	0	0	0.0773480663	0.097826087	0.0383693046	0.0023364486	0	0	-0.0165745856	-0.0434782609	-0.0167865707	0.0023364486	0	0	0.023562823	0.0359799844	-0.0124171614
phil_ochs.txt.tkzd.txt.POStagged.txt.lem.7.txt	-0.146518401	0.0388349515	0.0742358079	0.0474452555	0.0067567568	0	0	0.0485436893	0.1048034935	0.1167883212	0.0371621622	0.0064935065	0	-0.0097087379	-0.0305676856	-0.0693430657	-0.0304054054	-0.0064935065	0	0.0278787953	0.0522985288	-0.0244197335
phil_ochs.txt.tkzd.txt.POStagged.txt.lem.8.txt	-0.0020273398	0.05	0.1117647059	0.0366492147	0	0	0	0.03	0.1294117647	0.0261780105	0.0148514851	0	0	0.02	-0.0176470588	0.0104712042	-0.0148514851	0	0	0.0330689868	0.0334068767	-0.00033789
phil_ochs.txt.tkzd.txt.POStagged.txt.lem.9.txt	-0.1432799155	0.0193548387	0.0579710145	0.0199335548	0.0032786885	0	0	0.0838709677	0.1268115942	0.0265780731	0.006557377	0	0	-0.064516129	-0.0688405797	-0.0066445183	-0.0032786885	0	0	0.0167563494	0.0406363353	-0.0238799859
