file	verb	verb/token	adj	adj/token	noun	noun/token	pronoun	pronoun/token	adv	adv/token	adv_particle	adv_particle/token	conj_coord	conj_coord/token	prep_or_conj_subord	prep_or_conj_subord/token	numeral	numeral/token	det	det/token	there_existential	there_existential/token	interj	interj/token	verb/(adj+.01)	verb/(adv+.01)	verb/(noun+.01)	verb/(pronoun+.01)	adj/(noun+.01)	adj/(pronoun+.01)	adj/(adv+.01)	noun/(pronoun+.01)	noun/(adv+.01)	adv/(pronoun+.01)	conj_coord/(prep_or_conj_subord+.01)
bob_dylan.txt.tkzd.1.txt	74	0.2569444444	1	0.0034722222	25	0.0868055556	58	0.2013888889	15	0.0520833333	3	0.0104166667	24	0.0833333333	18	0.0625	0	0	8	0.0277777778	0	0	0	0	73.2673267327	4.9300466356	2.9588164734	1.2756421307	0.0399840064	0.0172384072	0.0666222518	0.4309601793	1.6655562958	0.2585761076	1.3325930039
bob_dylan.txt.tkzd.10.txt	83	0.1531365314	24	0.0442804428	110	0.2029520295	74	0.1365313653	25	0.0461254613	0	0	12	0.0221402214	63	0.1162361624	3	0.0055350554	49	0.0904059041	0	0	0	0	3.4568929613	3.318672531	0.7544768657	1.1214700716	0.2181619853	0.3242805026	0.9596161535	1.4862856371	4.3982407037	0.3377921902	0.190445961
bob_dylan.txt.tkzd.100.txt	91	0.197826087	27	0.0586956522	60	0.1304347826	82	0.1782608696	25	0.0543478261	1	0.002173913	18	0.0391304348	53	0.1152173913	4	0.0086956522	32	0.0695652174	2	0.0043478261	0	0	3.3691225472	3.6385445822	1.516413931	1.109620778	0.4499250125	0.3292281429	1.0795681727	0.7316180954	2.3990403839	0.3048408731	0.3395585739
bob_dylan.txt.tkzd.101.txt	44	0.197309417	13	0.0582959641	55	0.2466367713	15	0.067264574	14	0.0627802691	0	0	8	0.0358744395	19	0.0852017937	1	0.0044843049	23	0.1031390135	0	0	0	0	3.3820138355	3.1406138473	0.7998545719	2.9313790806	0.236320669	0.8660892738	0.9279086367	3.6642238508	3.9257673091	0.9327115257	0.4208311415
bob_dylan.txt.tkzd.102.txt	25	0.1373626374	12	0.0659340659	39	0.2142857143	24	0.1318681319	11	0.0604395604	0	0	2	0.010989011	25	0.1373626374	2	0.010989011	21	0.1153846154	0	0	0	0	2.0815986678	2.2706630336	0.6408613176	1.0412328197	0.3076134325	0.4997917534	1.0899182561	1.6243231987	3.5422343324	0.4581424407	0.0799680128
bob_dylan.txt.tkzd.103.txt	85	0.2190721649	16	0.0412371134	64	0.1649484536	73	0.1881443299	17	0.043814433	6	0.0154639175	16	0.0412371134	41	0.1056701031	2	0.0051546392	21	0.0541237113	1	0.0025773196	0	0	5.3091817614	4.9970605526	1.3279175129	1.1642240789	0.2499609436	0.2191480619	0.9406231628	0.8765922476	3.7624926514	0.2328448158	0.3901487442
bob_dylan.txt.tkzd.104.txt	55	0.1757188498	9	0.0287539936	59	0.1884984026	47	0.1501597444	30	0.0958466454	5	0.0159744409	4	0.0127795527	24	0.0766773163	0	0	15	0.0479233227	0	0	0	0	6.1043285239	1.8327224259	0.932045416	1.1699638375	0.1525165226	0.191448628	0.2999000333	1.2550521166	1.9660113296	0.6381620932	0.1665972511
bob_dylan.txt.tkzd.105.txt	38	0.19	5	0.025	40	0.2	29	0.145	17	0.085	1	0.005	7	0.035	16	0.08	1	0.005	11	0.055	0	0	0	0	7.5848303393	2.2339800118	0.9497625594	1.3098931403	0.1249687578	0.1723543606	0.2939447384	1.3788348845	2.3515579071	0.5860048259	0.4372267333
bob_dylan.txt.tkzd.106.txt	147	0.209700428	55	0.0784593438	113	0.1611982882	108	0.1540656205	18	0.0256776034	2	0.002853067	25	0.0356633381	38	0.0542082739	10	0.0142653352	79	0.1126961484	0	0	0	0	2.6722414107	8.1621321488	1.3007698434	1.360985094	0.4866825945	0.50921211	3.0538589672	1.046199426	6.27429206	0.166651236	0.6577216522
bob_dylan.txt.tkzd.107.txt	76	0.2228739003	15	0.0439882698	47	0.137829912	50	0.146627566	38	0.1114369501	1	0.0029325513	19	0.0557184751	20	0.0586510264	0	0	15	0.0439882698	0	0	0	0	5.0632911392	1.9994738227	1.6166773027	1.5196960608	0.3190810466	0.299940012	0.3946329913	0.9398120376	1.2365167061	0.7598480304	0.9495252374
bob_dylan.txt.tkzd.108.txt	59	0.2099644128	24	0.0854092527	43	0.153024911	32	0.1138790036	20	0.0711743772	0	0	12	0.0427046263	24	0.0854092527	3	0.0106761566	26	0.0925266904	0	0	0	0	2.4573094544	2.9485257371	1.3717740061	1.8431740081	0.5580097652	0.7497656982	1.1994002999	1.3433302093	2.1489255372	0.6248047485	0.4997917534
bob_dylan.txt.tkzd.109.txt	24	0.1558441558	3	0.0194805195	41	0.2662337662	16	0.1038961039	10	0.0649350649	2	0.012987013	2	0.012987013	15	0.0974025974	1	0.0064935065	11	0.0714285714	0	0	0	0	7.9734219269	2.3976023976	0.5852231163	1.4990630856	0.0731528895	0.1873828857	0.2997002997	2.5608994379	4.0959040959	0.624609619	0.1332445037
bob_dylan.txt.tkzd.11.txt	63	0.2058823529	5	0.0163398693	36	0.1176470588	55	0.1797385621	28	0.091503268	1	0.0032679739	11	0.0359477124	19	0.0620915033	3	0.0098039216	20	0.0653594771	1	0.0032679739	0	0	12.5748502994	2.2491967155	1.7495140239	1.1452463189	0.1388503194	0.090892565	0.1785076758	0.6544264679	1.285255266	0.5089983639	0.5786428196
bob_dylan.txt.tkzd.110.txt	24	0.192	4	0.032	24	0.192	16	0.128	11	0.088	0	0	1	0.008	5	0.04	0	0	9	0.072	0	0	0	0	5.9850374065	2.1798365123	0.9995835069	1.4990630856	0.1665972511	0.2498438476	0.3633060854	1.4990630856	2.1798365123	0.6870705809	0.1996007984
bob_dylan.txt.tkzd.111.txt	126	0.178470255	28	0.0396600567	141	0.1997167139	99	0.1402266289	38	0.0538243626	5	0.007082153	20	0.0283286119	52	0.0736543909	4	0.0056657224	57	0.0807365439	1	0.0014164306	0	0	4.4983934309	3.3149171271	0.8935536487	1.2725987274	0.1985674775	0.2827997172	0.7366482505	1.4240985759	3.7095501184	0.3837996162	0.3845414343
bob_dylan.txt.tkzd.112.txt	42	0.1866666667	7	0.0311111111	39	0.1733333333	32	0.1422222222	23	0.1022222222	0	0	0	0	19	0.0844444444	13	0.0577777778	14	0.0622222222	0	0	0	0	5.9914407989	1.8252933507	1.0766470136	1.3120899719	0.1794411689	0.218681662	0.3042155585	1.2183692596	1.6949152542	0.7185254608	0
bob_dylan.txt.tkzd.113.txt	107	0.1777408638	25	0.0415282392	134	0.2225913621	88	0.146179402	29	0.0481727575	6	0.0099667774	12	0.0199335548	38	0.0631229236	3	0.0049833887	44	0.073089701	1	0.0016611296	0	0	4.2782886845	3.6883833161	0.798447877	1.2157709351	0.1865532423	0.2840586297	0.8617718028	1.5225542552	4.6190968632	0.3295080105	0.3157063931
bob_dylan.txt.tkzd.114.txt	74	0.2442244224	10	0.0330033003	51	0.1683168317	34	0.1122112211	22	0.0726072607	1	0.00330033	12	0.0396039604	26	0.0858085809	3	0.0099009901	25	0.0825082508	1	0.00330033	0	0	7.3926073926	3.3621081327	1.450695942	2.1758306381	0.1960399922	0.2940311673	0.4543389368	1.4995589533	2.3171285779	0.6468685681	0.461361015
bob_dylan.txt.tkzd.115.txt	78	0.1830985915	14	0.0328638498	108	0.2535211268	53	0.1244131455	10	0.0234741784	1	0.0023474178	9	0.0211267606	43	0.1009389671	7	0.0164319249	33	0.0774647887	8	0.0187793427	0	0	5.5674518201	7.7922077922	0.722155356	1.4714204867	0.129617628	0.264101113	1.3986013986	2.0373514431	10.7892107892	0.1886436521	0.2092536619
bob_dylan.txt.tkzd.116.txt	80	0.1909307876	12	0.0286396181	83	0.1980906921	57	0.1360381862	21	0.0501193317	1	0.0023866348	16	0.0381861575	40	0.0954653938	3	0.0071599045	37	0.0883054893	1	0.0023866348	0	0	6.6611157369	3.807710614	0.9637393085	1.4032625855	0.1445608963	0.2104893878	0.5711565921	1.4558849325	3.950499762	0.3683564287	0.399900025
bob_dylan.txt.tkzd.117.txt	32	0.1904761905	7	0.0416666667	34	0.2023809524	19	0.1130952381	13	0.0773809524	0	0	10	0.0595238095	13	0.0773809524	4	0.0238095238	19	0.1130952381	0	0	0	0	4.5649072753	2.4596464258	0.9408997354	1.683324566	0.2058218171	0.3682272488	0.5380476557	1.7885323514	2.6133743274	0.6838506049	0.7686395081
bob_dylan.txt.tkzd.118.txt	74	0.1796116505	21	0.0509708738	94	0.2281553398	36	0.0873786408	24	0.0582524272	2	0.0048543689	14	0.0339805825	38	0.0922330097	7	0.0169902913	46	0.1116504854	1	0.0024271845	0	0	3.5221323179	3.0820491462	0.7871503032	2.0549847265	0.2233804914	0.5831713413	0.8746355685	2.6103860039	3.9150354019	0.6664815329	0.3683241252
bob_dylan.txt.tkzd.119.txt	60	0.145631068	15	0.036407767	88	0.213592233	45	0.109223301	18	0.0436893204	2	0.0048543689	13	0.0315533981	45	0.109223301	2	0.0048543689	57	0.1383495146	0	0	0	0	3.9973351099	3.3314825097	0.6817407113	1.3330371029	0.1704351778	0.3332592757	0.8328706274	1.9551210842	4.8861743476	0.3999111309	0.2888247056
bob_dylan.txt.tkzd.12.txt	106	0.3183183183	4	0.012012012	30	0.0900900901	70	0.2102102102	41	0.1231231231	1	0.003003003	11	0.033033033	7	0.021021021	2	0.006006006	13	0.039039039	0	0	0	0	26.433915212	2.5847354304	3.532155948	1.5140694187	0.1332889037	0.057134695	0.0975371861	0.4285102128	0.7315288954	0.5856306242	1.5691868759
bob_dylan.txt.tkzd.120.txt	80	0.2234636872	20	0.0558659218	55	0.1536312849	49	0.1368715084	22	0.061452514	1	0.0027932961	7	0.0195530726	32	0.0893854749	0	0	22	0.061452514	4	0.0111731844	0	0	3.9980009995	3.6347114948	1.4542810398	1.6323199347	0.36357026	0.4080799837	0.9086778737	1.1222199551	2.4988641527	0.448887982	0.218681662
bob_dylan.txt.tkzd.121.txt	89	0.2617647059	6	0.0176470588	64	0.1882352941	21	0.0617647059	8	0.0235294118	3	0.0088235294	24	0.0705882353	37	0.1088235294	0	0	51	0.15	0	0	0	0	14.8086522463	11.1111111111	1.3904077488	4.2360780581	0.0937353539	0.2855782961	0.7490636704	3.0461684912	7.9900124844	0.3807710614	0.6484733856
bob_dylan.txt.tkzd.122.txt	77	0.1645299145	18	0.0384615385	109	0.2329059829	39	0.0833333333	21	0.0448717949	4	0.0085470085	36	0.0769230769	59	0.1260683761	2	0.0042735043	56	0.1196581197	0	0	0	0	4.2754025541	3.664921466	0.7063572149	1.9738528582	0.1651224658	0.4614201487	0.8567348881	2.7941553448	5.1880057116	0.5383235068	0.6100660905
bob_dylan.txt.tkzd.123.txt	81	0.2	12	0.0296296296	79	0.1950617284	46	0.1135802469	29	0.0716049383	4	0.0098765432	32	0.0790123457	29	0.0716049383	1	0.0024691358	36	0.0888888889	0	0	0	0	6.7443796836	2.7921406412	1.0251866852	1.7604868507	0.1518795089	0.2608128668	0.4136504654	1.7170180396	2.7231988969	0.6302977614	1.1030679076
bob_dylan.txt.tkzd.13.txt	56	0.2557077626	4	0.0182648402	20	0.0913242009	42	0.1917808219	19	0.0867579909	1	0.00456621	10	0.0456621005	10	0.0456621005	1	0.00456621	8	0.0365296804	0	0	0	0	13.9650872818	2.9458179905	2.7986006997	1.3330159486	0.19990005	0.0952154249	0.2104155708	0.4760771245	1.0520778538	0.4522732683	0.999000999
bob_dylan.txt.tkzd.14.txt	92	0.1642857143	21	0.0375	116	0.2071428571	60	0.1071428571	41	0.0732142857	5	0.0089285714	20	0.0357142857	53	0.0946428571	1	0.0017857143	59	0.1053571429	1	0.0017857143	0	0	4.3788672061	2.2433552792	0.7930350832	1.5330778204	0.1810188777	0.3499416764	0.5120702268	1.9330111648	2.8285783955	0.6832194634	0.3772873043
bob_dylan.txt.tkzd.15.txt	100	0.269541779	18	0.0485175202	19	0.051212938	85	0.2291105121	40	0.1078167116	2	0.0053908356	19	0.051212938	27	0.0727762803	8	0.0215633423	7	0.0188679245	0	0	0	0	5.5524708495	2.4993751562	5.2603892688	1.1763321962	0.9468700684	0.2117397953	0.4498875281	0.2235031173	0.4748812797	0.4705328785	0.7034431692
bob_dylan.txt.tkzd.16.txt	64	0.1921921922	11	0.033033033	43	0.1291291291	83	0.2492492492	18	0.0540540541	2	0.006006006	12	0.036036036	23	0.0690690691	0	0	13	0.039039039	1	0.003003003	0	0	5.812897366	3.5535813437	1.4880260405	0.7709914468	0.2557544757	0.1325141549	0.6107717934	0.5180098783	2.3875624653	0.2168413444	0.5215123859
bob_dylan.txt.tkzd.17.txt	155	0.2086137281	21	0.0282637954	136	0.1830417227	86	0.1157469717	69	0.0928667564	6	0.0080753701	30	0.0403768506	52	0.069986541	3	0.0040376851	58	0.0780619112	1	0.001345895	0	0	7.3774393146	2.2460512969	1.1396220866	1.802116033	0.1544004117	0.2441576561	0.3043037241	1.581211487	1.9707288799	0.8022322986	0.5768121515
bob_dylan.txt.tkzd.18.txt	55	0.1815181518	12	0.0396039604	43	0.1419141914	68	0.2244224422	22	0.0726072607	1	0.00330033	6	0.0198019802	22	0.0726072607	0	0	18	0.0594059406	2	0.0066006601	0	0	4.5795170691	2.4988641527	1.2787723785	0.8087046023	0.2790048826	0.1764446405	0.5452067242	0.6322599618	1.9536574284	0.3234818409	0.2726033621
bob_dylan.txt.tkzd.19.txt	59	0.1891025641	9	0.0288461538	49	0.1570512821	49	0.1570512821	34	0.108974359	0	0	13	0.0416666667	29	0.0929487179	0	0	20	0.0641025641	0	0	0	0	6.5482796892	1.7347838871	1.2038359519	1.2038359519	0.1836359927	0.1836359927	0.2646280506	0.99979596	1.4407527198	0.6937359723	0.4481213375
bob_dylan.txt.tkzd.2.txt	52	0.2260869565	18	0.0782608696	34	0.147826087	32	0.1391304348	9	0.0391304348	4	0.0173913043	3	0.0130434783	19	0.0826086957	0	0	15	0.0652173913	0	0	0	0	2.8872848418	5.7713651498	1.52896207	1.6244923461	0.5292561011	0.5623242737	1.9977802442	1.0621680725	3.7735849057	0.2811621368	0.1578116781
bob_dylan.txt.tkzd.20.txt	110	0.325443787	16	0.0473372781	18	0.0532544379	80	0.2366863905	28	0.0828402367	0	0	22	0.0650887574	14	0.0414201183	0	0	7	0.0207100592	0	0	0	0	6.8707058089	3.9271688683	6.1077179345	1.3748281465	0.8883953359	0.1999750031	0.5712245627	0.2249718785	0.642627633	0.3499562555	1.5703069236
bob_dylan.txt.tkzd.21.txt	59	0.2209737828	10	0.0374531835	41	0.1535580524	56	0.2097378277	23	0.0861423221	1	0.0037453184	7	0.0262172285	17	0.063670412	0	0	6	0.0224719101	0	0	0	0	5.8941058941	2.5641025641	1.4386734943	1.0533833244	0.2438429651	0.1785395465	0.4345936549	0.7320121407	1.7818339852	0.410640957	0.4115226337
bob_dylan.txt.tkzd.22.txt	71	0.2171253823	12	0.0366972477	34	0.1039755352	55	0.1681957187	47	0.1437308869	1	0.003058104	7	0.0214067278	20	0.0611620795	1	0.003058104	15	0.0458715596	0	0	0	0	5.9117402165	1.5103169538	2.0876212879	1.2906744228	0.3528374008	0.218142156	0.2552648373	0.6180694419	0.7232503723	0.8543901109	0.3498250875
bob_dylan.txt.tkzd.23.txt	69	0.2047477745	8	0.0237388724	47	0.1394658754	72	0.2136498516	30	0.0890207715	4	0.0118694362	16	0.0474777448	28	0.0830860534	0	0	7	0.0207715134	0	0	0	0	8.6142322097	2.2992335888	1.4677728143	0.95820025	0.1701765582	0.1110956812	0.2665778074	0.6526871268	1.5661446185	0.4166088043	0.5712245627
bob_dylan.txt.tkzd.24.txt	56	0.2105263158	2	0.007518797	38	0.1428571429	51	0.1917293233	29	0.1090225564	0	0	2	0.007518797	19	0.0714285714	3	0.0112781955	8	0.030075188	0	0	0	0	27.8606965174	1.9303688383	1.4732965009	1.0978239561	0.0526177322	0.0392079984	0.0689417442	0.7449519702	1.3098931403	0.5685159773	0.1052077854
bob_dylan.txt.tkzd.25.txt	96	0.1563517915	21	0.0342019544	139	0.2263843648	113	0.1840390879	25	0.0407166124	1	0.0016286645	35	0.0570032573	60	0.0977198697	1	0.0016286645	35	0.0570032573	0	0	0	0	4.5692527368	3.8384646142	0.6905977987	0.8494823467	0.1510682685	0.1858242633	0.8396641343	1.2299796478	5.5577768892	0.2212193611	0.5832361273
bob_dylan.txt.tkzd.26.txt	139	0.1957746479	36	0.0507042254	105	0.1478873239	93	0.1309859155	50	0.0704225352	18	0.0253521127	18	0.0253521127	79	0.1112676056	3	0.0042253521	59	0.0830985915	0	0	0	0	3.8600388781	2.7794441112	1.3236834587	1.494462961	0.3428244929	0.3870551554	0.7198560288	1.1289108698	2.099580084	0.5375766047	0.2278192634
bob_dylan.txt.tkzd.27.txt	54	0.1725239617	18	0.0575079872	61	0.1948881789	35	0.1118210863	18	0.0575079872	5	0.0159744409	9	0.0287539936	42	0.1341853035	1	0.0031948882	36	0.1150159744	0	0	0	0	2.9983342588	2.9983342588	0.8851008031	1.5424164524	0.295033601	0.5141388175	0.9994447529	1.7423593259	3.3870072182	0.5141388175	0.214234706
bob_dylan.txt.tkzd.28.txt	58	0.2156133829	12	0.0446096654	40	0.1486988848	45	0.1672862454	15	0.0557620818	1	0.0037174721	7	0.0260223048	21	0.0780669145	0	0	24	0.0892193309	0	0	0	0	4.8293089092	3.8640906063	1.4496375906	1.2886025328	0.2999250187	0.2666074206	0.799467022	0.8886914019	2.6648900733	0.3332592757	0.3331746787
bob_dylan.txt.tkzd.29.txt	153	0.1979301423	31	0.0401034929	150	0.1940491591	121	0.1565329884	49	0.063389392	5	0.0064683053	17	0.021992238	62	0.0802069858	1	0.0012936611	78	0.1009055627	1	0.0012936611	0	0	4.9338922928	3.1218118751	1.0199320045	1.2643583175	0.2066528898	0.2561771754	0.6325239747	1.2395669779	3.0605998776	0.4049252128	0.2741493308
bob_dylan.txt.tkzd.3.txt	43	0.2009345794	6	0.0280373832	45	0.2102803738	42	0.1962616822	11	0.0514018692	2	0.0093457944	5	0.023364486	14	0.0654205607	0	0	7	0.0327102804	1	0.0046728972	0	0	7.1547420965	3.9055404178	0.9553432571	1.0235658177	0.1333037103	0.1428231373	0.5449591281	1.0711735301	4.0871934605	0.2618424185	0.3568879372
bob_dylan.txt.tkzd.30.txt	95	0.2706552707	21	0.0598290598	39	0.1111111111	59	0.1680911681	28	0.0797720798	1	0.0028490028	9	0.0256410256	25	0.0712250712	0	0	12	0.0341880342	1	0.0028490028	0	0	4.5216563541	3.3916458408	2.4352730069	1.6098966277	0.5383235068	0.3558718861	0.7497322385	0.6609049314	1.3923598715	0.4744958482	0.3598560576
bob_dylan.txt.tkzd.31.txt	39	0.1848341232	6	0.028436019	43	0.2037914692	25	0.1184834123	13	0.0616113744	0	0	3	0.0142180095	24	0.1137440758	0	0	18	0.0853080569	2	0.009478673	0	0	6.4891846922	2.9976940815	0.9067658684	1.5593762495	0.1395024413	0.2399040384	0.4611837048	1.7193122751	3.3051498847	0.5197920832	0.1249479384
bob_dylan.txt.tkzd.32.txt	203	0.1929657795	47	0.0446768061	214	0.2034220532	95	0.0903041825	57	0.0541825095	9	0.0085551331	38	0.036121673	116	0.1102661597	5	0.0047528517	114	0.108365019	2	0.0019011407	0	0	4.3182301638	3.5607788107	0.9485538059	2.1366171982	0.2196159058	0.49468477	0.824416769	2.2523944848	3.7537274162	0.5999368488	0.3275579691
bob_dylan.txt.tkzd.33.txt	65	0.2249134948	14	0.0484429066	31	0.107266436	56	0.1937716263	24	0.0830449827	1	0.0034602076	7	0.0242214533	31	0.107266436	0	0	14	0.0484429066	1	0.0034602076	0	0	4.6395431834	2.7072053311	2.0960980329	1.1605070523	0.4514672686	0.2499553651	0.583090379	0.5534725942	1.2911286964	0.4284949116	0.2257336343
bob_dylan.txt.tkzd.34.txt	102	0.1761658031	24	0.0414507772	127	0.219343696	74	0.127806563	26	0.0449050086	6	0.0103626943	26	0.0449050086	59	0.1018998273	1	0.0017271157	43	0.0742659758	1	0.0017271157	0	0	4.2482299042	3.9215686275	0.8030863712	1.3781921362	0.1889614991	0.3242805026	0.92272203	1.7159843264	4.8827374087	0.3513038779	0.4406032876
bob_dylan.txt.tkzd.35.txt	48	0.2307692308	8	0.0384615385	36	0.1730769231	43	0.2067307692	8	0.0384615385	1	0.0048076923	4	0.0192307692	15	0.0721153846	0	0	11	0.0528846154	0	0	0	0	5.9925093633	5.9925093633	1.3329630658	1.1160195303	0.222160511	0.1860032551	0.9987515605	0.8370146478	4.4943820225	0.1860032551	0.2664890073
bob_dylan.txt.tkzd.36.txt	87	0.2042253521	21	0.0492957746	102	0.2394366197	23	0.0539906103	19	0.044600939	4	0.0093896714	4	0.0093896714	32	0.0751173709	0	0	41	0.0962441315	0	0	0	0	4.1408852927	4.5765386639	0.852857563	3.7809647979	0.2058621704	0.9126466754	1.1046817465	4.4328552803	5.3655970542	0.8257279444	0.1249609497
bob_dylan.txt.tkzd.37.txt	49	0.2279069767	5	0.023255814	37	0.1720930233	42	0.1953488372	9	0.0418604651	3	0.0139534884	3	0.0139534884	14	0.0651162791	0	0	15	0.0697674419	0	0	0	0	9.7804391218	5.4384017758	1.3239664955	1.166388955	0.135098622	0.1190192811	0.5549389567	0.8807426803	4.1065482797	0.214234706	0.2141327623
bob_dylan.txt.tkzd.38.txt	78	0.1964735516	4	0.0100755668	67	0.1687657431	51	0.1284634761	40	0.1007556675	2	0.0050377834	6	0.0151133501	30	0.0755667506	2	0.0050377834	35	0.0881612091	0	0	0	0	19.4513715711	1.9495126218	1.1640053723	1.5291119388	0.0596925832	0.0784159969	0.0999750062	1.3134679475	1.6745813547	0.7841599686	0.1999333555
bob_dylan.txt.tkzd.39.txt	34	0.1538461538	6	0.0271493213	62	0.2805429864	17	0.0769230769	8	0.036199095	0	0	7	0.0316742081	22	0.0995475113	1	0.0045248869	25	0.1131221719	0	0	0	0	5.6572379368	4.2446941323	0.5482986615	1.9988242211	0.0967585873	0.3527336861	0.7490636704	3.644914756	7.7403245943	0.4703115814	0.3180372558
bob_dylan.txt.tkzd.4.txt	88	0.1746031746	23	0.0456349206	119	0.2361111111	20	0.0396825397	14	0.0277777778	0	0	25	0.0496031746	83	0.1646825397	2	0.003968254	66	0.130952381	0	0	0	0	3.8244241634	6.2812276945	0.739433661	4.3978010995	0.1932610705	1.1494252874	1.6416845111	5.9470264868	8.4939329051	0.6996501749	0.3011685339
bob_dylan.txt.tkzd.40.txt	43	0.1885964912	11	0.048245614	45	0.1973684211	33	0.1447368421	13	0.0570175439	0	0	7	0.0307017544	14	0.0614035088	3	0.0131578947	16	0.0701754386	0	0	0	0	3.9055404178	3.3051498847	0.9553432571	1.302635565	0.2443901355	0.3332323538	0.8455034589	1.3632232657	3.4588777863	0.3938200545	0.4996431121
bob_dylan.txt.tkzd.41.txt	65	0.2124183007	5	0.0163398693	53	0.1732026144	45	0.1470588235	32	0.1045751634	2	0.0065359477	6	0.0196078431	16	0.0522875817	0	0	17	0.0555555556	2	0.0065359477	0	0	12.9740518962	2.0306154327	1.2261837389	1.4441235281	0.0943218261	0.1110864252	0.1562011871	1.1775161075	1.6557325836	0.7109531215	0.3747657714
bob_dylan.txt.tkzd.42.txt	184	0.1967914439	26	0.0278074866	177	0.1893048128	147	0.1572192513	54	0.0577540107	10	0.0106951872	22	0.0235294118	76	0.0812834225	4	0.0042780749	83	0.0887700535	0	0	0	0	7.0742022299	3.4067765229	1.0394892944	1.2516155364	0.1468843568	0.1768587171	0.4813923348	1.2039997279	3.2771708943	0.3673219509	0.2894356006
bob_dylan.txt.tkzd.43.txt	104	0.183745583	31	0.054770318	110	0.1943462898	72	0.1272084806	25	0.0441696113	0	0	12	0.0212014134	51	0.0901060071	1	0.0017667845	41	0.0724381625	5	0.0088339223	0	0	3.3537568526	4.1583366653	0.9453686029	1.444243855	0.2817925643	0.4304957645	1.2395041983	1.5275656159	4.3982407037	0.3471740036	0.2352479906
bob_dylan.txt.tkzd.44.txt	61	0.1431924883	31	0.0727699531	107	0.2511737089	32	0.0751173709	17	0.0399061033	1	0.0023474178	20	0.0469483568	56	0.1314553991	2	0.0046948357	48	0.1126760563	3	0.0070422535	0	0	1.9671073847	3.5861258084	0.5700401832	1.905654483	0.2896925521	0.9684473602	1.822457378	3.3427054046	6.2904174015	0.5310840362	0.357079093
bob_dylan.txt.tkzd.45.txt	157	0.1912302071	33	0.0401948843	172	0.209500609	91	0.1108404385	50	0.0609013398	2	0.0024360536	21	0.0255785627	91	0.1108404385	3	0.0036540804	47	0.0572472594	1	0.0012180268	0	0	4.7561345047	3.1393721256	0.9127376315	1.7250851555	0.1918493111	0.3625975168	0.6598680264	1.8899022086	3.4393121376	0.5493901769	0.2307438743
bob_dylan.txt.tkzd.46.txt	44	0.1810699588	5	0.0205761317	54	0.2222222222	36	0.1481481481	13	0.0534979424	1	0.0041152263	5	0.0205761317	22	0.0905349794	0	0	22	0.0905349794	1	0.0041152263	0	0	8.7824351297	3.3820138355	0.8146639511	1.2218828103	0.092575449	0.1388503194	0.384319754	1.499583449	4.1506533436	0.3610108303	0.2271694684
bob_dylan.txt.tkzd.47.txt	111	0.2246963563	18	0.036437247	71	0.1437246964	72	0.1457489879	40	0.0809716599	3	0.0060728745	8	0.016194332	43	0.0870445344	0	0	35	0.0708502024	0	0	0	0	6.163242643	2.7743064234	1.5631601183	1.541452576	0.2534854246	0.2499652826	0.4498875281	0.9859741703	1.7745563609	0.5554784058	0.1860032551
bob_dylan.txt.tkzd.48.txt	112	0.1577464789	19	0.0267605634	166	0.2338028169	67	0.0943661972	30	0.0422535211	7	0.0098591549	18	0.0253521127	73	0.1028169014	0	0	82	0.1154929577	1	0.0014084507	0	0	5.8916359811	3.7320893036	0.6746581531	1.6713923295	0.1144509367	0.2835397702	0.6331222926	2.4772422027	5.5314895035	0.447694374	0.2465415696
bob_dylan.txt.tkzd.49.txt	41	0.2240437158	5	0.0273224044	32	0.174863388	21	0.1147540984	17	0.0928961749	1	0.0054644809	3	0.0163934426	13	0.0710382514	0	0	15	0.0819672131	0	0	0	0	8.1836327345	2.4103468548	1.2808497345	1.9514516897	0.1562011871	0.2379819134	0.2939447384	1.5230842456	1.8812463257	0.8091385055	0.2305918524
bob_dylan.txt.tkzd.5.txt	111	0.1810766721	33	0.0538336052	104	0.1696574225	95	0.1549755302	34	0.0554649266	4	0.0065252855	13	0.0212071778	43	0.0701468189	19	0.030995106	33	0.0538336052	1	0.0016313214	0	0	3.3626173887	3.2637459571	1.0672050764	1.1682980739	0.3172771849	0.3473318598	0.9703028521	1.0946216188	3.05792414	0.3578570677	0.3022552895
bob_dylan.txt.tkzd.50.txt	57	0.2217898833	5	0.0194552529	29	0.1128404669	44	0.1712062257	17	0.0661478599	8	0.0311284047	7	0.0272373541	17	0.0661478599	2	0.0077821012	20	0.0778210117	0	0	0	0	11.377245509	3.3509700176	1.9648397104	1.2951601909	0.1723543606	0.1136105431	0.2939447384	0.6589411497	1.7048794827	0.3862758464	0.4115226337
bob_dylan.txt.tkzd.51.txt	125	0.2181500873	14	0.0244328098	88	0.1535776614	106	0.184991274	39	0.0680628272	3	0.0052356021	37	0.0645724258	23	0.0401396161	0	0	25	0.0436300175	1	0.0017452007	0	0	8.9221984297	3.2043065881	1.4202931485	1.179134044	0.1590728326	0.1320630129	0.3588823379	0.8301103669	2.255831838	0.3678898217	1.6079965233
bob_dylan.txt.tkzd.52.txt	58	0.2248062016	4	0.015503876	36	0.1395348837	47	0.1821705426	24	0.0930232558	1	0.003875969	8	0.0310077519	24	0.0930232558	0	0	16	0.0620155039	0	0	0	0	14.463840399	2.4156601416	1.6106637045	1.2337800468	0.1110802555	0.0850882791	0.1665972511	0.7657945118	1.4993752603	0.5105296745	0.3331945023
bob_dylan.txt.tkzd.53.txt	87	0.2037470726	16	0.037470726	89	0.2084309133	42	0.0983606557	26	0.0608899297	1	0.0023419204	10	0.0234192037	20	0.0468384075	11	0.0257611241	30	0.0702576112	1	0.0023419204	0	0	5.4341036852	3.3448673587	0.9774182676	2.0709354916	0.1797550837	0.3808616996	0.61514802	2.118543204	3.4217608612	0.6189002618	0.4997501249
bob_dylan.txt.tkzd.54.txt	68	0.1931818182	15	0.0426136364	59	0.1676136364	50	0.1420454545	31	0.0880681818	4	0.0113636364	18	0.0511363636	31	0.0880681818	1	0.0028409091	25	0.0710227273	2	0.0056818182	0	0	4.5303131246	2.192841019	1.1523470598	1.3597280544	0.2541942044	0.299940012	0.4837149307	1.1797640472	1.9026120606	0.6198760248	0.5804579168
bob_dylan.txt.tkzd.55.txt	139	0.1748427673	32	0.0402515723	184	0.2314465409	90	0.1132075472	43	0.0540880503	8	0.0100628931	24	0.0301886792	70	0.0880503145	3	0.0037735849	70	0.0880503145	0	0	0	0	4.3423930022	3.2318065566	0.7553937286	1.5442728586	0.1739035922	0.3555160538	0.7440130202	2.0442173092	4.2780748663	0.4777246973	0.3428081703
bob_dylan.txt.tkzd.56.txt	27	0.2061068702	6	0.0458015267	26	0.1984732824	15	0.1145038168	6	0.0458015267	1	0.0076335878	6	0.0458015267	10	0.0763358779	0	0	18	0.1374045802	1	0.0076335878	0	0	4.4925124792	4.4925124792	1.0380622837	1.7988007995	0.2306805075	0.399733511	0.9983361065	1.7321785476	4.3261231281	0.399733511	0.5994005994
bob_dylan.txt.tkzd.57.txt	39	0.2041884817	5	0.0261780105	26	0.1361256545	36	0.1884816754	11	0.057591623	0	0	5	0.0261780105	17	0.0890052356	2	0.0104712042	10	0.0523560209	0	0	0	0	7.7844311377	3.5422343324	1.4994232987	1.083032491	0.1922337562	0.1388503194	0.4541326067	0.7220216607	2.361489555	0.3054707026	0.2939447384
bob_dylan.txt.tkzd.58.txt	30	0.1829268293	10	0.0609756098	33	0.2012195122	24	0.1463414634	8	0.0487804878	0	0	10	0.0609756098	15	0.0914634146	0	0	10	0.0609756098	0	0	0	0	2.997002997	3.7453183521	0.9088155105	1.2494793836	0.3029385035	0.4164931279	1.2484394507	1.374427322	4.1198501873	0.3331945023	0.6662225183
bob_dylan.txt.tkzd.59.txt	28	0.1666666667	6	0.0357142857	36	0.2142857143	15	0.0892857143	12	0.0714285714	0	0	5	0.0297619048	12	0.0714285714	1	0.005952381	21	0.125	2	0.0119047619	0	0	4.6589018303	2.3313905079	0.7775617884	1.8654230513	0.1666203832	0.399733511	0.4995836803	2.398401066	2.9975020816	0.799467022	0.4163197336
bob_dylan.txt.tkzd.6.txt	78	0.225433526	6	0.0173410405	61	0.176300578	49	0.1416184971	20	0.0578034682	1	0.0028901734	13	0.0375722543	38	0.1098265896	0	0	26	0.0751445087	1	0.0028901734	0	0	12.9783693844	3.8980509745	1.2784789379	1.5915119363	0.0983445337	0.1224239951	0.299850075	1.2446439502	3.0484757621	0.4080799837	0.3420152591
bob_dylan.txt.tkzd.60.txt	135	0.1923076923	22	0.0313390313	140	0.1994301994	75	0.1068376068	51	0.0726495726	5	0.0071225071	21	0.0299145299	60	0.0854700855	5	0.0071225071	53	0.0754985755	2	0.0028490028	0	0	6.1335756474	2.6465398941	0.9642168417	1.799760032	0.1571316335	0.2932942274	0.4312879827	1.866417811	2.7445598902	0.6799093454	0.3499416764
bob_dylan.txt.tkzd.61.txt	38	0.2054054054	4	0.0216216216	37	0.2	21	0.1135135135	13	0.0702702703	0	0	6	0.0324324324	13	0.0702702703	1	0.0054054054	16	0.0864864865	0	0	0	0	9.4763092269	2.9208301307	1.0267495272	1.8086625417	0.1080788976	0.1903855307	0.3074558032	1.761066159	2.8439661799	0.6187529748	0.4611837048
bob_dylan.txt.tkzd.62.txt	44	0.2315789474	9	0.0473684211	26	0.1368421053	31	0.1631578947	20	0.1052631579	0	0	7	0.0368421053	13	0.0684210526	0	0	11	0.0578947368	0	0	0	0	4.8834628191	2.1989005497	1.691657055	1.41889713	0.3460207612	0.2902289584	0.4497751124	0.8384392132	1.2993503248	0.6449532409	0.5380476557
bob_dylan.txt.tkzd.63.txt	28	0.1707317073	7	0.0426829268	35	0.2134146341	23	0.1402439024	10	0.0609756098	2	0.012195122	8	0.0487804878	15	0.0914634146	0	0	8	0.0487804878	1	0.006097561	0	0	3.9942938659	2.7972027972	0.7997714939	1.2168622338	0.1999428735	0.3042155585	0.6993006993	1.5210777923	3.4965034965	0.4345936549	0.5329780147
bob_dylan.txt.tkzd.64.txt	22	0.1317365269	8	0.0479041916	45	0.2694610778	31	0.1856287425	7	0.0419161677	0	0	7	0.0419161677	16	0.0958083832	0	0	10	0.0598802395	0	0	0	0	2.7465667915	3.1383737518	0.4887802711	0.709448565	0.1777382804	0.2579812964	1.1412268188	1.451144792	6.4194008559	0.2257336343	0.4372267333
bob_dylan.txt.tkzd.65.txt	35	0.2302631579	6	0.0394736842	27	0.1776315789	19	0.125	9	0.0592105263	1	0.0065789474	5	0.0328947368	12	0.0789473684	1	0.0065789474	15	0.0986842105	0	0	0	0	5.8236272879	3.884572697	1.2958163643	1.8411362441	0.2221399482	0.3156233561	0.6659267481	1.4203051026	2.9966703663	0.4734350342	0.4163197336
bob_dylan.txt.tkzd.66.txt	21	0.1544117647	4	0.0294117647	36	0.2647058824	22	0.1617647059	2	0.0147058824	2	0.0147058824	0	0	20	0.1470588235	0	0	7	0.0514705882	0	0	0	0	5.2369077307	10.447761194	0.5831713413	0.9541117674	0.1110802555	0.1817355747	1.9900497512	1.6356201727	17.9104477612	0.0908677874	0
bob_dylan.txt.tkzd.67.txt	31	0.2605042017	5	0.0420168067	20	0.1680672269	18	0.1512605042	6	0.0504201681	1	0.0084033613	1	0.0084033613	6	0.0504201681	0	0	4	0.0336134454	0	0	0	0	6.1876247505	5.1580698835	1.5492253873	1.7212659634	0.2498750625	0.2776235425	0.8319467554	1.1104941699	3.3277870216	0.333148251	0.1663893511
bob_dylan.txt.tkzd.68.txt	41	0.2397660819	4	0.0233918129	16	0.0935672515	38	0.2222222222	18	0.1052631579	0	0	3	0.0175438596	15	0.0877192982	2	0.0116959064	11	0.0643274854	0	0	0	0	10.2244389027	2.2765130483	2.5608994379	1.0786635096	0.2498438476	0.1052354644	0.222098834	0.4209418574	0.8883953359	0.4735595896	0.1998667555
bob_dylan.txt.tkzd.69.txt	29	0.1768292683	6	0.0365853659	45	0.2743902439	19	0.1158536585	11	0.0670731707	1	0.006097561	2	0.012195122	13	0.0792682927	0	0	9	0.0548780488	0	0	0	0	4.8252911814	2.633969119	0.6443012664	1.525512888	0.1333037103	0.3156233561	0.5449591281	2.367175171	4.0871934605	0.5786428196	0.1537279016
bob_dylan.txt.tkzd.7.txt	160	0.2200825309	15	0.0206327373	114	0.1568088033	120	0.1650618982	43	0.0591471802	7	0.0096286107	17	0.0233837689	60	0.0825309491	3	0.0041265475	46	0.0632737276	3	0.0041265475	0	0	10.6595602931	3.7200651011	1.4033856679	1.3332222315	0.1315674064	0.1249895842	0.3487561032	0.9499208399	2.6505463846	0.3583034747	0.283286119
bob_dylan.txt.tkzd.70.txt	28	0.125	7	0.03125	57	0.2544642857	31	0.1383928571	19	0.0848214286	0	0	4	0.0178571429	18	0.0803571429	1	0.0044642857	11	0.0491071429	0	0	0	0	3.9942938659	1.4729089953	0.4911419049	0.9029345372	0.1227854762	0.2257336343	0.3682272488	1.8381167365	2.9984218832	0.6127055788	0.222098834
bob_dylan.txt.tkzd.71.txt	50	0.2392344498	15	0.0717703349	33	0.1578947368	28	0.1339712919	10	0.04784689	1	0.004784689	7	0.033492823	17	0.0813397129	4	0.019138756	16	0.0765550239	0	0	0	0	3.3311125916	4.995004995	1.5146925174	1.7850767583	0.4544077552	0.5355230275	1.4985014985	1.1781506605	3.2967032967	0.3570153517	0.4115226337
bob_dylan.txt.tkzd.72.txt	52	0.2666666667	13	0.0666666667	14	0.0717948718	40	0.2051282051	10	0.0512820513	0	0	2	0.0102564103	18	0.0923076923	0	0	13	0.0666666667	0	0	0	0	3.996925442	5.1948051948	3.7116345468	1.2996750812	0.9279086367	0.3249187703	1.2987012987	0.3499125219	1.3986013986	0.2499375156	0.111049417
bob_dylan.txt.tkzd.73.txt	26	0.1405405405	7	0.0378378378	51	0.2756756757	27	0.1459459459	8	0.0432432432	2	0.0108108108	3	0.0162162162	14	0.0756756757	0	0	6	0.0324324324	0	0	0	0	3.7089871612	3.2459425718	0.5097039796	0.9626064421	0.1372279945	0.2591632729	0.8739076155	1.8881895594	6.3670411985	0.2961865976	0.2141327623
bob_dylan.txt.tkzd.74.txt	44	0.22	8	0.04	31	0.155	35	0.175	18	0.09	4	0.02	3	0.015	19	0.095	0	0	12	0.06	1	0.005	0	0	5.493133583	2.4430871738	1.41889713	1.2567837761	0.2579812964	0.2285061411	0.444197668	0.8854612968	1.7212659634	0.5141388175	0.1578116781
bob_dylan.txt.tkzd.75.txt	43	0.2067307692	5	0.0240384615	18	0.0865384615	32	0.1538461538	27	0.1298076923	0	0	3	0.0144230769	37	0.1778846154	0	0	9	0.0432692308	0	0	0	0	8.5828343313	1.5920029619	2.3875624653	1.3433302093	0.2776235425	0.1562011871	0.1851166235	0.5623242737	0.6664198445	0.8434864105	0.0810591732
bob_dylan.txt.tkzd.76.txt	68	0.1878453039	18	0.0497237569	74	0.2044198895	31	0.0856353591	10	0.0276243094	7	0.0193370166	13	0.0359116022	28	0.0773480663	0	0	45	0.1243093923	3	0.0082872928	0	0	3.7756801777	6.7932067932	0.9187947575	2.192841019	0.243210377	0.5804579168	1.7982017982	2.3863269913	7.3926073926	0.3224766204	0.4641199572
bob_dylan.txt.tkzd.77.txt	29	0.1695906433	4	0.0233918129	41	0.2397660819	8	0.0467836257	18	0.1052631579	3	0.0175438596	4	0.0233918129	16	0.0935672515	0	0	17	0.0994152047	0	0	0	0	7.2319201995	1.6102165464	0.7071445989	3.620474407	0.0975371861	0.4993757803	0.222098834	5.1186017478	2.2765130483	2.2471910112	0.2498438476
bob_dylan.txt.tkzd.78.txt	45	0.2036199095	12	0.0542986425	30	0.1357466063	30	0.1357466063	17	0.0769230769	0	0	7	0.0316742081	18	0.0814479638	0	0	18	0.0814479638	0	0	0	0	3.746877602	2.6455026455	1.4995001666	1.4995001666	0.3998667111	0.3998667111	0.7054673721	0.9996667777	1.7636684303	0.5664778407	0.3886729595
bob_dylan.txt.tkzd.79.txt	40	0.1877934272	8	0.0375586854	52	0.2441314554	14	0.0657276995	10	0.0469483568	3	0.014084507	3	0.014084507	14	0.0657276995	1	0.0046948357	22	0.103286385	0	0	0	0	4.9937578028	3.996003996	0.7690828687	2.8551034975	0.1538165737	0.5710206995	0.7992007992	3.7116345468	5.1948051948	0.7137758744	0.2141327623
bob_dylan.txt.tkzd.8.txt	46	0.1389728097	25	0.0755287009	73	0.2205438066	32	0.0966767372	33	0.0996978852	1	0.003021148	7	0.0211480363	31	0.0936555891	0	0	17	0.0513595166	0	0	0	0	1.8392642943	1.393517116	0.630050678	1.4370509216	0.3424188467	0.7810059356	0.7573462587	2.2805373321	2.2114510754	1.0309278351	0.2257336343
bob_dylan.txt.tkzd.80.txt	34	0.1920903955	15	0.0847457627	34	0.1920903955	17	0.0960451977	9	0.0508474576	1	0.0056497175	5	0.0282485876	17	0.0960451977	1	0.0056497175	13	0.0734463277	0	0	0	0	2.2651565623	3.7735849057	0.9997059688	1.9988242211	0.441046751	0.8818342152	1.6648168701	1.9988242211	3.7735849057	0.5291005291	0.2939447384
bob_dylan.txt.tkzd.81.txt	26	0.1155555556	32	0.1422222222	48	0.2133333333	13	0.0577777778	17	0.0755555556	0	0	1	0.0044444444	27	0.12	1	0.0044444444	24	0.1066666667	0	0	0	0	0.8122461731	1.5285126396	0.5415538429	1.998462721	0.6665278067	2.4596464258	1.8812463257	3.6894696387	2.8218694885	1.3066871637	0.0370233247
bob_dylan.txt.tkzd.82.txt	27	0.1516853933	2	0.0112359551	47	0.2640449438	19	0.106741573	5	0.0280898876	0	0	3	0.0168539326	19	0.106741573	5	0.0280898876	16	0.0898876404	0	0	0	0	13.4328358209	5.3892215569	0.5743458839	1.4203051026	0.0425441395	0.1052077854	0.3992015968	2.4723829563	9.381237525	0.2630194634	0.1578116781
bob_dylan.txt.tkzd.83.txt	42	0.1721311475	26	0.106557377	41	0.1680327869	22	0.0901639344	11	0.0450819672	0	0	5	0.0204918033	16	0.0655737705	17	0.0696721311	15	0.0614754098	0	0	0	0	1.6147635525	3.8147138965	1.0241404536	1.9082235348	0.6339917093	1.1812812358	2.361489555	1.8627896411	3.7238873751	0.4997728305	0.3123048095
bob_dylan.txt.tkzd.84.txt	28	0.1958041958	3	0.020979021	22	0.1538461538	22	0.1538461538	6	0.041958042	0	0	3	0.020979021	22	0.1538461538	0	0	13	0.0909090909	1	0.006993007	0	0	9.3023255814	4.6589018303	1.2721490232	1.2721490232	0.1363016811	0.1363016811	0.4991680532	0.9995456611	3.6605657238	0.2726033621	0.1363016811
bob_dylan.txt.tkzd.85.txt	21	0.1206896552	8	0.0459770115	50	0.2873563218	5	0.0287356322	6	0.0344827586	2	0.0114942529	3	0.0172413793	24	0.1379310345	6	0.0344827586	23	0.132183908	1	0.0057471264	0	0	2.6217228464	3.4941763727	0.4199160168	4.1916167665	0.1599680064	1.5968063872	1.3311148087	9.9800399202	8.3194675541	1.1976047904	0.1249479384
bob_dylan.txt.tkzd.86.txt	2	0.0136054422	4	0.0272108844	60	0.4081632653	10	0.0680272109	5	0.0340136054	1	0.0068027211	7	0.0476190476	26	0.1768707483	0	0	7	0.0476190476	0	0	0	0	0.4987531172	0.3992015968	0.0333277787	0.1998001998	0.0666555574	0.3996003996	0.7984031936	5.994005994	11.9760479042	0.4995004995	0.2691272587
bob_dylan.txt.tkzd.87.txt	25	0.1953125	3	0.0234375	19	0.1484375	19	0.1484375	13	0.1015625	1	0.0078125	0	0	12	0.09375	1	0.0078125	7	0.0546875	1	0.0078125	0	0	8.3056478405	1.9215987702	1.3150973172	1.3150973172	0.1578116781	0.1578116781	0.2305918524	0.9994739611	1.4604150653	0.6838506049	0
bob_dylan.txt.tkzd.88.txt	26	0.1843971631	16	0.1134751773	33	0.2340425532	11	0.0780141844	4	0.0283687943	1	0.0070921986	0	0	15	0.1063829787	0	0	2	0.0141843972	0	0	0	0	1.6239850094	6.4837905237	0.7876401091	2.361489555	0.4847016056	1.4532243415	3.9900249377	2.9972752044	8.2294264339	0.3633060854	0
bob_dylan.txt.tkzd.89.txt	64	0.1734417344	13	0.0352303523	71	0.1924119241	42	0.1138211382	40	0.108401084	3	0.0081300813	4	0.0108401084	38	0.1029810298	7	0.0189701897	22	0.0596205962	3	0.0081300813	0	0	4.9192928517	1.5996001	0.9012815096	1.5234467984	0.1830728066	0.3094501309	0.3249187703	1.690073792	1.7745563609	0.952154249	0.1052354644
bob_dylan.txt.tkzd.9.txt	107	0.2708860759	10	0.0253164557	29	0.0734177215	71	0.1797468354	48	0.1215189873	0	0	17	0.0430379747	35	0.0886075949	1	0.0025316456	14	0.035443038	0	0	0	0	10.6893106893	2.2287023537	3.6883833161	1.5068300239	0.3447087211	0.1408252359	0.2082899396	0.4083931841	0.6040408248	0.6759611322	0.4855755498
bob_dylan.txt.tkzd.90.txt	16	0.1454545455	5	0.0454545455	26	0.2363636364	14	0.1272727273	10	0.0909090909	0	0	0	0	10	0.0909090909	2	0.0181818182	8	0.0727272727	0	0	0	0	3.1936127745	1.5984015984	0.61514802	1.142041399	0.1922337562	0.3568879372	0.4995004995	1.8558172734	2.5974025974	0.7137758744	0
bob_dylan.txt.tkzd.91.txt	39	0.1598360656	9	0.0368852459	38	0.1557377049	23	0.0942622951	23	0.0942622951	2	0.0081967213	9	0.0368852459	32	0.131147541	1	0.0040983607	28	0.1147540984	2	0.0081967213	0	0	4.3285238624	1.6949152542	1.0260457774	1.6949152542	0.2367797948	0.3911342894	0.3911342894	1.6514558887	1.6514558887	0.9995654063	0.2811621368
bob_dylan.txt.tkzd.92.txt	63	0.3014354067	7	0.033492823	23	0.1100478469	30	0.1435406699	19	0.0909090909	0	0	5	0.023923445	9	0.043062201	1	0.004784689	15	0.0717703349	1	0.004784689	0	0	8.9871611983	3.3140452394	2.7379400261	2.0993002333	0.3042155585	0.2332555815	0.3682272488	0.7664111963	1.2098895318	0.6331222926	0.5549389567
bob_dylan.txt.tkzd.93.txt	51	0.1598746082	14	0.0438871473	76	0.2382445141	33	0.1034482759	12	0.0376175549	2	0.0062695925	6	0.0188087774	36	0.1128526646	0	0	33	0.1034482759	1	0.0031347962	0	0	3.6402569593	4.2464612823	0.6709643468	1.5449863678	0.1841862913	0.4241139049	1.165695254	2.3023326265	6.32805995	0.3635262042	0.1666203832
bob_dylan.txt.tkzd.94.txt	28	0.1904761905	10	0.0680272109	18	0.1224489796	23	0.156462585	17	0.1156462585	1	0.0068027211	5	0.0340136054	11	0.074829932	0	0	8	0.0544217687	0	0	0	0	2.7972027972	1.646090535	1.5546918379	1.2168622338	0.555247085	0.4345936549	0.5878894768	0.7822685789	1.0582010582	0.7388092134	0.4541326067
bob_dylan.txt.tkzd.95.txt	43	0.1829787234	13	0.0553191489	45	0.1914893617	32	0.1361702128	12	0.0510638298	1	0.0042553191	10	0.0425531915	29	0.1234042553	1	0.0042553191	17	0.0723404255	1	0.0042553191	0	0	3.3051498847	3.5803497086	0.9553432571	1.3433302093	0.2888247056	0.4061230865	1.0824313072	1.4058106842	3.746877602	0.3748828491	0.3447087211
bob_dylan.txt.tkzd.96.txt	53	0.2896174863	22	0.1202185792	20	0.1092896175	16	0.087431694	15	0.0819672131	8	0.043715847	7	0.0382513661	4	0.0218579235	0	0	8	0.043715847	0	0	0	0	2.4079963653	3.5309793471	2.6486756622	3.3104309806	1.0994502749	1.3741411618	1.4656895403	1.249219238	1.3324450366	0.9369144285	1.7456359102
bob_dylan.txt.tkzd.97.txt	65	0.200617284	15	0.0462962963	53	0.1635802469	48	0.1481481481	17	0.0524691358	1	0.0030864198	11	0.0339506173	43	0.1327160494	3	0.0092592593	27	0.0833333333	1	0.0030864198	0	0	4.3304463691	3.8212815991	1.2261837389	1.3538846074	0.2829654782	0.3124349094	0.8818342152	1.1039366799	3.1158142269	0.3540928973	0.2557544757
bob_dylan.txt.tkzd.98.txt	47	0.2196261682	9	0.0420560748	25	0.1168224299	39	0.1822429907	10	0.046728972	2	0.0093457944	15	0.0700934579	20	0.0934579439	0	0	13	0.0607476636	0	0	0	0	5.2164261931	4.6953046953	1.8792483007	1.2048192771	0.3598560576	0.2307100743	0.8991008991	0.6408613176	2.4975024975	0.256344527	0.7496251874
bob_dylan.txt.tkzd.99.txt	23	0.1782945736	6	0.0465116279	30	0.2325581395	15	0.1162790698	3	0.023255814	0	0	4	0.0310077519	18	0.1395348837	0	0	9	0.0697674419	0	0	0	0	3.8269550749	7.6411960133	0.7664111963	1.5323117921	0.1999333555	0.399733511	1.9933554817	1.998667555	9.9667774086	0.1998667555	0.222098834
bob_marley.txt.tkzd.1.txt	43	0.2028301887	6	0.0283018868	9	0.0424528302	47	0.2216981132	34	0.1603773585	5	0.0235849057	6	0.0283018868	13	0.0613207547	0	0	5	0.0235849057	0	0	0	0	7.1547420965	1.2643340194	4.7724750278	0.9146990002	0.6659267481	0.1276324186	0.1764187004	0.191448628	0.2646280506	0.7232503723	0.4611837048
bob_marley.txt.tkzd.10.txt	44	0.1533101045	6	0.0209059233	86	0.2996515679	22	0.0766550523	15	0.0522648084	0	0	0	0	7	0.0243902439	0	0	40	0.1393728223	0	0	0	0	7.3211314476	2.9313790806	0.5115684223	1.9990913221	0.0697593303	0.2726033621	0.399733511	3.9073148569	5.7295136576	0.6815084053	0
bob_marley.txt.tkzd.11.txt	87	0.1428571429	7	0.0114942529	166	0.2725779967	77	0.1264367816	15	0.0246305419	12	0.0197044335	0	0	11	0.0180623974	3	0.0049261084	9	0.0147783251	0	0	0	0	12.4108416548	5.7961359094	0.5240648154	1.1297234125	0.0421661346	0.0908972861	0.4663557628	2.1555642124	11.0592938041	0.1947798987	0
bob_marley.txt.tkzd.12.txt	28	0.0777777778	17	0.0472222222	82	0.2277777778	62	0.1722222222	19	0.0527777778	2	0.0055555556	10	0.0277777778	37	0.1027777778	0	0	4	0.0111111111	1	0.0027777778	0	0	1.646090535	1.4729089953	0.3414217778	0.4515400742	0.2072917937	0.2741493308	0.8942661757	1.3223673601	4.3135192004	0.3064021932	0.270197244
bob_marley.txt.tkzd.13.txt	87	0.1564748201	31	0.0557553957	127	0.2284172662	42	0.0755395683	36	0.0647482014	0	0	9	0.0161870504	39	0.0701438849	4	0.0071942446	11	0.0197841727	1	0.0017985612	0	0	2.8055465979	2.4159955568	0.6849854342	2.0709354916	0.2440752697	0.737919543	0.86087198	3.0230897405	3.5267981116	0.8569388241	0.2307100743
bob_marley.txt.tkzd.14.txt	84	0.2301369863	22	0.0602739726	31	0.0849315068	46	0.1260273973	55	0.1506849315	0	0	4	0.0109589041	15	0.0410958904	0	0	35	0.095890411	0	0	0	0	3.8164470695	1.5269950918	2.7088036117	1.8256900674	0.709448565	0.4781569224	0.3999272859	0.6737665725	0.5635339029	1.195392306	0.2664890073
bob_marley.txt.tkzd.15.txt	121	0.2322456814	17	0.0326295585	102	0.1957773512	50	0.0959692898	30	0.0575815739	3	0.0057581574	3	0.0057581574	48	0.0921305182	0	0	20	0.0383877159	1	0.0019193858	0	0	7.113462669	4.0319893369	1.1861582198	2.4195160968	0.1666503284	0.3399320136	0.5664778407	2.0395920816	3.3988670443	0.599880024	0.0624869819
bob_marley.txt.tkzd.16.txt	90	0.1754385965	8	0.0155945419	104	0.2027290448	41	0.0799220273	28	0.0545808967	48	0.0935672515	6	0.0116959064	49	0.0955165692	0	0	25	0.0487329435	0	0	0	0	11.2359550562	3.2131381649	0.8653014133	2.1945866862	0.0769156812	0.1950743721	0.2856122813	2.5359668374	3.7129596573	0.6827603024	0.1224239951
bob_marley.txt.tkzd.17.txt	73	0.164785553	8	0.0180586907	91	0.2054176072	64	0.144469526	17	0.0383747178	1	0.0022573363	14	0.0316027088	23	0.0519187359	3	0.006772009	41	0.0925507901	0	0	0	0	9.11360799	4.2915931805	0.8021096583	1.1404468052	0.0879024283	0.1249804718	0.4703115814	1.4216528667	5.3497942387	0.2655835026	0.6084311169
bob_marley.txt.tkzd.18.txt	81	0.2563291139	7	0.0221518987	64	0.2025316456	29	0.0917721519	10	0.0316455696	1	0.003164557	15	0.0474683544	8	0.0253164557	1	0.003164557	27	0.085443038	0	0	0	0	11.5549215407	8.0919080919	1.265427277	2.7921406412	0.1093579128	0.2412961048	0.6993006993	2.2061358152	6.3936063936	0.3447087211	1.872659176
bob_marley.txt.tkzd.19.txt	54	0.2045454545	14	0.053030303	42	0.1590909091	34	0.1287878788	11	0.0416666667	0	0	3	0.0113636364	26	0.0984848485	0	0	21	0.0795454545	0	0	0	0	3.8543897216	4.9046321526	1.2854082361	1.5877683034	0.3332539871	0.4116436342	1.2715712988	1.2349309027	3.8147138965	0.323434284	0.1153402537
bob_marley.txt.tkzd.2.txt	78	0.1547619048	30	0.0595238095	116	0.2301587302	59	0.1170634921	40	0.0793650794	0	0	8	0.0158730159	19	0.0376984127	12	0.0238095238	22	0.0436507937	0	0	0	0	2.5991336221	1.9495126218	0.6723558314	1.3218098627	0.2585983967	0.5083884087	0.7498125469	1.9657685138	2.8992751812	0.6778512117	0.4208311415
bob_marley.txt.tkzd.20.txt	51	0.1795774648	9	0.0316901408	57	0.2007042254	41	0.1443661972	18	0.0633802817	2	0.0070422535	3	0.0105633803	8	0.0281690141	0	0	16	0.0563380282	0	0	0	0	5.6603773585	2.8317601333	0.8945798983	1.2435991222	0.1578670409	0.2194586686	0.4997223765	1.3899049012	3.1649083842	0.4389173372	0.3745318352
bob_marley.txt.tkzd.21.txt	40	0.126984127	9	0.0285714286	63	0.2	32	0.1015873016	36	0.1142857143	0	0	20	0.0634920635	29	0.0920634921	3	0.0095238095	14	0.0444444444	5	0.0158730159	0	0	4.4395116537	1.1108025549	0.6348198699	1.249609497	0.1428344707	0.2811621368	0.2499305748	1.9681349578	1.7495140239	1.1246485473	0.6894174423
bob_marley.txt.tkzd.22.txt	50	0.1930501931	10	0.0386100386	45	0.1737451737	51	0.1969111969	10	0.0386100386	2	0.0077220077	7	0.027027027	22	0.0849420849	0	0	4	0.0154440154	0	0	0	0	4.995004995	4.995004995	1.1108642524	0.9801999608	0.2221728505	0.1960399922	0.999000999	0.8821799647	4.4955044955	0.1960399922	0.3180372558
bob_marley.txt.tkzd.23.txt	40	0.1515151515	8	0.0303030303	74	0.2803030303	17	0.0643939394	14	0.053030303	1	0.0037878788	5	0.0189393939	14	0.053030303	0	0	18	0.0681818182	0	0	0	0	4.9937578028	2.8551034975	0.5404675044	2.3515579071	0.1080935009	0.4703115814	0.5710206995	4.3503821282	5.2819414704	0.8230452675	0.3568879372
bob_marley.txt.tkzd.24.txt	69	0.25	1	0.0036231884	32	0.115942029	33	0.1195652174	24	0.0869565217	0	0	1	0.0036231884	14	0.0507246377	0	0	18	0.0652173913	0	0	0	0	68.3168316832	2.8738025823	2.1555763824	2.090275674	0.0312402374	0.0302938503	0.0416493128	0.9694032111	1.3327780092	0.7270524084	0.0713775874
bob_marley.txt.tkzd.25.txt	42	0.14	10	0.0333333333	68	0.2266666667	27	0.09	13	0.0433333333	0	0	7	0.0233333333	33	0.11	2	0.0066666667	29	0.0966666667	0	0	0	0	4.1958041958	3.2282859339	0.6175562417	1.5549796372	0.1470372004	0.3702332469	0.7686395081	2.5175860792	5.2267486549	0.481303221	0.2120569524
bob_marley.txt.tkzd.26.txt	59	0.219330855	36	0.1338289963	31	0.1152416357	16	0.0594795539	22	0.0817843866	0	0	1	0.0037174721	19	0.0706319703	1	0.0037174721	35	0.1301115242	6	0.0223048327	0	0	1.6384337684	2.6805997274	1.9026120606	3.685196752	1.1609158336	2.2485946284	1.6356201727	1.9362898189	1.4084507042	1.3741411618	0.0526038927
bob_marley.txt.tkzd.27.txt	63	0.140625	15	0.0334821429	85	0.1897321429	46	0.1026785714	79	0.1763392857	0	0	14	0.03125	29	0.0647321429	2	0.0044642857	16	0.0357142857	0	0	0	0	4.1972018654	0.7973674218	0.7410892836	1.3692675505	0.1764498294	0.3260160835	0.1898493862	1.8474244729	1.0758131882	1.7170180396	0.4825922096
bob_marley.txt.tkzd.28.txt	34	0.136	13	0.052	68	0.272	25	0.1	4	0.016	2	0.008	3	0.012	11	0.044	0	0	27	0.108	0	0	0	0	2.6133743274	8.4788029925	0.4999264814	1.3594562175	0.1911483605	0.5197920832	3.2418952619	2.718912435	16.957605985	0.1599360256	0.272479564
bob_marley.txt.tkzd.29.txt	11	0.0309859155	3	0.0084507042	92	0.2591549296	24	0.0676056338	34	0.0957746479	0	0	6	0.0169014085	34	0.0957746479	0	0	64	0.1802816901	0	0	0	0	3.6544850498	0.323434284	0.1195522226	0.4581424407	0.0326051516	0.1249479384	0.0882093502	3.8317367763	2.7050867392	1.4160766347	0.1764187004
bob_marley.txt.tkzd.3.txt	30	0.1171875	25	0.09765625	68	0.265625	20	0.078125	15	0.05859375	0	0	1	0.00390625	24	0.09375	0	0	11	0.04296875	0	0	0	0	1.1995201919	1.998667555	0.4411116012	1.4992503748	0.367593001	1.2493753123	1.6655562958	3.3983008496	4.5303131246	0.7496251874	0.0416493128
bob_marley.txt.tkzd.30.txt	39	0.0701438849	13	0.023381295	220	0.3956834532	32	0.0575539568	21	0.0377697842	0	0	3	0.0053956835	49	0.0881294964	3	0.0053956835	9	0.0161870504	0	0	0	0	2.9976940815	1.8562589243	0.1772646698	1.2183692596	0.0590882233	0.4061230865	0.6187529748	6.8728522337	10.4712041885	0.6560449859	0.0612119976
bob_marley.txt.tkzd.31.txt	134	0.3004484305	6	0.0134529148	49	0.1098654709	77	0.1726457399	19	0.0426008969	0	0	7	0.0156950673	26	0.0582959641	0	0	18	0.0403587444	0	0	0	0	22.2961730449	7.0489216202	2.7341358906	1.7400337619	0.1224239951	0.0779119595	0.3156233561	0.6362810025	2.5775907417	0.246721205	0.2691272587
bob_marley.txt.tkzd.32.txt	164	0.2666666667	5	0.0081300813	61	0.0991869919	102	0.1658536585	57	0.0926829268	0	0	5	0.0081300813	58	0.0943089431	4	0.006504065	15	0.0243902439	2	0.0032520325	0	0	32.7345309381	2.8766883003	2.6880839207	1.607685521	0.0819537781	0.0490148025	0.0877039116	0.5979805901	1.0699877215	0.5587687482	0.0861920359
bob_marley.txt.tkzd.33.txt	47	0.1487341772	26	0.082278481	52	0.164556962	48	0.1518987342	17	0.0537974684	0	0	4	0.0126582278	17	0.0537974684	0	0	12	0.0379746835	0	0	0	0	1.8069973087	2.7630805409	0.9036723707	0.9789627161	0.4999038646	0.5415538429	1.5285126396	1.0831076859	3.0570252793	0.3540928973	0.2351557907
bob_marley.txt.tkzd.34.txt	72	0.2599277978	14	0.0505415162	42	0.1516245487	8	0.0288808664	12	0.0433212996	0	0	2	0.0072202166	26	0.0938628159	3	0.0108303249	26	0.0938628159	0	0	0	0	5.1391862955	5.9950041632	1.7138776482	8.9887640449	0.3332539871	1.747815231	1.165695254	5.2434456929	3.4970857619	1.4981273408	0.0768935025
bob_marley.txt.tkzd.35.txt	46	0.1415384615	15	0.0461538462	84	0.2584615385	17	0.0523076923	17	0.0523076923	0	0	15	0.0461538462	11	0.0338461538	21	0.0646153846	22	0.0676923077	3	0.0092307692	0	0	3.0646235843	2.7042915932	0.5475538626	2.7042915932	0.1785501726	0.8818342152	0.8818342152	4.9382716049	4.9382716049	0.9994121105	1.3623978202
bob_marley.txt.tkzd.36.txt	93	0.2390745501	13	0.0334190231	63	0.1619537275	55	0.1413881748	16	0.0411311054	0	0	10	0.0257069409	18	0.0462724936	0	0	36	0.0925449871	0	0	0	0	7.1483474251	5.8088694566	1.4759561974	1.6906017088	0.2063164577	0.236320669	0.8119925047	1.1452463189	3.9350405996	0.290856208	0.555247085
bob_marley.txt.tkzd.37.txt	111	0.2228915663	5	0.0100401606	78	0.156626506	99	0.1987951807	29	0.0582329317	0	0	2	0.0040160643	24	0.0481927711	0	0	27	0.0542168675	1	0.0020080321	0	0	22.1556886228	3.8262668046	1.4228945007	1.1210988789	0.0640943469	0.0504999495	0.1723543606	0.7877992122	2.6887280248	0.2928997071	0.0832986256
bob_marley.txt.tkzd.38.txt	102	0.3053892216	7	0.0209580838	33	0.0988023952	71	0.2125748503	22	0.0658682635	0	0	2	0.005988024	19	0.0568862275	0	0	8	0.0239520958	0	0	0	0	14.5506419401	4.6342571558	3.0899727355	1.436417406	0.2120569524	0.0985776651	0.3180372558	0.4647232784	1.4993184916	0.3098155189	0.1052077854
bob_marley.txt.tkzd.39.txt	60	0.1739130435	7	0.0202898551	67	0.1942028986	63	0.1826086957	17	0.0492753623	12	0.0347826087	0	0	16	0.0463768116	2	0.0057971014	12	0.0347826087	1	0.0028985507	0	0	8.5592011412	3.5273368607	0.8953887479	0.9522298048	0.1044620206	0.1110934772	0.4115226337	1.063323282	3.9388594944	0.2697984447	0
bob_marley.txt.tkzd.4.txt	56	0.2231075697	5	0.0199203187	37	0.1474103586	51	0.203187251	16	0.0637450199	0	0	1	0.0039840637	17	0.0677290837	0	0	5	0.0199203187	0	0	0	0	11.1776447106	3.4978138663	1.5131045663	1.0978239561	0.135098622	0.0980199961	0.3123048095	0.725347971	2.3110555903	0.3136639875	0.0587889477
bob_marley.txt.tkzd.40.txt	62	0.1422018349	32	0.0733944954	80	0.1834862385	51	0.1169724771	13	0.0298165138	0	0	19	0.0435779817	31	0.0711009174	0	0	57	0.130733945	0	0	0	0	1.9368947204	4.76556495	0.7749031371	1.2154479514	0.3999500062	0.6273279749	2.4596464258	1.5683199373	6.1491160646	0.2548519898	0.6127055788
bob_marley.txt.tkzd.41.txt	177	0.2964824121	11	0.0184254606	34	0.0569514238	83	0.1390284757	59	0.0988274707	11	0.0184254606	19	0.0318257956	24	0.040201005	0	0	13	0.0217755444	0	0	0	0	16.0762942779	2.9994916116	5.2043516613	2.1322732201	0.323434284	0.1325141549	0.1864090832	0.4095892061	0.5761735299	0.71075774	0.7913369429
bob_marley.txt.tkzd.42.txt	53	0.1709677419	12	0.0387096774	73	0.235483871	34	0.1096774194	14	0.0451612903	2	0.0064516129	13	0.0419354839	24	0.0774193548	0	0	14	0.0451612903	0	0	0	0	4.4129891757	3.7830121342	0.7259279551	1.5583651867	0.1643610464	0.3528374008	0.8565310493	2.1464275213	5.2105638829	0.4116436342	0.5414410662
bob_marley.txt.tkzd.5.txt	34	0.2098765432	2	0.012345679	24	0.1481481481	24	0.1481481481	10	0.0617283951	0	0	1	0.0061728395	1	0.0061728395	0	0	18	0.1111111111	0	0	0	0	16.9154228856	3.3966033966	1.4160766347	1.4160766347	0.0832986256	0.0832986256	0.1998001998	0.9995835069	2.3976023976	0.4164931279	0.9900990099
bob_marley.txt.tkzd.6.txt	45	0.2054794521	6	0.0273972603	43	0.196347032	18	0.0821917808	25	0.1141552511	2	0.0091324201	6	0.0273972603	14	0.0639269406	0	0	10	0.0456621005	0	0	0	0	7.4875207987	1.7992802879	1.0462683097	2.4986118823	0.1395024413	0.333148251	0.2399040384	2.3875624653	1.7193122751	1.3881177124	0.4282655246
bob_marley.txt.tkzd.7.txt	69	0.1943661972	10	0.0281690141	73	0.2056338028	46	0.1295774648	20	0.0563380282	0	0	2	0.0056338028	41	0.1154929577	0	0	18	0.0507042254	1	0.0028169014	0	0	6.8931068931	3.4482758621	0.945076017	1.4996739839	0.1369675387	0.2173440556	0.4997501249	1.5866116062	3.648175912	0.4346881113	0.048768593
bob_marley.txt.tkzd.8.txt	46	0.1406727829	33	0.1009174312	66	0.2018348624	33	0.1009174312	20	0.0611620795	1	0.003058104	9	0.0275229358	21	0.0642201835	1	0.003058104	31	0.0948012232	0	0	0	0	1.393517116	2.2988505747	0.6968641115	1.393517116	0.4999242539	0.9996970615	1.6491754123	1.999394123	3.2983508246	0.605877007	0.4283674441
bob_marley.txt.tkzd.9.txt	64	0.2191780822	18	0.0616438356	50	0.1712328767	36	0.1232876712	24	0.0821917808	3	0.0102739726	2	0.0068493151	18	0.0616438356	0	0	11	0.0376712329	0	0	0	0	3.5535813437	2.6655560183	1.2797440512	1.7772840878	0.3599280144	0.4998611497	0.7496876302	1.3885031936	2.0824656393	0.6664815329	0.111049417
fiona_apple.txt.tkzd.1.txt	103	0.2389791183	26	0.060324826	42	0.0974477958	73	0.1693735499	32	0.0742459397	4	0.0092807425	16	0.0371229698	32	0.0742459397	0	0	29	0.0672853828	3	0.0069605568	0	0	3.9600153787	3.2177444549	2.4517971911	1.4107656485	0.6189002618	0.3561156006	0.8122461731	0.5752636625	1.3120899719	0.4382961238	0.4998437988
fiona_apple.txt.tkzd.10.txt	69	0.2643678161	4	0.0153256705	34	0.1302681992	39	0.1494252874	26	0.0996168582	0	0	13	0.0498084291	14	0.0536398467	0	0	14	0.0536398467	2	0.0076628352	0	0	17.2069825436	2.6528258362	2.0288150544	1.7687772366	0.1176124669	0.1025378108	0.153787005	0.871571392	1.3071895425	0.6664957703	0.9279086367
fiona_apple.txt.tkzd.11.txt	77	0.2081081081	17	0.0459459459	61	0.1648648649	41	0.1108108108	30	0.0810810811	6	0.0162162162	11	0.0297297297	48	0.1297297297	0	0	27	0.072972973	0	0	0	0	4.5267489712	2.5658113962	1.2620881823	1.8775908315	0.2786428454	0.4145330407	0.5664778407	1.4874420873	2.0326557814	0.7315288954	0.2291189336
fiona_apple.txt.tkzd.12.txt	36	0.25	9	0.0625	18	0.125	17	0.1180555556	12	0.0833333333	0	0	4	0.0277777778	15	0.1041666667	1	0.0069444444	7	0.0486111111	0	0	0	0	3.9955604884	2.9975020816	1.9988895058	2.1164021164	0.4997223765	0.5291005291	0.7493755204	1.0582010582	1.4987510408	0.7054673721	0.2664890073
fiona_apple.txt.tkzd.13.txt	106	0.2476635514	11	0.0257009346	50	0.1168224299	73	0.1705607477	44	0.1028037383	1	0.0023364486	18	0.0420560748	24	0.0560747664	0	0	36	0.0841121495	0	0	0	0	9.6276112625	2.4085435128	2.1195760848	1.4518559102	0.2199560088	0.1506642926	0.2499431947	0.6848376935	1.1361054306	0.6026571703	0.7496876302
fiona_apple.txt.tkzd.14.txt	25	0.1412429379	9	0.0508474576	33	0.186440678	26	0.1468926554	5	0.0282485876	0	0	10	0.0564971751	26	0.1468926554	0	0	20	0.1129943503	2	0.011299435	0	0	2.7746947836	4.9900199601	0.7573462587	0.9611687812	0.2726446531	0.3460207612	1.7964071856	1.2687427912	6.5868263473	0.1922337562	0.3844675125
fiona_apple.txt.tkzd.15.txt	58	0.2056737589	11	0.0390070922	43	0.1524822695	62	0.219858156	20	0.0709219858	1	0.0035460993	6	0.0212765957	17	0.0602836879	0	0	12	0.0425531915	0	0	0	0	5.267938238	2.8985507246	1.3485235992	0.9353330108	0.2557544757	0.1773907434	0.5497251374	0.6934365425	2.1489255372	0.3225286244	0.3527336861
fiona_apple.txt.tkzd.16.txt	103	0.264781491	22	0.0565552699	44	0.1131105398	67	0.1722365039	17	0.0437017995	0	0	11	0.028277635	34	0.087403599	4	0.0102827763	34	0.087403599	1	0.0025706941	0	0	4.6796910495	6.0552616108	2.340377187	1.5370840173	0.4998863895	0.3283092076	1.2933568489	0.6566184152	2.5867136978	0.2536934786	0.323434284
fiona_apple.txt.tkzd.17.txt	62	0.2190812721	18	0.0636042403	41	0.1448763251	51	0.1802120141	12	0.0424028269	0	0	11	0.038869258	27	0.0954063604	0	0	9	0.0318021201	0	0	0	0	3.4425319267	5.1623646961	1.5118263838	1.2154479514	0.4389173372	0.3528719859	1.4987510408	0.8037639678	3.4138218152	0.2352479906	0.4072565716
fiona_apple.txt.tkzd.18.txt	46	0.247311828	13	0.0698924731	32	0.1720430108	25	0.1344086022	16	0.0860215054	0	0	3	0.0161290323	10	0.0537634409	0	0	10	0.0537634409	0	0	0	0	3.5357417371	2.8732042474	1.4370509216	1.8392642943	0.4061230865	0.5197920832	0.8119925047	1.2794882047	1.9987507808	0.6397441024	0.2997002997
fiona_apple.txt.tkzd.19.txt	101	0.2722371968	11	0.0296495957	45	0.1212938005	70	0.1886792453	33	0.0889487871	3	0.0080862534	14	0.0377358491	23	0.0619946092	0	0	21	0.0566037736	0	0	0	0	9.1734786558	3.0596788852	2.2439457898	1.4426510499	0.2443901355	0.1571204114	0.3332323538	0.6427653192	1.3632232657	0.4713612341	0.6084311169
fiona_apple.txt.tkzd.2.txt	69	0.2490974729	11	0.0397111913	25	0.0902527076	60	0.2166064982	28	0.1010830325	0	0	8	0.0288808664	13	0.0469314079	6	0.0216606498	11	0.0397111913	0	0	0	0	6.2670299728	2.4634059265	2.7588964414	1.1498083653	0.4398240704	0.1833027829	0.3927168868	0.4165972338	0.8925383792	0.4665889019	0.6149116065
fiona_apple.txt.tkzd.20.txt	40	0.1818181818	5	0.0227272727	52	0.2363636364	25	0.1136363636	11	0.05	1	0.0045454545	7	0.0318181818	21	0.0954545455	0	0	28	0.1272727273	2	0.0090909091	0	0	7.9840319361	3.6330608538	0.7690828687	1.5993602559	0.0961353586	0.199920032	0.4541326067	2.0791683327	4.7229791099	0.4398240704	0.3331746787
fiona_apple.txt.tkzd.21.txt	32	0.1509433962	5	0.0235849057	49	0.2311320755	31	0.1462264151	4	0.0188679245	0	0	13	0.0613207547	34	0.1603773585	0	0	19	0.0896226415	0	0	0	0	6.3872255489	7.9800498753	0.6529279739	1.0319251854	0.1020199959	0.1612383102	1.246882793	1.5801354402	12.2194513716	0.1289906482	0.3822405175
fiona_apple.txt.tkzd.22.txt	90	0.2493074792	8	0.0221606648	52	0.1440443213	43	0.1191135734	23	0.0637119114	5	0.0138504155	9	0.0249307479	29	0.08033241	0	0	34	0.0941828255	0	0	0	0	11.2359550562	3.9113428944	1.7304364545	2.0925366194	0.1538165737	0.1860032551	0.3476749239	1.2090211579	2.2598870057	0.5347593583	0.310237849
fiona_apple.txt.tkzd.23.txt	73	0.2943548387	7	0.0282258065	26	0.1048387097	55	0.2217741935	10	0.0403225806	0	0	6	0.0241935484	6	0.0241935484	1	0.0040322581	26	0.1048387097	1	0.0040322581	0	0	10.4136947218	7.2927072927	2.8066128412	1.3270314488	0.2691272587	0.127249591	0.6993006993	0.4726413379	2.5974025974	0.18178513	0.9983361065
fiona_apple.txt.tkzd.24.txt	46	0.1455696203	7	0.0221518987	65	0.2056962025	62	0.1962025316	17	0.0537974684	2	0.0063291139	6	0.0189873418	22	0.0696202532	0	0	17	0.0537974684	0	0	0	0	6.5620542083	2.7042915932	0.7075834487	0.7418158362	0.1076757422	0.1128850185	0.4115226337	1.0482180294	3.8212815991	0.2741493308	0.2726033621
fiona_apple.txt.tkzd.25.txt	67	0.2106918239	6	0.0188679245	55	0.1729559748	70	0.2201257862	19	0.0597484277	0	0	8	0.0251572327	22	0.0691823899	1	0.0031446541	10	0.0314465409	0	0	0	0	11.1480865225	3.5244608101	1.2179603708	0.957006142	0.109071078	0.0857020426	0.3156233561	0.7856020568	2.8932140978	0.2713898015	0.3634711495
fiona_apple.txt.tkzd.26.txt	49	0.1884615385	3	0.0115384615	34	0.1307692308	39	0.15	29	0.1115384615	1	0.0038461538	8	0.0307692308	32	0.1230769231	0	0	15	0.0576923077	0	0	0	0	16.2790697674	1.6890727335	1.4407527198	1.2560881825	0.0882093502	0.0769033581	0.1034126163	0.871571392	1.1720096518	0.7433991284	0.2499218994
fiona_apple.txt.tkzd.27.txt	104	0.2305986696	21	0.0465631929	68	0.1507760532	59	0.1308203991	37	0.0820399113	5	0.0110864745	19	0.0421286031	24	0.0532150776	0	0	30	0.066518847	0	0	0	0	4.9500237982	2.8100513375	1.5291868843	1.7624131503	0.3087781209	0.3558718861	0.5674142124	1.1523470598	1.8373412591	0.6270123708	0.7913369429
fiona_apple.txt.tkzd.28.txt	75	0.2717391304	7	0.0253623188	29	0.1050724638	45	0.1630434783	26	0.0942028986	1	0.0036231884	11	0.0398550725	12	0.0434782609	0	0	19	0.0688405797	0	0	0	0	10.6990014265	2.8835063437	2.5853154085	1.6662963786	0.2412961048	0.1555209953	0.2691272587	0.6443012664	1.1149557862	0.5776494112	0.9159034138
fiona_apple.txt.tkzd.29.txt	94	0.2175925926	19	0.0439814815	51	0.1180555556	74	0.1712962963	36	0.0833333333	3	0.0069444444	18	0.0416666667	44	0.1018518519	0	0	19	0.0439814815	0	0	0	0	4.9447659127	2.6103860039	1.8427759263	1.2700986353	0.3724759851	0.2567220646	0.5276312136	0.6890960681	1.4162732574	0.486420754	0.408997955
fiona_apple.txt.tkzd.3.txt	84	0.2053789731	14	0.0342298289	48	0.1173594132	69	0.1687041565	39	0.0953545232	0	0	14	0.0342298289	27	0.0660146699	2	0.0048899756	23	0.0562347188	0	0	0	0	5.9957173448	2.1532940272	1.7496354926	1.2172148964	0.2916059154	0.2028691494	0.3588823379	0.6955513694	1.2304537298	0.5651354876	0.5183265457
fiona_apple.txt.tkzd.30.txt	85	0.2733118971	9	0.0289389068	24	0.077170418	47	0.1511254019	31	0.0996784566	0	0	7	0.0225080386	43	0.1382636656	0	0	12	0.038585209	0	0	0	0	9.4339622642	2.7410512738	3.5401915868	1.8081259307	0.3748438151	0.191448628	0.2902289584	0.5105296745	0.7739438891	0.6594341629	0.1627528482
fiona_apple.txt.tkzd.31.txt	135	0.2772073922	6	0.0123203285	42	0.0862422998	79	0.1622176591	42	0.0862422998	10	0.0205338809	13	0.0266940452	41	0.0841889117	0	0	29	0.0595482546	1	0.0020533881	0	0	22.462562396	3.2135205903	3.2135205903	1.7086444754	0.1428231373	0.0759397545	0.1428231373	0.5315782812	0.9997619614	0.5315782812	0.3169958547
fiona_apple.txt.tkzd.32.txt	53	0.2145748988	4	0.016194332	33	0.1336032389	45	0.1821862348	15	0.0607287449	2	0.008097166	12	0.048582996	22	0.0890688259	0	0	21	0.0850202429	0	0	0	0	13.216957606	3.5309793471	1.6055740685	1.1775161075	0.1211754014	0.0888691402	0.2664890073	0.7331704066	2.1985343105	0.3332592757	0.5452067242
fiona_apple.txt.tkzd.4.txt	67	0.2445255474	12	0.0437956204	40	0.1459854015	35	0.1277372263	17	0.0620437956	0	0	6	0.0218978102	18	0.0656934307	2	0.0072992701	28	0.102189781	0	0	0	0	5.5786844296	3.9388594944	1.6745813547	1.9137389317	0.2999250187	0.3427592117	0.7054673721	1.1425307055	2.3515579071	0.4855755498	0.333148251
fiona_apple.txt.tkzd.5.txt	75	0.223880597	18	0.0537313433	46	0.1373134328	49	0.1462686567	37	0.1104477612	0	0	11	0.0328358209	16	0.047761194	1	0.0029850746	26	0.0776119403	0	0	0	0	4.1643531372	2.0264793299	1.6300804173	1.5302999388	0.3912193002	0.3672719853	0.4863550392	0.9385839625	1.2429073224	0.7549479698	0.6870705809
fiona_apple.txt.tkzd.6.txt	65	0.2145214521	23	0.0759075908	24	0.0792079208	61	0.201320132	22	0.0726072607	1	0.00330033	11	0.0363036304	26	0.0858085809	2	0.0066006601	15	0.0495049505	0	0	0	0	2.8248587571	2.9532030895	2.7072053311	1.0653991149	0.9579341941	0.3769873791	1.0449795548	0.3933781347	1.0904134484	0.3605966235	0.4229142637
fiona_apple.txt.tkzd.7.txt	96	0.2296650718	15	0.0358851675	44	0.1052631579	83	0.1985645933	35	0.0837320574	1	0.0023923445	14	0.033492823	36	0.0861244019	1	0.0023923445	27	0.0645933014	0	0	0	0	6.3957361759	2.7420736932	2.1813224267	1.1564871702	0.3408316292	0.1807011203	0.4284490146	0.5300566197	1.2567837761	0.4216359475	0.3887808942
fiona_apple.txt.tkzd.8.txt	56	0.2314049587	15	0.0619834711	29	0.1198347107	46	0.1900826446	19	0.0785123967	0	0	7	0.0289256198	21	0.0867768595	0	0	15	0.0619834711	0	0	0	0	3.7308461026	2.9458179905	1.9303688383	1.2171267116	0.5170630817	0.3260160835	0.7890583903	0.6302977614	1.525512888	0.4129537057	0.3331746787
fiona_apple.txt.tkzd.9.txt	64	0.1688654354	37	0.0976253298	74	0.1952506596	56	0.1477572559	22	0.0580474934	7	0.018469657	10	0.0263852243	15	0.0395778364	0	0	14	0.036939314	0	0	0	0	1.7292623615	2.9077691958	0.864748007	1.1426530977	0.4999324416	0.6605963221	1.6810540663	1.3211926442	3.3621081327	0.3927870023	0.6662225183
mike_ness.txt.tkzd.1.txt	38	0.1371841155	6	0.0216606498	65	0.2346570397	33	0.119133574	16	0.0577617329	1	0.0036101083	13	0.0469314079	42	0.1516245487	0	0	19	0.0685920578	0	0	0	0	6.3227953411	2.3735165522	0.5845254576	1.1511663132	0.0922934933	0.1817631021	0.3747657714	1.9691002726	4.0599625234	0.4847016056	0.3094501309
mike_ness.txt.tkzd.10.txt	50	0.2032520325	8	0.0325203252	40	0.162601626	40	0.162601626	13	0.0528455285	3	0.012195122	8	0.0325203252	25	0.1016260163	2	0.0081300813	24	0.0975609756	0	0	0	0	6.2421972534	3.8431975404	1.2496875781	1.2496875781	0.1999500125	0.1999500125	0.6149116065	0.9997500625	3.0745580323	0.3249187703	0.3198720512
mike_ness.txt.tkzd.11.txt	73	0.2491467577	14	0.04778157	47	0.1604095563	41	0.1399317406	26	0.0887372014	2	0.0068259386	4	0.0136518771	24	0.0819112628	0	0	17	0.0580204778	2	0.0068259386	0	0	5.2105638829	2.8066128412	1.5528610934	1.7800536455	0.2978089768	0.3413801512	0.5382545175	1.1460619361	1.8069973087	0.6339917093	0.1665972511
mike_ness.txt.tkzd.12.txt	56	0.1573033708	7	0.0196629213	102	0.2865168539	36	0.1011235955	23	0.0646067416	1	0.0028089888	10	0.0280898876	24	0.0674157303	0	0	35	0.0983146067	0	0	0	0	7.9885877318	2.4337244676	0.5489657877	1.5551235768	0.0686207235	0.1943904471	0.3042155585	2.8325465149	4.4328552803	0.638711469	0.4164931279
mike_ness.txt.tkzd.13.txt	86	0.2590361446	7	0.0210843373	38	0.1144578313	39	0.1174698795	36	0.1084337349	4	0.0120481928	4	0.0120481928	11	0.0331325301	1	0.0030120482	24	0.0722891566	0	0	0	0	12.2681883024	2.3882254929	2.2625624836	2.2045629326	0.1841620626	0.1794411689	0.1943904471	0.9741092028	1.0552624271	0.9228402974	0.3633060854
mike_ness.txt.tkzd.14.txt	78	0.2626262626	10	0.0336700337	53	0.1784511785	27	0.0909090909	15	0.0505050505	0	0	19	0.063973064	8	0.0269360269	7	0.0235690236	32	0.1077441077	5	0.0168350168	0	0	7.7922077922	5.1965356429	1.4714204867	2.8878193262	0.1886436521	0.3702332469	0.6662225183	1.9622362088	3.5309793471	0.5553498704	2.3720349563
mike_ness.txt.tkzd.15.txt	64	0.2601626016	6	0.0243902439	38	0.1544715447	42	0.1707317073	10	0.0406504065	1	0.0040650407	5	0.0203252033	26	0.1056910569	1	0.0040650407	13	0.0528455285	0	0	0	0	10.6489184692	6.3936063936	1.6837674296	1.5234467984	0.1578531965	0.1428231373	0.5994005994	0.9045465365	3.7962037962	0.2380385622	0.1922337562
mike_ness.txt.tkzd.16.txt	49	0.2322274882	5	0.0236966825	40	0.1895734597	34	0.1611374408	10	0.0473933649	1	0.0047393365	8	0.0379146919	15	0.0710900474	0	0	4	0.018957346	0	0	0	0	9.7804391218	4.8951048951	1.2246938265	1.4407527198	0.1249687578	0.1470155837	0.4995004995	1.1761246692	3.996003996	0.2940311673	0.5329780147
mike_ness.txt.tkzd.17.txt	78	0.199488491	9	0.0230179028	51	0.1304347826	59	0.1508951407	53	0.1355498721	4	0.010230179	15	0.0383631714	33	0.084398977	0	0	18	0.0460358056	3	0.0076726343	0	0	8.6570477248	1.4714204867	1.5291119388	1.3218098627	0.1764359929	0.1525165226	0.1697792869	0.8642602949	0.9620826259	0.8981528554	0.4544077552
mike_ness.txt.tkzd.18.txt	17	0.100591716	4	0.0236686391	17	0.100591716	17	0.100591716	63	0.3727810651	0	0	4	0.0236686391	7	0.0414201183	1	0.0059171598	4	0.0236686391	0	0	0	0	4.2394014963	0.2697984447	0.9994121105	0.9994121105	0.2351557907	0.2351557907	0.063481987	0.9994121105	0.2697984447	3.7037037037	0.5706134094
mike_ness.txt.tkzd.19.txt	83	0.2871972318	4	0.0138408304	25	0.0865051903	79	0.2733564014	15	0.0519031142	0	0	10	0.0346020761	12	0.0415224913	3	0.0103806228	1	0.0034602076	0	0	0	0	20.6982543641	5.5296469021	3.318672531	1.0504999367	0.1599360256	0.050626503	0.2664890073	0.3164156436	1.6655562958	0.1898493862	0.8326394671
mike_ness.txt.tkzd.2.txt	56	0.1944444444	17	0.0590277778	52	0.1805555556	45	0.15625	18	0.0625	1	0.0034722222	12	0.0416666667	15	0.0520833333	0	0	31	0.1076388889	0	0	0	0	3.29218107	3.1093836757	1.0767160162	1.2441679627	0.3268602192	0.3776938458	0.9439200444	1.1552988225	2.8872848418	0.3999111309	0.799467022
mike_ness.txt.tkzd.20.txt	60	0.1904761905	12	0.0380952381	54	0.1714285714	42	0.1333333333	36	0.1142857143	1	0.0031746032	16	0.0507936508	23	0.073015873	1	0.0031746032	22	0.0698412698	1	0.0031746032	0	0	4.9958368027	1.6662038323	1.1109053879	1.4282313735	0.2221810776	0.2856462747	0.3332407665	1.2854082361	1.499583449	0.8569388241	0.6953498479
mike_ness.txt.tkzd.21.txt	27	0.1516853933	18	0.1011235955	45	0.2528089888	14	0.0786516854	8	0.0449438202	0	0	1	0.0056179775	11	0.0617977528	0	0	11	0.0617977528	0	0	0	0	1.4991671294	3.3707865169	0.5998666963	1.9271948608	0.3999111309	1.2847965739	2.2471910112	3.2119914347	5.6179775281	0.5710206995	0.0908265213
mike_ness.txt.tkzd.22.txt	73	0.2033426184	10	0.0278551532	58	0.1615598886	32	0.0891364903	39	0.1086350975	19	0.0529247911	23	0.0640668524	10	0.0278551532	0	0	24	0.0668523677	2	0.0055710306	0	0	7.2927072927	1.8713150474	1.2584037235	2.2805373321	0.1723840717	0.3124023743	0.256344527	1.8119337707	1.4867982569	1.2183692596	2.2977022977
mike_ness.txt.tkzd.23.txt	109	0.3597359736	5	0.0165016502	30	0.099009901	51	0.1683168317	17	0.0561056106	2	0.0066006601	14	0.0462046205	12	0.0396039604	1	0.00330033	12	0.0396039604	0	0	0	0	21.7564870259	6.4079952969	3.6321226258	2.1368359145	0.1666111296	0.0980199961	0.2939447384	0.5881199765	1.7636684303	0.3332679867	1.165695254
mike_ness.txt.tkzd.24.txt	69	0.1949152542	9	0.0254237288	71	0.2005649718	59	0.1666666667	22	0.0621468927	1	0.0028248588	4	0.011299435	12	0.0338983051	1	0.0028248588	39	0.1101694915	0	0	0	0	7.6581576027	3.1349386642	0.9716941276	1.1692933401	0.1267427123	0.1525165226	0.4089050432	1.2031859007	3.2258064516	0.3728181664	0.3330557868
mike_ness.txt.tkzd.25.txt	27	0.2142857143	0	0	21	0.1666666667	21	0.1666666667	4	0.0317460317	0	0	6	0.0476190476	10	0.0793650794	0	0	8	0.0634920635	2	0.0158730159	0	0	2700	6.7331670823	1.2851023322	1.2851023322	0	0	0	0.9995240362	5.2369077307	0.1903855307	0.5994005994
mike_ness.txt.tkzd.26.txt	25	0.1700680272	4	0.0272108844	51	0.3469387755	12	0.0816326531	3	0.0204081633	0	0	2	0.0136054422	9	0.0612244898	0	0	11	0.074829932	0	0	0	0	6.2344139651	8.3056478405	0.4900999804	2.0815986678	0.0784159969	0.3330557868	1.3289036545	4.2464612823	16.9435215947	0.2497918401	0.2219755827
mike_ness.txt.tkzd.27.txt	49	0.1842105263	15	0.0563909774	49	0.1842105263	32	0.1203007519	21	0.0789473684	0	0	5	0.0187969925	27	0.1015037594	1	0.0037593985	17	0.0639097744	0	0	0	0	3.2644903398	2.3322227511	0.99979596	1.5307716339	0.3060599878	0.4686035614	0.7139457401	1.5307716339	2.3322227511	0.6560449859	0.1851166235
mike_ness.txt.tkzd.28.txt	44	0.1506849315	38	0.1301369863	53	0.1815068493	34	0.1164383562	14	0.0479452055	2	0.0068493151	6	0.0205479452	10	0.0342465753	1	0.0034246575	15	0.051369863	1	0.0034246575	0	0	1.1575901079	3.1406138473	0.8300320694	1.2937371361	0.7168458781	1.1173184358	2.7123483226	1.5583651867	3.7830121342	0.4116436342	0.5994005994
mike_ness.txt.tkzd.29.txt	73	0.2198795181	23	0.0692771084	54	0.1626506024	47	0.1415662651	25	0.0753012048	1	0.0030120482	7	0.0210843373	17	0.0512048193	2	0.0060240964	25	0.0753012048	0	0	0	0	3.172533681	2.918832467	1.3516015553	1.5528610934	0.4258470654	0.4892576048	0.9196321471	1.1486917677	2.1591363455	0.5318017443	0.4115226337
mike_ness.txt.tkzd.3.txt	69	0.1796875	28	0.0729166667	58	0.1510416667	35	0.0911458333	26	0.0677083333	2	0.0052083333	10	0.0260416667	35	0.0911458333	0	0	44	0.1145833333	4	0.0104166667	0	0	2.4634059265	2.6528258362	1.1894500948	1.970865467	0.4826754008	0.7997714939	1.076509035	1.656669523	2.2299115725	0.7426449586	0.2856326764
mike_ness.txt.tkzd.30.txt	86	0.263803681	4	0.0122699387	45	0.1380368098	59	0.1809815951	26	0.0797546012	0	0	7	0.0214723926	22	0.0674846626	0	0	13	0.0398773006	0	0	0	0	21.4463840399	3.3064206075	1.9106865141	1.4573801051	0.0888691402	0.0677851212	0.153787005	0.7625826131	1.7301038062	0.4406032876	0.3180372558
mike_ness.txt.tkzd.31.txt	46	0.2323232323	3	0.0151515152	34	0.1717171717	35	0.1767676768	15	0.0757575758	0	0	1	0.0050505051	14	0.0707070707	1	0.0050505051	11	0.0555555556	0	0	0	0	15.2823920266	3.0646235843	1.3525433696	1.3139103113	0.0882093502	0.0856898029	0.1998667555	0.9711510997	2.2651565623	0.4284490146	0.0713775874
mike_ness.txt.tkzd.32.txt	55	0.2391304348	8	0.0347826087	31	0.1347826087	30	0.1304347826	19	0.0826086957	0	0	5	0.0217391304	28	0.1217391304	1	0.0043478261	13	0.0565217391	0	0	0	0	6.8664169788	2.8932140978	1.7736214125	1.8327224259	0.2579812964	0.2665778074	0.4208311415	1.0329890037	1.6307206733	0.6331222926	0.1785076758
mike_ness.txt.tkzd.33.txt	70	0.2258064516	15	0.0483870968	10	0.0322580645	61	0.1967741935	72	0.2322580645	3	0.0096774194	26	0.0838709677	5	0.0161290323	1	0.0032258065	4	0.0129032258	0	0	0	0	4.6635576283	0.9720872101	6.993006993	1.147352893	1.4985014985	0.2458613342	0.2083044022	0.1639075561	0.1388696014	1.1801344042	5.1896207585
mike_ness.txt.tkzd.34.txt	35	0.1411290323	18	0.0725806452	59	0.2379032258	24	0.0967741935	22	0.0887096774	3	0.0120967742	3	0.0120967742	12	0.0483870968	6	0.0241935484	20	0.0806451613	1	0.0040322581	0	0	1.9433647973	1.590186279	0.5931198102	1.4577259475	0.3050330452	0.7496876302	0.8178100863	2.4573094544	2.6805997274	0.9162848813	0.2497918401
mike_ness.txt.tkzd.35.txt	60	0.2290076336	10	0.0381679389	48	0.1832061069	27	0.1030534351	12	0.0458015267	0	0	7	0.0267175573	31	0.1183206107	2	0.0076335878	9	0.034351145	0	0	0	0	5.994005994	4.9958368027	1.2497396376	2.2213994817	0.2082899396	0.3702332469	0.8326394671	1.7771195853	3.9966694421	0.4442798963	0.2257336343
mike_ness.txt.tkzd.36.txt	81	0.2137203166	31	0.0817941953	47	0.1240105541	80	0.2110817942	25	0.0659630607	4	0.0105540897	9	0.0237467018	20	0.0527704485	1	0.0026385224	13	0.0343007916	0	0	0	0	2.6120606256	3.2387045182	1.7230376516	1.0123734533	0.6594341629	0.3874515686	1.2395041983	0.5874265717	1.8792483007	0.3124609424	0.4497751124
mike_ness.txt.tkzd.37.txt	53	0.2007575758	5	0.0189393939	47	0.178030303	36	0.1363636364	16	0.0606060606	0	0	13	0.0492424242	33	0.125	0	0	30	0.1136363636	0	0	0	0	10.5788423154	3.3104309806	1.1274196979	1.4718133852	0.1063603489	0.1388503194	0.3123048095	1.3051930019	2.9356652092	0.4443210219	0.3938200545
mike_ness.txt.tkzd.38.txt	60	0.2173913043	12	0.0434782609	41	0.1485507246	33	0.1195652174	23	0.0833333333	7	0.0253623188	11	0.0398550725	20	0.0724637681	0	0	24	0.0869565217	5	0.018115942	0	0	4.9958368027	2.6075619296	1.4630577908	1.8176310209	0.2926115582	0.3635262042	0.5215123859	1.2420478643	1.7818339852	0.696758558	0.5497251374
mike_ness.txt.tkzd.39.txt	69	0.247311828	9	0.0322580645	52	0.1863799283	34	0.1218637993	30	0.1075268817	0	0	2	0.0071684588	12	0.0430107527	0	0	21	0.0752688172	0	0	0	0	7.6581576027	2.2992335888	1.3266679485	2.0288150544	0.1730436455	0.2646280506	0.2999000333	1.52896207	1.7327557481	0.8820935019	0.1665278934
mike_ness.txt.tkzd.4.txt	56	0.1818181818	11	0.0357142857	51	0.1655844156	40	0.1298701299	46	0.1493506494	3	0.0097402597	4	0.012987013	26	0.0844155844	0	0	16	0.0519480519	1	0.0032467532	0	0	5.0862851953	1.2171267116	1.0978239561	1.3996500875	0.2156439914	0.2749312672	0.2390784612	1.2746813297	1.1084546838	1.1497125719	0.153787005
mike_ness.txt.tkzd.40.txt	46	0.2169811321	11	0.0518867925	25	0.1179245283	29	0.1367924528	23	0.108490566	1	0.0047169811	5	0.0235849057	25	0.1179245283	1	0.0047169811	12	0.0566037736	4	0.0188679245	0	0	4.1780199818	1.9991308127	1.8392642943	1.5856601172	0.4398240704	0.3791795932	0.4780530204	0.8617718028	1.0864841373	0.7928300586	0.199920032
mike_ness.txt.tkzd.41.txt	61	0.1942675159	19	0.0605095541	42	0.1337579618	42	0.1337579618	31	0.0987261146	0	0	15	0.0477707006	28	0.0891719745	1	0.0031847134	13	0.0414012739	1	0.0031847134	0	0	3.208837454	1.9671073847	1.4520352297	1.4520352297	0.4522732683	0.4522732683	0.6127055788	0.9997619614	1.3544018059	0.737919543	0.5355230275
mike_ness.txt.tkzd.42.txt	36	0.1487603306	5	0.020661157	33	0.1363636364	40	0.1652892562	28	0.1157024793	5	0.020661157	4	0.0165289256	33	0.1363636364	0	0	21	0.0867768595	0	0	0	0	7.1856287425	1.285255266	1.0905786125	0.8997750562	0.1514692517	0.1249687578	0.1785076758	0.8247938016	1.1781506605	0.6998250437	0.1211754014
mike_ness.txt.tkzd.43.txt	64	0.1910447761	15	0.0447761194	78	0.2328358209	23	0.0686567164	26	0.0776119403	7	0.0208955224	10	0.0298507463	13	0.0388059701	0	0	43	0.128358209	1	0.0029850746	0	0	4.2638241173	2.46059208	0.82040764	2.7813993916	0.1922830406	0.6518904824	0.5767012687	3.3898305085	2.9988465975	1.1299435028	0.7686395081
mike_ness.txt.tkzd.5.txt	79	0.2430769231	5	0.0153846154	47	0.1446153846	52	0.16	30	0.0923076923	1	0.0030769231	11	0.0338461538	21	0.0646153846	0	0	18	0.0553846154	2	0.0061538462	0	0	15.7684630739	2.6324558481	1.680493512	1.5189386656	0.1063603489	0.0961353586	0.1666111296	0.9036723707	1.5661446185	0.5768121515	0.5235602094
mike_ness.txt.tkzd.6.txt	122	0.2479674797	3	0.006097561	31	0.0630081301	121	0.2459349594	58	0.1178861789	0	0	1	0.0020325203	61	0.1239837398	0	0	18	0.0365853659	1	0.0020325203	0	0	40.5315614618	2.1030856749	3.9342147694	1.0081811421	0.0967429861	0.0247913396	0.0517152215	0.2561771754	0.5343906223	0.4792992315	0.0163907556
mike_ness.txt.tkzd.7.txt	68	0.1982507289	15	0.0437317784	53	0.1545189504	51	0.1486880466	30	0.0874635569	2	0.0058309038	19	0.055393586	19	0.055393586	1	0.0029154519	27	0.0787172012	0	0	0	0	4.5303131246	2.2659113629	1.2827768346	1.3330719467	0.2829654782	0.2940599882	0.4998333889	1.0390119584	1.766077974	0.5881199765	0.9994739611
mike_ness.txt.tkzd.8.txt	68	0.2214983713	7	0.0228013029	66	0.2149837134	28	0.0912052117	34	0.1107491857	0	0	11	0.0358306189	26	0.0846905537	0	0	23	0.0749185668	0	0	0	0	9.7004279601	1.9994119377	1.0301469474	2.4277043913	0.1060445387	0.2499107462	0.2058218171	2.356301321	1.9406057042	1.2138521956	0.4229142637
mike_ness.txt.tkzd.9.txt	18	0.0845070423	8	0.0375586854	68	0.3192488263	14	0.0657276995	11	0.0516431925	1	0.0046948357	8	0.0375586854	22	0.103286385	2	0.0093896714	24	0.1126760563	0	0	0	0	2.2471910112	1.6348773842	0.2646669607	1.2847965739	0.1176297603	0.5710206995	0.7266121708	4.8536759458	6.1762034514	0.7851534618	0.3634711495
trent_reznor.txt.tkzd.1.txt	33	0.1633663366	16	0.0792079208	39	0.1930693069	26	0.1287128713	17	0.0841584158	2	0.0099009901	3	0.0148514851	13	0.0643564356	3	0.0148514851	13	0.0643564356	4	0.0198019802	0	0	2.0612117427	1.9400352734	0.8459369392	1.2687427912	0.4101512433	0.61514802	0.9406231628	1.4994232987	2.2927689594	0.6535947712	0.2305918524
trent_reznor.txt.tkzd.10.txt	74	0.2857142857	5	0.0193050193	28	0.1081081081	60	0.2316602317	13	0.0501930502	2	0.0077220077	2	0.0077220077	24	0.0926640927	0	0	12	0.0463320463	0	0	0	0	14.7704590818	5.6879323597	2.6419136023	1.233127812	0.1785076758	0.0833194468	0.384319754	0.4665889019	2.1521906226	0.2166305616	0.0832986256
trent_reznor.txt.tkzd.11.txt	72	0.2201834862	6	0.0183486239	40	0.122324159	60	0.1834862385	42	0.128440367	3	0.0091743119	3	0.0091743119	12	0.0366972477	1	0.003058104	34	0.1039755352	0	0	0	0	11.9800332779	1.7138776482	1.7995501125	1.1998000333	0.1499625094	0.0999833361	0.1428231373	0.6665555741	0.952154249	0.6998833528	0.2497918401
trent_reznor.txt.tkzd.12.txt	41	0.2515337423	5	0.0306748466	20	0.1226993865	34	0.2085889571	13	0.0797546012	1	0.0061349693	5	0.0306748466	8	0.0490797546	0	0	10	0.0613496933	1	0.0061349693	0	0	8.1836327345	3.1514219831	2.0489755122	1.205527786	0.2498750625	0.1470155837	0.384319754	0.5880623346	1.5372790161	0.3822405175	0.6242197253
trent_reznor.txt.tkzd.13.txt	31	0.1684782609	2	0.0108695652	32	0.1739130435	38	0.2065217391	7	0.0380434783	1	0.0054347826	5	0.027173913	14	0.0760869565	0	0	11	0.0597826087	0	0	0	0	15.4228855721	4.422253923	0.9684473602	0.8155748487	0.0624804749	0.0526177322	0.2853067047	0.8418837148	4.5649072753	0.1841620626	0.3568879372
trent_reznor.txt.tkzd.14.txt	52	0.2374429224	3	0.0136986301	8	0.0365296804	59	0.2694063927	15	0.0684931507	0	0	4	0.0182648402	22	0.100456621	0	0	8	0.0365296804	0	0	0	0	17.2757475083	3.4643570953	6.4918851436	0.8812065752	0.3745318352	0.0508388409	0.1998667555	0.1355702423	0.5329780147	0.2541942044	0.1817355747
trent_reznor.txt.tkzd.15.txt	57	0.2103321033	10	0.036900369	24	0.0885608856	42	0.1549815498	29	0.1070110701	17	0.0627306273	7	0.0258302583	20	0.073800738	0	0	30	0.110701107	0	0	0	0	5.6943056943	1.9648397104	2.3740108288	1.3568198048	0.4164931279	0.2380385622	0.3447087211	0.5712925494	0.8273009307	0.6903118305	0.3498250875
trent_reznor.txt.tkzd.16.txt	36	0.1614349776	6	0.0269058296	47	0.2107623318	35	0.1569506726	13	0.0582959641	0	0	10	0.0448430493	21	0.0941704036	1	0.0044843049	12	0.0538116592	0	0	0	0	5.9900166389	2.7671022291	0.7657945118	1.028277635	0.1276324186	0.1713796058	0.4611837048	1.342473579	3.6126056879	0.3713224793	0.4759638267
trent_reznor.txt.tkzd.17.txt	51	0.1655844156	4	0.012987013	49	0.1590909091	89	0.288961039	4	0.012987013	0	0	17	0.0551948052	15	0.0487012987	0	0	22	0.0714285714	0	0	0	0	12.7182044888	12.7182044888	1.0406039584	0.5729693293	0.0816159967	0.0449387709	0.9975062344	0.5504999438	12.2194513716	0.0449387709	1.1325782812
trent_reznor.txt.tkzd.18.txt	87	0.3152173913	7	0.0253623188	48	0.1739130435	48	0.1739130435	32	0.115942029	0	0	2	0.0072463768	5	0.018115942	0	0	4	0.0144927536	1	0.0036231884	0	0	12.4108416548	2.717900656	1.8121224745	1.8121224745	0.1458029577	0.1458029577	0.218681662	0.9997917101	1.4995313964	0.6665278067	0.3992015968
trent_reznor.txt.tkzd.19.txt	48	0.2060085837	12	0.0515021459	49	0.2103004292	36	0.1545064378	0	0	2	0.008583691	8	0.0343347639	15	0.0643776824	0	0	17	0.0729613734	10	0.0429184549	0	0	3.9966694421	4800	0.9793919608	1.3329630658	0.2448479902	0.3332407665	1200	1.3607331297	4900	0	0.5329780147
trent_reznor.txt.tkzd.2.txt	129	0.2632653061	23	0.0469387755	32	0.0653061224	73	0.1489795918	41	0.0836734694	8	0.0163265306	5	0.0102040816	31	0.0632653061	0	0	26	0.0530612245	0	0	0	0	5.6062581486	3.1455742502	4.0299906279	1.7668812491	0.7185254608	0.315025339	0.5608388198	0.4382961238	0.7802974884	0.5615669086	0.1612383102
trent_reznor.txt.tkzd.20.txt	57	0.2200772201	4	0.0154440154	36	0.138996139	40	0.1544401544	18	0.0694980695	9	0.0347490347	3	0.0115830116	16	0.0617760618	0	0	21	0.0810810811	0	0	0	0	14.2144638404	3.1649083842	1.5828936407	1.424643839	0.1110802555	0.0999750062	0.222098834	0.8997750562	1.9988895058	0.4498875281	0.1873828857
trent_reznor.txt.tkzd.21.txt	55	0.2330508475	10	0.0423728814	32	0.1355932203	63	0.2669491525	3	0.0127118644	2	0.0084745763	0	0	13	0.0550847458	0	0	14	0.0593220339	0	0	0	0	5.4945054945	18.2724252492	1.7182130584	0.8728773211	0.3124023743	0.1587049675	3.3222591362	0.5078558959	10.6312292359	0.0476114902	0
trent_reznor.txt.tkzd.22.txt	88	0.2451253482	15	0.0417827298	39	0.1086350975	73	0.2033426184	50	0.139275766	1	0.0027855153	2	0.0055710306	9	0.0250696379	0	0	21	0.0584958217	0	0	0	0	5.8627581612	1.7596480704	2.255831838	1.2053143405	0.3845167906	0.205451308	0.299940012	0.5341734009	0.7798440312	0.6848376935	0.2219755827
trent_reznor.txt.tkzd.23.txt	83	0.2237196766	6	0.0161725067	59	0.1590296496	70	0.1886792453	34	0.0916442049	11	0.0296495957	7	0.0188679245	21	0.0566037736	0	0	26	0.0700808625	1	0.0026954178	0	0	13.8103161398	2.4404586886	1.4065412642	1.1855449222	0.1016776817	0.0857020426	0.1764187004	0.8427367519	1.7347838871	0.4856449079	0.3331746787
trent_reznor.txt.tkzd.24.txt	131	0.2805139186	4	0.0085653105	51	0.1092077088	84	0.1798715203	46	0.0985010707	2	0.0042826552	5	0.0107066381	20	0.0428265525	2	0.0042826552	37	0.0792291221	2	0.0042826552	0	0	32.6683291771	2.8472071289	2.5681238973	1.559338174	0.0784159969	0.0476133794	0.0869376223	0.6070705868	1.1084546838	0.5475538626	0.2498750625
trent_reznor.txt.tkzd.25.txt	42	0.1463414634	6	0.0209059233	70	0.243902439	61	0.212543554	6	0.0209059233	0	0	17	0.0592334495	11	0.0383275261	0	0	13	0.0452961672	0	0	0	0	6.9883527454	6.9883527454	0.599914298	0.6884117358	0.0857020426	0.0983445337	0.9983361065	1.147352893	11.6472545757	0.0983445337	1.5440508629
trent_reznor.txt.tkzd.26.txt	1	0.0161290323	0	0	19	0.3064516129	20	0.3225806452	0	0	0	0	0	0	0	0	0	0	1	0.0161290323	0	0	0	0	100	100	0.0526038927	0.0499750125	0	0	0	0.9495252374	1900	0	0
trent_reznor.txt.tkzd.27.txt	22	0.1271676301	9	0.0520231214	48	0.2774566474	31	0.1791907514	10	0.0578034682	0	0	0	0	10	0.0578034682	0	0	9	0.0520231214	0	0	0	0	2.4417314095	2.1978021978	0.4582378671	0.709448565	0.1874609456	0.2902289584	0.8991008991	1.5478877781	4.7952047952	0.3224766204	0
trent_reznor.txt.tkzd.28.txt	10	0.125	6	0.075	22	0.275	6	0.075	4	0.05	0	0	0	0	9	0.1125	1	0.0125	7	0.0875	0	0	0	0	1.6638935108	2.493765586	0.4543389368	1.6638935108	0.2726033621	0.9983361065	1.4962593516	3.6605657238	5.4862842893	0.6655574043	0
trent_reznor.txt.tkzd.29.txt	43	0.2227979275	4	0.0207253886	35	0.1813471503	37	0.1917098446	11	0.0569948187	0	0	1	0.0051813472	13	0.067357513	0	0	16	0.0829015544	0	0	0	0	10.72319202	3.9055404178	1.2282205084	1.1618481492	0.1142530706	0.1080788976	0.3633060854	0.945690354	3.1789282471	0.2972169684	0.0768639508
trent_reznor.txt.tkzd.3.txt	61	0.2584745763	8	0.0338983051	47	0.1991525424	38	0.1610169492	14	0.0593220339	0	0	3	0.0127118644	10	0.0423728814	0	0	10	0.0423728814	0	0	0	0	7.6154806492	4.3540328337	1.2975962561	1.6048408314	0.1701765582	0.2104709287	0.5710206995	1.2365167061	3.3547466096	0.3683241252	0.2997002997
trent_reznor.txt.tkzd.30.txt	66	0.2185430464	5	0.0165562914	44	0.1456953642	62	0.2052980132	23	0.0761589404	5	0.0165562914	1	0.0033112583	24	0.0794701987	0	0	25	0.082781457	1	0.0033112583	0	0	13.1736526946	2.8683181226	1.4996591684	1.0643444606	0.1136105431	0.0806321561	0.2172968275	0.7095629737	1.9122120817	0.3709079181	0.0416493128
trent_reznor.txt.tkzd.31.txt	32	0.2237762238	4	0.027972028	26	0.1818181818	31	0.2167832168	2	0.013986014	0	0	1	0.006993007	12	0.0839160839	0	0	7	0.048951049	0	0	0	0	7.9800498753	15.92039801	1.23029604	1.0319251854	0.153787005	0.1289906482	1.9900497512	0.8384392132	12.9353233831	0.0644953241	0.0832639467
trent_reznor.txt.tkzd.32.txt	40	0.2234636872	3	0.0167597765	34	0.1899441341	28	0.156424581	6	0.0335195531	1	0.0055865922	0	0	12	0.0670391061	0	0	29	0.1620111732	0	0	0	0	13.2890365449	6.6555740433	1.1761246692	1.4280614066	0.0882093502	0.1071046055	0.4991680532	1.2138521956	5.6572379368	0.214209211	0
trent_reznor.txt.tkzd.33.txt	69	0.2041420118	10	0.0295857988	67	0.1982248521	76	0.224852071	10	0.0295857988	0	0	6	0.0177514793	15	0.0443786982	0	0	21	0.0621301775	0	0	0	0	6.8931068931	6.8931068931	1.0296970601	0.9077752927	0.149231458	0.1315616366	0.999000999	0.8814629654	6.6933066933	0.1315616366	0.399733511
trent_reznor.txt.tkzd.34.txt	49	0.270718232	2	0.0110497238	27	0.1491712707	23	0.1270718232	19	0.1049723757	0	0	2	0.0110497238	10	0.0552486188	0	0	13	0.0718232044	1	0.0055248619	0	0	24.3781094527	2.5775907417	1.81414291	2.1295089092	0.0740466494	0.086918731	0.1052077854	1.1734028683	1.4203051026	0.8257279444	0.1998001998
trent_reznor.txt.tkzd.35.txt	46	0.2628571429	5	0.0285714286	21	0.12	44	0.2514285714	12	0.0685714286	0	0	2	0.0114285714	12	0.0685714286	1	0.0057142857	6	0.0342857143	0	0	0	0	9.1816367266	3.8301415487	2.1894336031	1.0452169961	0.2379819134	0.1136105431	0.4163197336	0.4771642808	1.7485428809	0.2726653033	0.1665278934
trent_reznor.txt.tkzd.36.txt	59	0.2277992278	6	0.0231660232	18	0.0694980695	69	0.2664092664	26	0.1003861004	0	0	4	0.0154440154	12	0.0463320463	0	0	7	0.027027027	0	0	0	0	9.8169717138	2.2683583237	3.2759578012	0.8549485582	0.333148251	0.0869439212	0.2306805075	0.2608317635	0.6920415225	0.3767569917	0.3330557868
trent_reznor.txt.tkzd.37.txt	63	0.2164948454	9	0.0309278351	47	0.1615120275	43	0.147766323	21	0.0721649485	1	0.0034364261	11	0.0378006873	27	0.0927835052	2	0.0068728522	24	0.0824742268	1	0.0034364261	0	0	6.9922308546	2.9985721085	1.3401403957	1.4647756336	0.191448628	0.2092536619	0.4283674441	1.0927691235	2.2370299857	0.4882585445	0.4072565716
trent_reznor.txt.tkzd.38.txt	62	0.2440944882	4	0.0157480315	32	0.125984252	49	0.1929133858	25	0.0984251969	0	0	8	0.031496063	14	0.0551181102	0	0	11	0.0433070866	2	0.0078740157	0	0	15.4613466334	2.4790083966	1.9368947204	1.2650479494	0.1249609497	0.0816159967	0.1599360256	0.6529279739	1.2794882047	0.5100999796	0.5710206995
trent_reznor.txt.tkzd.39.txt	46	0.2254901961	2	0.0098039216	34	0.1666666667	36	0.1764705882	16	0.0784313725	2	0.0098039216	5	0.0245098039	3	0.0147058824	0	0	11	0.0539215686	0	0	0	0	22.8855721393	2.8732042474	1.3525433696	1.2774229381	0.0588062335	0.0555401277	0.1249219238	0.9441821716	2.1236727046	0.4443210219	1.6611295681
trent_reznor.txt.tkzd.4.txt	55	0.2391304348	10	0.0434782609	24	0.1043478261	46	0.2	13	0.0565217391	12	0.052173913	3	0.0130434783	10	0.0434782609	0	0	10	0.0434782609	0	0	0	0	5.4945054945	4.2275172944	2.2907122033	1.195392306	0.4164931279	0.2173440556	0.7686395081	0.5216257335	1.8447348194	0.2825472723	0.2997002997
trent_reznor.txt.tkzd.40.txt	98	0.2378640777	15	0.036407767	59	0.1432038835	60	0.145631068	43	0.104368932	0	0	16	0.0388349515	23	0.0558252427	0	0	25	0.0606796117	0	0	0	0	6.5289806796	2.2785398745	1.6607354686	1.6330611565	0.2541942044	0.2499583403	0.3487561032	0.9831694718	1.3717740061	0.7165472421	0.6953498479
trent_reznor.txt.tkzd.41.txt	59	0.2209737828	12	0.0449438202	44	0.1647940075	37	0.138576779	9	0.0337078652	1	0.0037453184	3	0.0112359551	22	0.0823970037	0	0	24	0.0898876404	3	0.0112359551	0	0	4.912572856	6.5482796892	1.3406044081	1.5941637395	0.2726653033	0.3242366928	1.3318534961	1.1888678736	4.8834628191	0.2431775196	0.1363016811
trent_reznor.txt.tkzd.42.txt	15	0.1293103448	3	0.025862069	22	0.1896551724	19	0.1637931034	12	0.1034482759	0	0	0	0	6	0.0517241379	0	0	5	0.0431034483	0	0	0	0	4.9833887043	1.2489592007	0.6815084053	0.7890583903	0.1363016811	0.1578116781	0.2497918401	1.1572856391	1.8318068276	0.6312467123	0
trent_reznor.txt.tkzd.43.txt	32	0.2253521127	4	0.0281690141	29	0.2042253521	25	0.176056338	7	0.0492957746	1	0.0070422535	0	0	12	0.0845070423	0	0	8	0.0563380282	0	0	0	0	7.9800498753	4.5649072753	1.1030679076	1.2794882047	0.1378834885	0.1599360256	0.5706134094	1.1595361855	4.1369472183	0.2798880448	0
trent_reznor.txt.tkzd.44.txt	41	0.2135416667	14	0.0729166667	23	0.1197916667	30	0.15625	6	0.03125	2	0.0104166667	6	0.03125	20	0.1041666667	0	0	22	0.1145833333	0	0	0	0	2.9264810849	6.8219633943	1.7818339852	1.3662112629	0.6084311169	0.4665111629	2.3294509151	0.7664111963	3.8269550749	0.1999333555	0.299850075
trent_reznor.txt.tkzd.45.txt	83	0.2305555556	5	0.0138888889	42	0.1166666667	49	0.1361111111	29	0.0805555556	2	0.0055555556	26	0.0722222222	37	0.1027777778	1	0.0027777778	27	0.075	0	0	0	0	16.5668662675	2.8610823854	1.9757200667	1.6935319323	0.1190192811	0.1020199959	0.1723543606	0.8569679657	1.4477766288	0.5917159763	0.7025128344
trent_reznor.txt.tkzd.5.txt	37	0.1581196581	20	0.0854700855	24	0.1025641026	43	0.1837606838	29	0.1239316239	1	0.0042735043	5	0.0213675214	9	0.0384615385	0	0	16	0.0683760684	0	0	0	0	1.8490754623	1.2754222682	1.5410245731	0.8602650546	0.8329862557	0.4650081376	0.6894174423	0.5580097652	0.8273009307	0.6742617996	0.5549389567
trent_reznor.txt.tkzd.6.txt	47	0.2052401747	16	0.0698689956	37	0.1615720524	34	0.1484716157	17	0.0742358079	1	0.0043668122	0	0	19	0.0829694323	0	0	17	0.0742358079	0	0	0	0	2.9356652092	2.7630805409	1.2699270467	1.3819464863	0.4323155904	0.4704498677	0.9406231628	1.087915319	2.1751910641	0.4998529844	0
trent_reznor.txt.tkzd.7.txt	76	0.1796690307	8	0.0189125296	71	0.1678486998	80	0.1891252955	37	0.0874704492	0	0	0	0	48	0.1134751773	3	0.0070921986	36	0.085106383	0	0	0	0	9.4881398252	2.0534990543	1.0702717927	0.9498812648	0.1126601887	0.0999875016	0.2161577952	0.8873890764	1.9184004323	0.4624421947	0
trent_reznor.txt.tkzd.8.txt	62	0.2206405694	18	0.0640569395	44	0.1565836299	54	0.1921708185	17	0.0604982206	1	0.0035587189	3	0.0106761566	12	0.0427046263	0	0	9	0.0320284698	1	0.0035587189	0	0	3.4425319267	3.644914756	1.4087707339	1.1479355675	0.408997955	0.3332716164	1.0582010582	0.8146639511	2.5867136978	0.3147565266	0.2497918401
trent_reznor.txt.tkzd.9.txt	73	0.1910994764	7	0.0183246073	36	0.0942408377	82	0.2146596859	52	0.1361256545	7	0.0183246073	12	0.0314136126	34	0.0890052356	0	0	14	0.0366492147	0	0	0	0	10.4136947218	1.4035762353	2.0272146626	0.8901353493	0.1943904471	0.0853554445	0.134589502	0.4389708572	0.6921745818	0.634069016	0.3528374008
